SourceZip,SourceZipFilename,EntryPath,ExtractedPath,EntrySize,EntryModified,ExtractedStatus
C:\Users\thoma\Documents\Cyber Crimes Tools\Takeout Zips\takeout-20260602T071913Z-11-024.zip,takeout-20260602T071913Z-11-024.zip,Takeout/Drive/Unorganized/Benjamin born May 2 2011 (7).MOV,C:\Users\thoma\Documents\Cyber Crimes Tools\Takeout Extracted\Takeout\Drive\Unorganized\Benjamin born May 2 2011 (7).MOV,261952167,2013-03-01 04:00:54,SkipLargeMediaEvenIfNamed
C:\Users\thoma\Documents\Cyber Crimes Tools\Takeout Zips\takeout-20260602T071913Z-11-024.zip,takeout-20260602T071913Z-11-024.zip,Takeout/Drive/Unorganized/228_1946.MOV,C:\Users\thoma\Documents\Cyber Crimes Tools\Takeout Extracted\Takeout\Drive\Unorganized\228_1946.MOV,135288060,2013-03-01 00:55:54,SkipLargeMediaEvenIfNamed
C:\Users\thoma\Documents\Cyber Crimes Tools\Takeout Zips\takeout-20260602T071913Z-11-024.zip,takeout-20260602T071913Z-11-024.zip,Takeout/Drive/Unorganized/228_1938.MOV,C:\Users\thoma\Documents\Cyber Crimes Tools\Takeout Extracted\Takeout\Drive\Unorganized\228_1938.MOV,192386339,2013-03-01 00:48:58,SkipLargeMediaEvenIfNamed
C:\Users\thoma\Documents\Cyber Crimes Tools\Takeout Zips\takeout-20260602T071913Z-11-024.zip,takeout-20260602T071913Z-11-024.zip,Takeout/Drive/Unorganized/222_1905.JPG,C:\Users\thoma\Documents\Cyber Crimes Tools\Takeout Extracted\Takeout\Drive\Unorganized\222_1905.JPG,1626836,2013-03-01 00:38:00,ExtractNamedRelevant
C:\Users\thoma\Documents\Cyber Crimes Tools\Takeout Zips\takeout-20260602T071913Z-11-024.zip,takeout-20260602T071913Z-11-024.zip,Takeout/Drive/Unorganized/222_1903.JPG,C:\Users\thoma\Documents\Cyber Crimes Tools\Takeout Extracted\Takeout\Drive\Unorganized\222_1903.JPG,1634311,2013-03-01 00:37:46,ExtractNamedRelevant
C:\Users\thoma\Documents\Cyber Crimes Tools\Takeout Zips\takeout-20260602T071913Z-11-024.zip,takeout-20260602T071913Z-11-024.zip,Takeout/Drive/Unorganized/222_1902.JPG,C:\Users\thoma\Documents\Cyber Crimes Tools\Takeout Extracted\Takeout\Drive\Unorganized\222_1902.JPG,1672646,2013-03-01 00:37:40,ExtractNamedRelevant
C:\Users\thoma\Documents\Cyber Crimes Tools\Takeout Zips\takeout-20260602T071913Z-11-024.zip,takeout-20260602T071913Z-11-024.zip,Takeout/Drive/Unorganized/218_1827.JPG,C:\Users\thoma\Documents\Cyber Crimes Tools\Takeout Extracted\Takeout\Drive\Unorganized\218_1827.JPG,1261816,2013-03-01 00:09:30,ExtractNamedRelevant
C:\Users\thoma\Documents\Cyber Crimes Tools\Takeout Zips\takeout-20260602T071913Z-11-024.zip,takeout-20260602T071913Z-11-024.zip,Takeout/Drive/Unorganized/218_1824.JPG,C:\Users\thoma\Documents\Cyber Crimes Tools\Takeout Extracted\Takeout\Drive\Unorganized\218_1824.JPG,1783328,2013-03-01 00:09:08,ExtractNamedRelevant
C:\Users\thoma\Documents\Cyber Crimes Tools\Takeout Zips\takeout-20260602T071913Z-11-024.zip,takeout-20260602T071913Z-11-024.zip,Takeout/Drive/Unorganized/221_1853.MOV,C:\Users\thoma\Documents\Cyber Crimes Tools\Takeout Extracted\Takeout\Drive\Unorganized\221_1853.MOV,169542070,2013-03-01 00:37:26,SkipLargeMediaEvenIfNamed
C:\Users\thoma\Documents\Cyber Crimes Tools\Takeout Zips\takeout-20260602T071913Z-11-024.zip,takeout-20260602T071913Z-11-024.zip,Takeout/Drive/Unorganized/221_1852.JPG,C:\Users\thoma\Documents\Cyber Crimes Tools\Takeout Extracted\Takeout\Drive\Unorganized\221_1852.JPG,927530,2013-03-01 00:29:18,ExtractNamedRelevant
C:\Users\thoma\Documents\Cyber Crimes Tools\Takeout Zips\takeout-20260602T071913Z-11-024.zip,takeout-20260602T071913Z-11-024.zip,Takeout/Drive/Unorganized/218_1839.MOV,C:\Users\thoma\Documents\Cyber Crimes Tools\Takeout Extracted\Takeout\Drive\Unorganized\218_1839.MOV,195951963,2013-03-01 00:19:52,SkipLargeMediaEvenIfNamed
C:\Users\thoma\Documents\Cyber Crimes Tools\Takeout Zips\takeout-20260602T071913Z-11-024.zip,takeout-20260602T071913Z-11-024.zip,Takeout/Drive/Unorganized/221_1848.MOV,C:\Users\thoma\Documents\Cyber Crimes Tools\Takeout Extracted\Takeout\Drive\Unorganized\221_1848.MOV,100445324,2013-03-01 00:24:52,SkipLargeMediaEvenIfNamed
C:\Users\thoma\Documents\Cyber Crimes Tools\Takeout Zips\takeout-20260602T071913Z-11-024.zip,takeout-20260602T071913Z-11-024.zip,Takeout/Drive/Unorganized/221_1845.JPG,C:\Users\thoma\Documents\Cyber Crimes Tools\Takeout Extracted\Takeout\Drive\Unorganized\221_1845.JPG,889616,2013-03-01 00:19:56,ExtractNamedRelevant
C:\Users\thoma\Documents\Cyber Crimes Tools\Takeout Zips\takeout-20260602T071913Z-11-024.zip,takeout-20260602T071913Z-11-024.zip,Takeout/Drive/Unorganized/221_1847.JPG,C:\Users\thoma\Documents\Cyber Crimes Tools\Takeout Extracted\Takeout\Drive\Unorganized\221_1847.JPG,873452,2013-03-01 00:20:04,ExtractNamedRelevant
C:\Users\thoma\Documents\Cyber Crimes Tools\Takeout Zips\takeout-20260602T071913Z-11-024.zip,takeout-20260602T071913Z-11-024.zip,Takeout/Drive/Unorganized/221_1849.MOV,C:\Users\thoma\Documents\Cyber Crimes Tools\Takeout Extracted\Takeout\Drive\Unorganized\221_1849.MOV,76615829,2013-03-01 00:28:34,SkipLargeMediaEvenIfNamed
C:\Users\thoma\Documents\Cyber Crimes Tools\Takeout Zips\takeout-20260602T071913Z-11-024.zip,takeout-20260602T071913Z-11-024.zip,Takeout/Drive/Unorganized/214_1717.JPG,C:\Users\thoma\Documents\Cyber Crimes Tools\Takeout Extracted\Takeout\Drive\Unorganized\214_1717.JPG,1978959,2013-03-01 00:06:30,ExtractNamedRelevant
C:\Users\thoma\Documents\Cyber Crimes Tools\Takeout Zips\takeout-20260602T071913Z-11-024.zip,takeout-20260602T071913Z-11-024.zip,Takeout/Drive/Unorganized/221_1846.JPG,C:\Users\thoma\Documents\Cyber Crimes Tools\Takeout Extracted\Takeout\Drive\Unorganized\221_1846.JPG,950100,2013-03-01 00:20:00,ExtractNamedRelevant
C:\Users\thoma\Documents\Cyber Crimes Tools\Takeout Zips\takeout-20260602T071913Z-11-024.zip,takeout-20260602T071913Z-11-024.zip,Takeout/Drive/Unorganized/218_1838.JPG,C:\Users\thoma\Documents\Cyber Crimes Tools\Takeout Extracted\Takeout\Drive\Unorganized\218_1838.JPG,1191711,2013-03-01 00:10:22,ExtractNamedRelevant
C:\Users\thoma\Documents\Cyber Crimes Tools\Takeout Zips\takeout-20260602T071913Z-11-024.zip,takeout-20260602T071913Z-11-024.zip,Takeout/Drive/Unorganized/221_1850.MOV,C:\Users\thoma\Documents\Cyber Crimes Tools\Takeout Extracted\Takeout\Drive\Unorganized\221_1850.MOV,14300010,2013-03-01 00:29:14,ExtractNamedRelevant
C:\Users\thoma\Documents\Cyber Crimes Tools\Takeout Zips\takeout-20260602T071913Z-11-024.zip,takeout-20260602T071913Z-11-024.zip,Takeout/Drive/Unorganized/218_1833.JPG,C:\Users\thoma\Documents\Cyber Crimes Tools\Takeout Extracted\Takeout\Drive\Unorganized\218_1833.JPG,1128587,2013-03-01 00:10:02,ExtractNamedRelevant
C:\Users\thoma\Documents\Cyber Crimes Tools\Takeout Zips\takeout-20260602T071913Z-11-024.zip,takeout-20260602T071913Z-11-024.zip,Takeout/Drive/Unorganized/218_1831.JPG,C:\Users\thoma\Documents\Cyber Crimes Tools\Takeout Extracted\Takeout\Drive\Unorganized\218_1831.JPG,1089715,2013-03-01 00:09:52,ExtractNamedRelevant
C:\Users\thoma\Documents\Cyber Crimes Tools\Takeout Zips\takeout-20260602T071913Z-11-024.zip,takeout-20260602T071913Z-11-024.zip,Takeout/Drive/Unorganized/218_1832.JPG,C:\Users\thoma\Documents\Cyber Crimes Tools\Takeout Extracted\Takeout\Drive\Unorganized\218_1832.JPG,1126372,2013-03-01 00:09:56,ExtractNamedRelevant
C:\Users\thoma\Documents\Cyber Crimes Tools\Takeout Zips\takeout-20260602T071913Z-11-024.zip,takeout-20260602T071913Z-11-024.zip,Takeout/Drive/Unorganized/218_1837.JPG,C:\Users\thoma\Documents\Cyber Crimes Tools\Takeout Extracted\Takeout\Drive\Unorganized\218_1837.JPG,1087215,2013-03-01 00:10:16,ExtractNamedRelevant
C:\Users\thoma\Documents\Cyber Crimes Tools\Takeout Zips\takeout-20260602T071913Z-11-024.zip,takeout-20260602T071913Z-11-024.zip,Takeout/Drive/Unorganized/218_1835.JPG,C:\Users\thoma\Documents\Cyber Crimes Tools\Takeout Extracted\Takeout\Drive\Unorganized\218_1835.JPG,1477817,2013-03-01 00:10:12,ExtractNamedRelevant
C:\Users\thoma\Documents\Cyber Crimes Tools\Takeout Zips\takeout-20260602T071913Z-11-024.zip,takeout-20260602T071913Z-11-024.zip,Takeout/Drive/Unorganized/218_1829.JPG,C:\Users\thoma\Documents\Cyber Crimes Tools\Takeout Extracted\Takeout\Drive\Unorganized\218_1829.JPG,1803392,2013-03-01 00:09:42,ExtractNamedRelevant
C:\Users\thoma\Documents\Cyber Crimes Tools\Takeout Zips\takeout-20260602T071913Z-11-024.zip,takeout-20260602T071913Z-11-024.zip,Takeout/Drive/Unorganized/218_1826.JPG,C:\Users\thoma\Documents\Cyber Crimes Tools\Takeout Extracted\Takeout\Drive\Unorganized\218_1826.JPG,1372980,2013-03-01 00:09:20,ExtractNamedRelevant
C:\Users\thoma\Documents\Cyber Crimes Tools\Takeout Zips\takeout-20260602T071913Z-11-024.zip,takeout-20260602T071913Z-11-024.zip,Takeout/Drive/Unorganized/218_1830.JPG,C:\Users\thoma\Documents\Cyber Crimes Tools\Takeout Extracted\Takeout\Drive\Unorganized\218_1830.JPG,1084319,2013-03-01 00:09:48,ExtractNamedRelevant
C:\Users\thoma\Documents\Cyber Crimes Tools\Takeout Zips\takeout-20260602T071913Z-11-024.zip,takeout-20260602T071913Z-11-024.zip,Takeout/Drive/Unorganized/218_1828.JPG,C:\Users\thoma\Documents\Cyber Crimes Tools\Takeout Extracted\Takeout\Drive\Unorganized\218_1828.JPG,1253427,2013-03-01 00:09:36,ExtractNamedRelevant
C:\Users\thoma\Documents\Cyber Crimes Tools\Takeout Zips\takeout-20260602T071913Z-11-024.zip,takeout-20260602T071913Z-11-024.zip,Takeout/Drive/Unorganized/218_1834.JPG,C:\Users\thoma\Documents\Cyber Crimes Tools\Takeout Extracted\Takeout\Drive\Unorganized\218_1834.JPG,1090224,2013-03-01 00:10:06,ExtractNamedRelevant
C:\Users\thoma\Documents\Cyber Crimes Tools\Takeout Zips\takeout-20260602T071913Z-11-024.zip,takeout-20260602T071913Z-11-024.zip,Takeout/Drive/Unorganized/218_1825.JPG,C:\Users\thoma\Documents\Cyber Crimes Tools\Takeout Extracted\Takeout\Drive\Unorganized\218_1825.JPG,1745434,2013-03-01 00:09:14,ExtractNamedRelevant
C:\Users\thoma\Documents\Cyber Crimes Tools\Takeout Zips\takeout-20260602T071913Z-11-024.zip,takeout-20260602T071913Z-11-024.zip,Takeout/Drive/Unorganized/214_1725.MOV,C:\Users\thoma\Documents\Cyber Crimes Tools\Takeout Extracted\Takeout\Drive\Unorganized\214_1725.MOV,24008894,2013-03-01 00:08:54,ExtractNamedRelevant
C:\Users\thoma\Documents\Cyber Crimes Tools\Takeout Zips\takeout-20260602T071913Z-11-024.zip,takeout-20260602T071913Z-11-024.zip,Takeout/Drive/Unorganized/218_1823.JPG,C:\Users\thoma\Documents\Cyber Crimes Tools\Takeout Extracted\Takeout\Drive\Unorganized\218_1823.JPG,1702651,2013-03-01 00:09:00,ExtractNamedRelevant
C:\Users\thoma\Documents\Cyber Crimes Tools\Takeout Zips\takeout-20260602T071913Z-11-024.zip,takeout-20260602T071913Z-11-024.zip,Takeout/Drive/Unorganized/212_1649.JPG,C:\Users\thoma\Documents\Cyber Crimes Tools\Takeout Extracted\Takeout\Drive\Unorganized\212_1649.JPG,1251758,2013-02-28 23:58:28,ExtractNamedRelevant
C:\Users\thoma\Documents\Cyber Crimes Tools\Takeout Zips\takeout-20260602T071913Z-11-024.zip,takeout-20260602T071913Z-11-024.zip,Takeout/Drive/Unorganized/214_1724.MOV,C:\Users\thoma\Documents\Cyber Crimes Tools\Takeout Extracted\Takeout\Drive\Unorganized\214_1724.MOV,21797915,2013-03-01 00:07:44,ExtractNamedRelevant
C:\Users\thoma\Documents\Cyber Crimes Tools\Takeout Zips\takeout-20260602T071913Z-11-024.zip,takeout-20260602T071913Z-11-024.zip,Takeout/Drive/Unorganized/214_1714.JPG,C:\Users\thoma\Documents\Cyber Crimes Tools\Takeout Extracted\Takeout\Drive\Unorganized\214_1714.JPG,2101991,2013-03-01 00:06:10,ExtractNamedRelevant
C:\Users\thoma\Documents\Cyber Crimes Tools\Takeout Zips\takeout-20260602T071913Z-11-024.zip,takeout-20260602T071913Z-11-024.zip,Takeout/Drive/Unorganized/214_1718.JPG,C:\Users\thoma\Documents\Cyber Crimes Tools\Takeout Extracted\Takeout\Drive\Unorganized\214_1718.JPG,1832735,2013-03-01 00:06:38,ExtractNamedRelevant
C:\Users\thoma\Documents\Cyber Crimes Tools\Takeout Zips\takeout-20260602T071913Z-11-024.zip,takeout-20260602T071913Z-11-024.zip,Takeout/Drive/Unorganized/214_1712.JPG,C:\Users\thoma\Documents\Cyber Crimes Tools\Takeout Extracted\Takeout\Drive\Unorganized\214_1712.JPG,1768534,2013-03-01 00:05:54,ExtractNamedRelevant
C:\Users\thoma\Documents\Cyber Crimes Tools\Takeout Zips\takeout-20260602T071913Z-11-024.zip,takeout-20260602T071913Z-11-024.zip,Takeout/Drive/Unorganized/214_1715.JPG,C:\Users\thoma\Documents\Cyber Crimes Tools\Takeout Extracted\Takeout\Drive\Unorganized\214_1715.JPG,1585648,2013-03-01 00:06:16,ExtractNamedRelevant
C:\Users\thoma\Documents\Cyber Crimes Tools\Takeout Zips\takeout-20260602T071913Z-11-024.zip,takeout-20260602T071913Z-11-024.zip,Takeout/Drive/Unorganized/214_1713.JPG,C:\Users\thoma\Documents\Cyber Crimes Tools\Takeout Extracted\Takeout\Drive\Unorganized\214_1713.JPG,1684931,2013-03-01 00:06:02,ExtractNamedRelevant
C:\Users\thoma\Documents\Cyber Crimes Tools\Takeout Zips\takeout-20260602T071913Z-11-024.zip,takeout-20260602T071913Z-11-024.zip,Takeout/Drive/Unorganized/214_1716.JPG,C:\Users\thoma\Documents\Cyber Crimes Tools\Takeout Extracted\Takeout\Drive\Unorganized\214_1716.JPG,1985487,2013-03-01 00:06:24,ExtractNamedRelevant
C:\Users\thoma\Documents\Cyber Crimes Tools\Takeout Zips\takeout-20260602T071913Z-11-024.zip,takeout-20260602T071913Z-11-024.zip,Takeout/Drive/Unorganized/214_1704.JPG,C:\Users\thoma\Documents\Cyber Crimes Tools\Takeout Extracted\Takeout\Drive\Unorganized\214_1704.JPG,896915,2013-02-28 23:58:58,ExtractNamedRelevant
C:\Users\thoma\Documents\Cyber Crimes Tools\Takeout Zips\takeout-20260602T071913Z-11-024.zip,takeout-20260602T071913Z-11-024.zip,Takeout/Drive/Unorganized/214_1710.MOV,C:\Users\thoma\Documents\Cyber Crimes Tools\Takeout Extracted\Takeout\Drive\Unorganized\214_1710.MOV,141733154,2013-03-01 00:05:48,SkipLargeMediaEvenIfNamed
C:\Users\thoma\Documents\Cyber Crimes Tools\Takeout Zips\takeout-20260602T071913Z-11-024.zip,takeout-20260602T071913Z-11-024.zip,Takeout/Drive/Unorganized/214_1703.JPG,C:\Users\thoma\Documents\Cyber Crimes Tools\Takeout Extracted\Takeout\Drive\Unorganized\214_1703.JPG,1067183,2013-02-28 23:58:54,ExtractNamedRelevant
C:\Users\thoma\Documents\Cyber Crimes Tools\Takeout Zips\takeout-20260602T071913Z-11-024.zip,takeout-20260602T071913Z-11-024.zip,Takeout/Drive/Unorganized/214_1702.JPG,C:\Users\thoma\Documents\Cyber Crimes Tools\Takeout Extracted\Takeout\Drive\Unorganized\214_1702.JPG,1016972,2013-02-28 23:58:50,ExtractNamedRelevant
C:\Users\thoma\Documents\Cyber Crimes Tools\Takeout Zips\takeout-20260602T071913Z-11-024.zip,takeout-20260602T071913Z-11-024.zip,Takeout/Drive/Unorganized/212_1650.JPG,C:\Users\thoma\Documents\Cyber Crimes Tools\Takeout Extracted\Takeout\Drive\Unorganized\212_1650.JPG,1065451,2013-02-28 23:58:32,ExtractNamedRelevant
C:\Users\thoma\Documents\Cyber Crimes Tools\Takeout Zips\takeout-20260602T071913Z-11-024.zip,takeout-20260602T071913Z-11-024.zip,Takeout/Drive/Unorganized/214_1700.JPG,C:\Users\thoma\Documents\Cyber Crimes Tools\Takeout Extracted\Takeout\Drive\Unorganized\214_1700.JPG,1132441,2013-02-28 23:58:42,ExtractNamedRelevant
C:\Users\thoma\Documents\Cyber Crimes Tools\Takeout Zips\takeout-20260602T071913Z-11-024.zip,takeout-20260602T071913Z-11-024.zip,Takeout/Drive/Unorganized/214_1699.JPG,C:\Users\thoma\Documents\Cyber Crimes Tools\Takeout Extracted\Takeout\Drive\Unorganized\214_1699.JPG,1118221,2013-02-28 23:58:36,ExtractNamedRelevant
C:\Users\thoma\Documents\Cyber Crimes Tools\Takeout Zips\takeout-20260602T071913Z-11-024.zip,takeout-20260602T071913Z-11-024.zip,Takeout/Drive/Unorganized/214_1701.JPG,C:\Users\thoma\Documents\Cyber Crimes Tools\Takeout Extracted\Takeout\Drive\Unorganized\214_1701.JPG,1088029,2013-02-28 23:58:46,ExtractNamedRelevant
C:\Users\thoma\Documents\Cyber Crimes Tools\Takeout Zips\takeout-20260602T071913Z-11-024.zip,takeout-20260602T071913Z-11-024.zip,Takeout/Drive/Unorganized/212_1643.JPG,C:\Users\thoma\Documents\Cyber Crimes Tools\Takeout Extracted\Takeout\Drive\Unorganized\212_1643.JPG,1420615,2013-02-28 23:58:22,ExtractNamedRelevant
C:\Users\thoma\Documents\Cyber Crimes Tools\Takeout Zips\takeout-20260602T071913Z-11-024.zip,takeout-20260602T071913Z-11-024.zip,Takeout/Drive/Unorganized/212_1636.JPG,C:\Users\thoma\Documents\Cyber Crimes Tools\Takeout Extracted\Takeout\Drive\Unorganized\212_1636.JPG,2521751,2013-02-28 23:57:56,ExtractNamedRelevant
C:\Users\thoma\Documents\Cyber Crimes Tools\Takeout Zips\takeout-20260602T071913Z-11-024.zip,takeout-20260602T071913Z-11-024.zip,Takeout/Drive/Unorganized/212_1635.JPG,C:\Users\thoma\Documents\Cyber Crimes Tools\Takeout Extracted\Takeout\Drive\Unorganized\212_1635.JPG,2263200,2013-02-28 23:57:46,ExtractNamedRelevant
C:\Users\thoma\Documents\Cyber Crimes Tools\Takeout Zips\takeout-20260602T071913Z-11-024.zip,takeout-20260602T071913Z-11-024.zip,Takeout/Drive/Unorganized/212_1638.JPG,C:\Users\thoma\Documents\Cyber Crimes Tools\Takeout Extracted\Takeout\Drive\Unorganized\212_1638.JPG,1810791,2013-02-28 23:58:02,ExtractNamedRelevant
C:\Users\thoma\Documents\Cyber Crimes Tools\Takeout Zips\takeout-20260602T071913Z-11-024.zip,takeout-20260602T071913Z-11-024.zip,Takeout/Drive/Unorganized/212_1641.JPG,C:\Users\thoma\Documents\Cyber Crimes Tools\Takeout Extracted\Takeout\Drive\Unorganized\212_1641.JPG,1698622,2013-02-28 23:58:16,ExtractNamedRelevant
C:\Users\thoma\Documents\Cyber Crimes Tools\Takeout Zips\takeout-20260602T071913Z-11-024.zip,takeout-20260602T071913Z-11-024.zip,Takeout/Drive/Unorganized/239_2287.JPG,C:\Users\thoma\Documents\Cyber Crimes Tools\Takeout Extracted\Takeout\Drive\Unorganized\239_2287.JPG,1351515,2013-03-01 01:36:50,ExtractNamedRelevant
C:\Users\thoma\Documents\Cyber Crimes Tools\Takeout Zips\takeout-20260602T071913Z-11-024.zip,takeout-20260602T071913Z-11-024.zip,Takeout/Drive/Unorganized/212_1632.JPG,C:\Users\thoma\Documents\Cyber Crimes Tools\Takeout Extracted\Takeout\Drive\Unorganized\212_1632.JPG,2340319,2013-02-28 23:57:22,ExtractNamedRelevant
C:\Users\thoma\Documents\Cyber Crimes Tools\Takeout Zips\takeout-20260602T071913Z-11-024.zip,takeout-20260602T071913Z-11-024.zip,Takeout/Drive/Unorganized/212_1639.JPG,C:\Users\thoma\Documents\Cyber Crimes Tools\Takeout Extracted\Takeout\Drive\Unorganized\212_1639.JPG,2300423,2013-02-28 23:58:10,ExtractNamedRelevant
C:\Users\thoma\Documents\Cyber Crimes Tools\Takeout Zips\takeout-20260602T071913Z-11-024.zip,takeout-20260602T071913Z-11-024.zip,Takeout/Drive/Unorganized/212_1634.JPG,C:\Users\thoma\Documents\Cyber Crimes Tools\Takeout Extracted\Takeout\Drive\Unorganized\212_1634.JPG,2478634,2013-02-28 23:57:38,ExtractNamedRelevant
C:\Users\thoma\Documents\Cyber Crimes Tools\Takeout Zips\takeout-20260602T071913Z-11-024.zip,takeout-20260602T071913Z-11-024.zip,Takeout/Drive/Unorganized/239_2291.JPG,C:\Users\thoma\Documents\Cyber Crimes Tools\Takeout Extracted\Takeout\Drive\Unorganized\239_2291.JPG,1224558,2013-03-01 01:36:54,ExtractNamedRelevant
C:\Users\thoma\Documents\Cyber Crimes Tools\Takeout Zips\takeout-20260602T071913Z-11-024.zip,takeout-20260602T071913Z-11-024.zip,Takeout/Drive/Unorganized/239_2282.JPG,C:\Users\thoma\Documents\Cyber Crimes Tools\Takeout Extracted\Takeout\Drive\Unorganized\239_2282.JPG,1393061,2013-03-01 01:36:44,ExtractNamedRelevant
C:\Users\thoma\Documents\Cyber Crimes Tools\Takeout Zips\takeout-20260602T071913Z-11-024.zip,takeout-20260602T071913Z-11-024.zip,Takeout/Drive/Unorganized/212_1633.JPG,C:\Users\thoma\Documents\Cyber Crimes Tools\Takeout Extracted\Takeout\Drive\Unorganized\212_1633.JPG,2165820,2013-02-28 23:57:30,ExtractNamedRelevant
C:\Users\thoma\Documents\Cyber Crimes Tools\Takeout Zips\takeout-20260602T071913Z-11-024.zip,takeout-20260602T071913Z-11-024.zip,Takeout/Drive/Unorganized/207_1614.MOV,C:\Users\thoma\Documents\Cyber Crimes Tools\Takeout Extracted\Takeout\Drive\Unorganized\207_1614.MOV,82691466,2013-02-28 23:57:14,SkipLargeMediaEvenIfNamed
C:\Users\thoma\Documents\Cyber Crimes Tools\Takeout Zips\takeout-20260602T071913Z-11-024.zip,takeout-20260602T071913Z-11-024.zip,Takeout/Drive/Unorganized/Elijah and Micah argue-Feb 2011.MOV,C:\Users\thoma\Documents\Cyber Crimes Tools\Takeout Extracted\Takeout\Drive\Unorganized\Elijah and Micah argue-Feb 2011.MOV,39108042,2013-03-01 07:06:08,SkipLargeMediaEvenIfNamed
C:\Users\thoma\Documents\Cyber Crimes Tools\Takeout Zips\takeout-20260602T071913Z-11-024.zip,takeout-20260602T071913Z-11-024.zip,Takeout/Drive/Unorganized/IMG_3550.jpg,C:\Users\thoma\Documents\Cyber Crimes Tools\Takeout Extracted\Takeout\Drive\Unorganized\IMG_3550.jpg,1005443,2013-03-01 02:50:42,ExtractNamedRelevant
C:\Users\thoma\Documents\Cyber Crimes Tools\Takeout Zips\takeout-20260602T071913Z-11-024.zip,takeout-20260602T071913Z-11-024.zip,Takeout/Drive/Unorganized/238_2260.MOV,C:\Users\thoma\Documents\Cyber Crimes Tools\Takeout Extracted\Takeout\Drive\Unorganized\238_2260.MOV,1644913,2013-03-01 01:36:10,ExtractNamedRelevant
C:\Users\thoma\Documents\Cyber Crimes Tools\Takeout Zips\takeout-20260602T071913Z-11-024.zip,takeout-20260602T071913Z-11-024.zip,Takeout/Drive/Unorganized/Grandpa_s visit_St. Aug-Mar 31 (12).JPG,C:\Users\thoma\Documents\Cyber Crimes Tools\Takeout Extracted\Takeout\Drive\Unorganized\Grandpa_s visit_St. Aug-Mar 31 (12).JPG,1298626,2013-03-02 13:23:38,ExtractNamedRelevant
C:\Users\thoma\Documents\Cyber Crimes Tools\Takeout Zips\takeout-20260602T071913Z-11-024.zip,takeout-20260602T071913Z-11-024.zip,Takeout/Drive/Unorganized/Grandpa_s visit_St. Aug-Mar 31 (7).JPG,C:\Users\thoma\Documents\Cyber Crimes Tools\Takeout Extracted\Takeout\Drive\Unorganized\Grandpa_s visit_St. Aug-Mar 31 (7).JPG,1853483,2013-03-02 13:24:50,ExtractNamedRelevant
C:\Users\thoma\Documents\Cyber Crimes Tools\Takeout Zips\takeout-20260602T071913Z-11-024.zip,takeout-20260602T071913Z-11-024.zip,Takeout/Drive/Unorganized/207_1608.JPG,C:\Users\thoma\Documents\Cyber Crimes Tools\Takeout Extracted\Takeout\Drive\Unorganized\207_1608.JPG,863023,2013-02-28 23:49:28,ExtractNamedRelevant
C:\Users\thoma\Documents\Cyber Crimes Tools\Takeout Zips\takeout-20260602T071913Z-11-024.zip,takeout-20260602T071913Z-11-024.zip,Takeout/Drive/Unorganized/IMG_3549.JPG,C:\Users\thoma\Documents\Cyber Crimes Tools\Takeout Extracted\Takeout\Drive\Unorganized\IMG_3549.JPG,3044497,2013-03-01 02:50:38,ExtractNamedRelevant
C:\Users\thoma\Documents\Cyber Crimes Tools\Takeout Zips\takeout-20260602T071913Z-11-024.zip,takeout-20260602T071913Z-11-024.zip,Takeout/Drive/Unorganized/207_1613.MOV,C:\Users\thoma\Documents\Cyber Crimes Tools\Takeout Extracted\Takeout\Drive\Unorganized\207_1613.MOV,76249341,2013-02-28 23:53:16,SkipLargeMediaEvenIfNamed
C:\Users\thoma\Documents\Cyber Crimes Tools\Takeout Zips\takeout-20260602T071913Z-11-024.zip,takeout-20260602T071913Z-11-024.zip,Takeout/Drive/Unorganized/ebay (2).JPG,C:\Users\thoma\Documents\Cyber Crimes Tools\Takeout Extracted\Takeout\Drive\Unorganized\ebay (2).JPG,928055,2013-03-01 07:04:10,ExtractNamedRelevant
C:\Users\thoma\Documents\Cyber Crimes Tools\Takeout Zips\takeout-20260602T071913Z-11-024.zip,takeout-20260602T071913Z-11-024.zip,Takeout/Drive/Unorganized/IMG_3552.jpg,C:\Users\thoma\Documents\Cyber Crimes Tools\Takeout Extracted\Takeout\Drive\Unorganized\IMG_3552.jpg,2661686,2013-03-01 02:51:02,ExtractNamedRelevant
C:\Users\thoma\Documents\Cyber Crimes Tools\Takeout Zips\takeout-20260602T071913Z-11-024.zip,takeout-20260602T071913Z-11-024.zip,Takeout/Drive/Unorganized/239_2281.JPG,C:\Users\thoma\Documents\Cyber Crimes Tools\Takeout Extracted\Takeout\Drive\Unorganized\239_2281.JPG,1350383,2013-03-01 01:36:38,ExtractNamedRelevant
C:\Users\thoma\Documents\Cyber Crimes Tools\Takeout Zips\takeout-20260602T071913Z-11-024.zip,takeout-20260602T071913Z-11-024.zip,Takeout/Drive/Unorganized/239_2280.JPG,C:\Users\thoma\Documents\Cyber Crimes Tools\Takeout Extracted\Takeout\Drive\Unorganized\239_2280.JPG,1423227,2013-03-01 01:36:34,ExtractNamedRelevant
C:\Users\thoma\Documents\Cyber Crimes Tools\Takeout Zips\takeout-20260602T071913Z-11-024.zip,takeout-20260602T071913Z-11-024.zip,Takeout/Drive/Unorganized/ebay (1).JPG,C:\Users\thoma\Documents\Cyber Crimes Tools\Takeout Extracted\Takeout\Drive\Unorganized\ebay (1).JPG,901754,2013-03-01 07:04:06,ExtractNamedRelevant
C:\Users\thoma\Documents\Cyber Crimes Tools\Takeout Zips\takeout-20260602T071913Z-11-024.zip,takeout-20260602T071913Z-11-024.zip,Takeout/Drive/Unorganized/IMG_3551.jpg,C:\Users\thoma\Documents\Cyber Crimes Tools\Takeout Extracted\Takeout\Drive\Unorganized\IMG_3551.jpg,2679787,2013-03-01 02:50:52,ExtractNamedRelevant
C:\Users\thoma\Documents\Cyber Crimes Tools\Takeout Zips\takeout-20260602T071913Z-11-024.zip,takeout-20260602T071913Z-11-024.zip,Takeout/Drive/Unorganized/IMG_3547.jpg,C:\Users\thoma\Documents\Cyber Crimes Tools\Takeout Extracted\Takeout\Drive\Unorganized\IMG_3547.jpg,2703525,2013-03-01 02:50:18,ExtractNamedRelevant
C:\Users\thoma\Documents\Cyber Crimes Tools\Takeout Zips\takeout-20260602T071913Z-11-024.zip,takeout-20260602T071913Z-11-024.zip,Takeout/Drive/Unorganized/239_2278.JPG,C:\Users\thoma\Documents\Cyber Crimes Tools\Takeout Extracted\Takeout\Drive\Unorganized\239_2278.JPG,1707820,2013-03-01 01:36:22,ExtractNamedRelevant
C:\Users\thoma\Documents\Cyber Crimes Tools\Takeout Zips\takeout-20260602T071913Z-11-024.zip,takeout-20260602T071913Z-11-024.zip,Takeout/Drive/Unorganized/IMG_3548.jpg,C:\Users\thoma\Documents\Cyber Crimes Tools\Takeout Extracted\Takeout\Drive\Unorganized\IMG_3548.jpg,2708973,2013-03-01 02:50:28,ExtractNamedRelevant
C:\Users\thoma\Documents\Cyber Crimes Tools\Takeout Zips\takeout-20260602T071913Z-11-024.zip,takeout-20260602T071913Z-11-024.zip,Takeout/Drive/Unorganized/207_1610.JPG,C:\Users\thoma\Documents\Cyber Crimes Tools\Takeout Extracted\Takeout\Drive\Unorganized\207_1610.JPG,846743,2013-02-28 23:49:36,ExtractNamedRelevant
C:\Users\thoma\Documents\Cyber Crimes Tools\Takeout Zips\takeout-20260602T071913Z-11-024.zip,takeout-20260602T071913Z-11-024.zip,Takeout/Drive/Unorganized/238_2254.JPG,C:\Users\thoma\Documents\Cyber Crimes Tools\Takeout Extracted\Takeout\Drive\Unorganized\238_2254.JPG,918092,2013-03-01 01:36:04,ExtractNamedRelevant
C:\Users\thoma\Documents\Cyber Crimes Tools\Takeout Zips\takeout-20260602T071913Z-11-024.zip,takeout-20260602T071913Z-11-024.zip,Takeout/Drive/Unorganized/IMG_3537.jpg,C:\Users\thoma\Documents\Cyber Crimes Tools\Takeout Extracted\Takeout\Drive\Unorganized\IMG_3537.jpg,2454496,2013-03-01 02:48:54,ExtractNamedRelevant
C:\Users\thoma\Documents\Cyber Crimes Tools\Takeout Zips\takeout-20260602T071913Z-11-024.zip,takeout-20260602T071913Z-11-024.zip,Takeout/Drive/Unorganized/239_2279.JPG,C:\Users\thoma\Documents\Cyber Crimes Tools\Takeout Extracted\Takeout\Drive\Unorganized\239_2279.JPG,1428240,2013-03-01 01:36:28,ExtractNamedRelevant
C:\Users\thoma\Documents\Cyber Crimes Tools\Takeout Zips\takeout-20260602T071913Z-11-024.zip,takeout-20260602T071913Z-11-024.zip,Takeout/Drive/Unorganized/DSC02009.JPG,C:\Users\thoma\Documents\Cyber Crimes Tools\Takeout Extracted\Takeout\Drive\Unorganized\DSC02009.JPG,2958982,2013-03-01 07:04:02,ExtractNamedRelevant
C:\Users\thoma\Documents\Cyber Crimes Tools\Takeout Zips\takeout-20260602T071913Z-11-024.zip,takeout-20260602T071913Z-11-024.zip,Takeout/Drive/Unorganized/207_1609.JPG,C:\Users\thoma\Documents\Cyber Crimes Tools\Takeout Extracted\Takeout\Drive\Unorganized\207_1609.JPG,859928,2013-02-28 23:49:32,ExtractNamedRelevant
C:\Users\thoma\Documents\Cyber Crimes Tools\Takeout Zips\takeout-20260602T071913Z-11-024.zip,takeout-20260602T071913Z-11-024.zip,Takeout/Drive/Unorganized/DSC02008.JPG,C:\Users\thoma\Documents\Cyber Crimes Tools\Takeout Extracted\Takeout\Drive\Unorganized\DSC02008.JPG,2832630,2013-03-01 07:03:50,ExtractNamedRelevant
C:\Users\thoma\Documents\Cyber Crimes Tools\Takeout Zips\takeout-20260602T071913Z-11-024.zip,takeout-20260602T071913Z-11-024.zip,Takeout/Drive/Unorganized/IMG_3546.jpg,C:\Users\thoma\Documents\Cyber Crimes Tools\Takeout Extracted\Takeout\Drive\Unorganized\IMG_3546.jpg,1669998,2013-03-01 02:50:08,ExtractNamedRelevant
C:\Users\thoma\Documents\Cyber Crimes Tools\Takeout Zips\takeout-20260602T071913Z-11-024.zip,takeout-20260602T071913Z-11-024.zip,Takeout/Drive/Unorganized/228_1951.JPG,C:\Users\thoma\Documents\Cyber Crimes Tools\Takeout Extracted\Takeout\Drive\Unorganized\228_1951.JPG,969968,2013-03-01 00:56:20,ExtractNamedRelevant
C:\Users\thoma\Documents\Cyber Crimes Tools\Takeout Zips\takeout-20260602T071913Z-11-024.zip,takeout-20260602T071913Z-11-024.zip,Takeout/Drive/Unorganized/DSC02007.JPG,C:\Users\thoma\Documents\Cyber Crimes Tools\Takeout Extracted\Takeout\Drive\Unorganized\DSC02007.JPG,2907221,2013-03-01 07:03:40,ExtractNamedRelevant
C:\Users\thoma\Documents\Cyber Crimes Tools\Takeout Zips\takeout-20260602T071913Z-11-024.zip,takeout-20260602T071913Z-11-024.zip,Takeout/Drive/Unorganized/238_2264.JPG,C:\Users\thoma\Documents\Cyber Crimes Tools\Takeout Extracted\Takeout\Drive\Unorganized\238_2264.JPG,932556,2013-03-01 01:36:14,ExtractNamedRelevant
C:\Users\thoma\Documents\Cyber Crimes Tools\Takeout Zips\takeout-20260602T071913Z-11-024.zip,takeout-20260602T071913Z-11-024.zip,Takeout/Drive/Unorganized/IMG_3540.jpg,C:\Users\thoma\Documents\Cyber Crimes Tools\Takeout Extracted\Takeout\Drive\Unorganized\IMG_3540.jpg,2796996,2013-03-01 02:49:22,ExtractNamedRelevant
C:\Users\thoma\Documents\Cyber Crimes Tools\Takeout Zips\takeout-20260602T071913Z-11-024.zip,takeout-20260602T071913Z-11-024.zip,Takeout/Drive/Unorganized/IMG_3545.jpg,C:\Users\thoma\Documents\Cyber Crimes Tools\Takeout Extracted\Takeout\Drive\Unorganized\IMG_3545.jpg,2930600,2013-03-01 02:50:02,ExtractNamedRelevant
C:\Users\thoma\Documents\Cyber Crimes Tools\Takeout Zips\takeout-20260602T071913Z-11-024.zip,takeout-20260602T071913Z-11-024.zip,Takeout/Drive/Unorganized/207_1607.JPG,C:\Users\thoma\Documents\Cyber Crimes Tools\Takeout Extracted\Takeout\Drive\Unorganized\207_1607.JPG,878055,2013-02-28 23:49:24,ExtractNamedRelevant
C:\Users\thoma\Documents\Cyber Crimes Tools\Takeout Zips\takeout-20260602T071913Z-11-024.zip,takeout-20260602T071913Z-11-024.zip,Takeout/Drive/Unorganized/IMG_3544.jpg,C:\Users\thoma\Documents\Cyber Crimes Tools\Takeout Extracted\Takeout\Drive\Unorganized\IMG_3544.jpg,1304003,2013-03-01 02:49:52,ExtractNamedRelevant
C:\Users\thoma\Documents\Cyber Crimes Tools\Takeout Zips\takeout-20260602T071913Z-11-024.zip,takeout-20260602T071913Z-11-024.zip,Takeout/Drive/Unorganized/IMG_3538.jpg,C:\Users\thoma\Documents\Cyber Crimes Tools\Takeout Extracted\Takeout\Drive\Unorganized\IMG_3538.jpg,2474489,2013-03-01 02:49:02,ExtractNamedRelevant
C:\Users\thoma\Documents\Cyber Crimes Tools\Takeout Zips\takeout-20260602T071913Z-11-024.zip,takeout-20260602T071913Z-11-024.zip,Takeout/Drive/Unorganized/DSC02006.JPG,C:\Users\thoma\Documents\Cyber Crimes Tools\Takeout Extracted\Takeout\Drive\Unorganized\DSC02006.JPG,3092541,2013-03-01 07:03:30,ExtractNamedRelevant
C:\Users\thoma\Documents\Cyber Crimes Tools\Takeout Zips\takeout-20260602T071913Z-11-024.zip,takeout-20260602T071913Z-11-024.zip,Takeout/Drive/Unorganized/238_2250.JPG,C:\Users\thoma\Documents\Cyber Crimes Tools\Takeout Extracted\Takeout\Drive\Unorganized\238_2250.JPG,1129499,2013-03-01 01:36:00,ExtractNamedRelevant
C:\Users\thoma\Documents\Cyber Crimes Tools\Takeout Zips\takeout-20260602T071913Z-11-024.zip,takeout-20260602T071913Z-11-024.zip,Takeout/Drive/Unorganized/IMG_3534.jpg,C:\Users\thoma\Documents\Cyber Crimes Tools\Takeout Extracted\Takeout\Drive\Unorganized\IMG_3534.jpg,1545692,2013-03-01 02:48:34,ExtractNamedRelevant
C:\Users\thoma\Documents\Cyber Crimes Tools\Takeout Zips\takeout-20260602T071913Z-11-024.zip,takeout-20260602T071913Z-11-024.zip,Takeout/Drive/Unorganized/207_1605.JPG,C:\Users\thoma\Documents\Cyber Crimes Tools\Takeout Extracted\Takeout\Drive\Unorganized\207_1605.JPG,1373608,2013-02-28 23:49:14,ExtractNamedRelevant
C:\Users\thoma\Documents\Cyber Crimes Tools\Takeout Zips\takeout-20260602T071913Z-11-024.zip,takeout-20260602T071913Z-11-024.zip,Takeout/Drive/Unorganized/IMG_3539.jpg,C:\Users\thoma\Documents\Cyber Crimes Tools\Takeout Extracted\Takeout\Drive\Unorganized\IMG_3539.jpg,2526262,2013-03-01 02:49:12,ExtractNamedRelevant
C:\Users\thoma\Documents\Cyber Crimes Tools\Takeout Zips\takeout-20260602T071913Z-11-024.zip,takeout-20260602T071913Z-11-024.zip,Takeout/Drive/Unorganized/234_2147.JPG,C:\Users\thoma\Documents\Cyber Crimes Tools\Takeout Extracted\Takeout\Drive\Unorganized\234_2147.JPG,1395009,2013-03-01 01:35:50,ExtractNamedRelevant
C:\Users\thoma\Documents\Cyber Crimes Tools\Takeout Zips\takeout-20260602T071913Z-11-024.zip,takeout-20260602T071913Z-11-024.zip,Takeout/Drive/Unorganized/238_2247.JPG,C:\Users\thoma\Documents\Cyber Crimes Tools\Takeout Extracted\Takeout\Drive\Unorganized\238_2247.JPG,1079255,2013-03-01 01:35:56,ExtractNamedRelevant
C:\Users\thoma\Documents\Cyber Crimes Tools\Takeout Zips\takeout-20260602T071913Z-11-024.zip,takeout-20260602T071913Z-11-024.zip,Takeout/Drive/Unorganized/231_2119.JPG,C:\Users\thoma\Documents\Cyber Crimes Tools\Takeout Extracted\Takeout\Drive\Unorganized\231_2119.JPG,968959,2013-03-01 01:35:46,ExtractNamedRelevant
C:\Users\thoma\Documents\Cyber Crimes Tools\Takeout Zips\takeout-20260602T071913Z-11-024.zip,takeout-20260602T071913Z-11-024.zip,Takeout/Drive/Unorganized/207_1606.JPG,C:\Users\thoma\Documents\Cyber Crimes Tools\Takeout Extracted\Takeout\Drive\Unorganized\207_1606.JPG,1363374,2013-02-28 23:49:20,ExtractNamedRelevant
C:\Users\thoma\Documents\Cyber Crimes Tools\Takeout Zips\takeout-20260602T071913Z-11-024.zip,takeout-20260602T071913Z-11-024.zip,Takeout/Drive/Unorganized/207_1604.JPG,C:\Users\thoma\Documents\Cyber Crimes Tools\Takeout Extracted\Takeout\Drive\Unorganized\207_1604.JPG,1110800,2013-02-28 23:49:10,ExtractNamedRelevant
C:\Users\thoma\Documents\Cyber Crimes Tools\Takeout Zips\takeout-20260602T071913Z-11-024.zip,takeout-20260602T071913Z-11-024.zip,Takeout/Drive/Unorganized/IMG_3543.JPG,C:\Users\thoma\Documents\Cyber Crimes Tools\Takeout Extracted\Takeout\Drive\Unorganized\IMG_3543.JPG,3155869,2013-03-01 02:49:46,ExtractNamedRelevant
C:\Users\thoma\Documents\Cyber Crimes Tools\Takeout Zips\takeout-20260602T071913Z-11-024.zip,takeout-20260602T071913Z-11-024.zip,Takeout/Drive/Unorganized/IMG_3536.jpg,C:\Users\thoma\Documents\Cyber Crimes Tools\Takeout Extracted\Takeout\Drive\Unorganized\IMG_3536.jpg,1505883,2013-03-01 02:48:46,ExtractNamedRelevant
C:\Users\thoma\Documents\Cyber Crimes Tools\Takeout Zips\takeout-20260602T071913Z-11-024.zip,takeout-20260602T071913Z-11-024.zip,Takeout/Drive/Unorganized/228_2021.JPG,C:\Users\thoma\Documents\Cyber Crimes Tools\Takeout Extracted\Takeout\Drive\Unorganized\228_2021.JPG,846347,2013-03-01 01:14:10,ExtractNamedRelevant
C:\Users\thoma\Documents\Cyber Crimes Tools\Takeout Zips\takeout-20260602T071913Z-11-024.zip,takeout-20260602T071913Z-11-024.zip,Takeout/Drive/Unorganized/228_1942.JPG,C:\Users\thoma\Documents\Cyber Crimes Tools\Takeout Extracted\Takeout\Drive\Unorganized\228_1942.JPG,909409,2013-03-01 00:49:12,ExtractNamedRelevant
C:\Users\thoma\Documents\Cyber Crimes Tools\Takeout Zips\takeout-20260602T071913Z-11-024.zip,takeout-20260602T071913Z-11-024.zip,Takeout/Drive/Unorganized/IMG_3535.jpg,C:\Users\thoma\Documents\Cyber Crimes Tools\Takeout Extracted\Takeout\Drive\Unorganized\IMG_3535.jpg,1589304,2013-03-01 02:48:40,ExtractNamedRelevant
C:\Users\thoma\Documents\Cyber Crimes Tools\Takeout Zips\takeout-20260602T071913Z-11-024.zip,takeout-20260602T071913Z-11-024.zip,Takeout/Drive/Unorganized/DSC02003.JPG,C:\Users\thoma\Documents\Cyber Crimes Tools\Takeout Extracted\Takeout\Drive\Unorganized\DSC02003.JPG,2887334,2013-03-01 07:02:56,ExtractNamedRelevant
C:\Users\thoma\Documents\Cyber Crimes Tools\Takeout Zips\takeout-20260602T071913Z-11-024.zip,takeout-20260602T071913Z-11-024.zip,Takeout/Drive/Unorganized/IMG_3530.jpg,C:\Users\thoma\Documents\Cyber Crimes Tools\Takeout Extracted\Takeout\Drive\Unorganized\IMG_3530.jpg,1200255,2013-03-01 02:48:06,ExtractNamedRelevant
C:\Users\thoma\Documents\Cyber Crimes Tools\Takeout Zips\takeout-20260602T071913Z-11-024.zip,takeout-20260602T071913Z-11-024.zip,Takeout/Drive/Unorganized/IMG_3542.jpg,C:\Users\thoma\Documents\Cyber Crimes Tools\Takeout Extracted\Takeout\Drive\Unorganized\IMG_3542.jpg,1181382,2013-03-01 02:49:36,ExtractNamedRelevant
C:\Users\thoma\Documents\Cyber Crimes Tools\Takeout Zips\takeout-20260602T071913Z-11-024.zip,takeout-20260602T071913Z-11-024.zip,Takeout/Drive/Unorganized/207_1596.JPG,C:\Users\thoma\Documents\Cyber Crimes Tools\Takeout Extracted\Takeout\Drive\Unorganized\207_1596.JPG,1202466,2013-02-28 23:48:32,ExtractNamedRelevant
C:\Users\thoma\Documents\Cyber Crimes Tools\Takeout Zips\takeout-20260602T071913Z-11-024.zip,takeout-20260602T071913Z-11-024.zip,Takeout/Drive/Unorganized/DSC02005.JPG,C:\Users\thoma\Documents\Cyber Crimes Tools\Takeout Extracted\Takeout\Drive\Unorganized\DSC02005.JPG,2995122,2013-03-01 07:03:18,ExtractNamedRelevant
C:\Users\thoma\Documents\Cyber Crimes Tools\Takeout Zips\takeout-20260602T071913Z-11-024.zip,takeout-20260602T071913Z-11-024.zip,Takeout/Drive/Unorganized/207_1603.JPG,C:\Users\thoma\Documents\Cyber Crimes Tools\Takeout Extracted\Takeout\Drive\Unorganized\207_1603.JPG,1298935,2013-02-28 23:49:04,ExtractNamedRelevant
C:\Users\thoma\Documents\Cyber Crimes Tools\Takeout Zips\takeout-20260602T071913Z-11-024.zip,takeout-20260602T071913Z-11-024.zip,Takeout/Drive/Unorganized/DSC02002.JPG,C:\Users\thoma\Documents\Cyber Crimes Tools\Takeout Extracted\Takeout\Drive\Unorganized\DSC02002.JPG,2895848,2013-03-01 07:02:46,ExtractNamedRelevant
C:\Users\thoma\Documents\Cyber Crimes Tools\Takeout Zips\takeout-20260602T071913Z-11-024.zip,takeout-20260602T071913Z-11-024.zip,Takeout/Drive/Unorganized/IMG_3532.jpg,C:\Users\thoma\Documents\Cyber Crimes Tools\Takeout Extracted\Takeout\Drive\Unorganized\IMG_3532.jpg,1778411,2013-03-01 02:48:20,ExtractNamedRelevant
C:\Users\thoma\Documents\Cyber Crimes Tools\Takeout Zips\takeout-20260602T071913Z-11-024.zip,takeout-20260602T071913Z-11-024.zip,Takeout/Drive/Unorganized/IMG_3541.jpg,C:\Users\thoma\Documents\Cyber Crimes Tools\Takeout Extracted\Takeout\Drive\Unorganized\IMG_3541.jpg,2593801,2013-03-01 02:49:32,ExtractNamedRelevant
C:\Users\thoma\Documents\Cyber Crimes Tools\Takeout Zips\takeout-20260602T071913Z-11-024.zip,takeout-20260602T071913Z-11-024.zip,Takeout/Drive/Unorganized/231_2117.JPG,C:\Users\thoma\Documents\Cyber Crimes Tools\Takeout Extracted\Takeout\Drive\Unorganized\231_2117.JPG,876998,2013-03-01 01:35:38,ExtractNamedRelevant
C:\Users\thoma\Documents\Cyber Crimes Tools\Takeout Zips\takeout-20260602T071913Z-11-024.zip,takeout-20260602T071913Z-11-024.zip,Takeout/Drive/Unorganized/IMG_3533.jpg,C:\Users\thoma\Documents\Cyber Crimes Tools\Takeout Extracted\Takeout\Drive\Unorganized\IMG_3533.jpg,2547002,2013-03-01 02:48:28,ExtractNamedRelevant
C:\Users\thoma\Documents\Cyber Crimes Tools\Takeout Zips\takeout-20260602T071913Z-11-024.zip,takeout-20260602T071913Z-11-024.zip,Takeout/Drive/Unorganized/207_1601.JPG,C:\Users\thoma\Documents\Cyber Crimes Tools\Takeout Extracted\Takeout\Drive\Unorganized\207_1601.JPG,1028429,2013-02-28 23:48:54,ExtractNamedRelevant
C:\Users\thoma\Documents\Cyber Crimes Tools\Takeout Zips\takeout-20260602T071913Z-11-024.zip,takeout-20260602T071913Z-11-024.zip,Takeout/Drive/Unorganized/207_1602.JPG,C:\Users\thoma\Documents\Cyber Crimes Tools\Takeout Extracted\Takeout\Drive\Unorganized\207_1602.JPG,1234657,2013-02-28 23:49:00,ExtractNamedRelevant
C:\Users\thoma\Documents\Cyber Crimes Tools\Takeout Zips\takeout-20260602T071913Z-11-024.zip,takeout-20260602T071913Z-11-024.zip,Takeout/Drive/Unorganized/DSC02004.JPG,C:\Users\thoma\Documents\Cyber Crimes Tools\Takeout Extracted\Takeout\Drive\Unorganized\DSC02004.JPG,2841999,2013-03-01 07:03:06,ExtractNamedRelevant
C:\Users\thoma\Documents\Cyber Crimes Tools\Takeout Zips\takeout-20260602T071913Z-11-024.zip,takeout-20260602T071913Z-11-024.zip,Takeout/Drive/Unorganized/207_1599.JPG,C:\Users\thoma\Documents\Cyber Crimes Tools\Takeout Extracted\Takeout\Drive\Unorganized\207_1599.JPG,969568,2013-02-28 23:48:46,ExtractNamedRelevant
C:\Users\thoma\Documents\Cyber Crimes Tools\Takeout Zips\takeout-20260602T071913Z-11-024.zip,takeout-20260602T071913Z-11-024.zip,Takeout/Drive/Unorganized/222_1913.JPG,C:\Users\thoma\Documents\Cyber Crimes Tools\Takeout Extracted\Takeout\Drive\Unorganized\222_1913.JPG,2002386,2013-03-01 00:38:42,ExtractNamedRelevant
C:\Users\thoma\Documents\Cyber Crimes Tools\Takeout Zips\takeout-20260602T071913Z-11-024.zip,takeout-20260602T071913Z-11-024.zip,Takeout/Drive/Unorganized/IMG_3531.jpg,C:\Users\thoma\Documents\Cyber Crimes Tools\Takeout Extracted\Takeout\Drive\Unorganized\IMG_3531.jpg,1428610,2013-03-01 02:48:12,ExtractNamedRelevant
C:\Users\thoma\Documents\Cyber Crimes Tools\Takeout Zips\takeout-20260602T071913Z-11-024.zip,takeout-20260602T071913Z-11-024.zip,Takeout/Drive/Unorganized/231_2115.JPG,C:\Users\thoma\Documents\Cyber Crimes Tools\Takeout Extracted\Takeout\Drive\Unorganized\231_2115.JPG,950045,2013-03-01 01:35:34,ExtractNamedRelevant
C:\Users\thoma\Documents\Cyber Crimes Tools\Takeout Zips\takeout-20260602T071913Z-11-024.zip,takeout-20260602T071913Z-11-024.zip,Takeout/Drive/Unorganized/207_1597.JPG,C:\Users\thoma\Documents\Cyber Crimes Tools\Takeout Extracted\Takeout\Drive\Unorganized\207_1597.JPG,1131533,2013-02-28 23:48:36,ExtractNamedRelevant
C:\Users\thoma\Documents\Cyber Crimes Tools\Takeout Zips\takeout-20260602T071913Z-11-024.zip,takeout-20260602T071913Z-11-024.zip,Takeout/Drive/Unorganized/207_1598.JPG,C:\Users\thoma\Documents\Cyber Crimes Tools\Takeout Extracted\Takeout\Drive\Unorganized\207_1598.JPG,965243,2013-02-28 23:48:42,ExtractNamedRelevant
C:\Users\thoma\Documents\Cyber Crimes Tools\Takeout Zips\takeout-20260602T071913Z-11-024.zip,takeout-20260602T071913Z-11-024.zip,Takeout/Drive/Unorganized/DSC02001.JPG,C:\Users\thoma\Documents\Cyber Crimes Tools\Takeout Extracted\Takeout\Drive\Unorganized\DSC02001.JPG,2729414,2013-03-01 07:02:36,ExtractNamedRelevant
C:\Users\thoma\Documents\Cyber Crimes Tools\Takeout Zips\takeout-20260602T071913Z-11-024.zip,takeout-20260602T071913Z-11-024.zip,Takeout/Drive/Unorganized/IMG_3528.JPG,C:\Users\thoma\Documents\Cyber Crimes Tools\Takeout Extracted\Takeout\Drive\Unorganized\IMG_3528.JPG,2482174,2013-03-01 02:47:56,ExtractNamedRelevant
C:\Users\thoma\Documents\Cyber Crimes Tools\Takeout Zips\takeout-20260602T071913Z-11-024.zip,takeout-20260602T071913Z-11-024.zip,Takeout/Drive/Unorganized/IMG_3529.jpg,C:\Users\thoma\Documents\Cyber Crimes Tools\Takeout Extracted\Takeout\Drive\Unorganized\IMG_3529.jpg,1368139,2013-03-01 02:48:02,ExtractNamedRelevant
C:\Users\thoma\Documents\Cyber Crimes Tools\Takeout Zips\takeout-20260602T071913Z-11-024.zip,takeout-20260602T071913Z-11-024.zip,Takeout/Drive/Unorganized/231_2107.JPG,C:\Users\thoma\Documents\Cyber Crimes Tools\Takeout Extracted\Takeout\Drive\Unorganized\231_2107.JPG,1102278,2013-03-01 01:35:30,ExtractNamedRelevant
C:\Users\thoma\Documents\Cyber Crimes Tools\Takeout Zips\takeout-20260602T071913Z-11-024.zip,takeout-20260602T071913Z-11-024.zip,Takeout/Drive/Unorganized/DSC02000.JPG,C:\Users\thoma\Documents\Cyber Crimes Tools\Takeout Extracted\Takeout\Drive\Unorganized\DSC02000.JPG,2980679,2013-03-01 07:02:26,ExtractNamedRelevant
C:\Users\thoma\Documents\Cyber Crimes Tools\Takeout Zips\takeout-20260602T071913Z-11-024.zip,takeout-20260602T071913Z-11-024.zip,Takeout/Drive/Unorganized/231_2105.JPG,C:\Users\thoma\Documents\Cyber Crimes Tools\Takeout Extracted\Takeout\Drive\Unorganized\231_2105.JPG,1150927,2013-03-01 01:35:24,ExtractNamedRelevant
C:\Users\thoma\Documents\Cyber Crimes Tools\Takeout Zips\takeout-20260602T071913Z-11-024.zip,takeout-20260602T071913Z-11-024.zip,Takeout/Drive/Unorganized/IMG_3516.jpg,C:\Users\thoma\Documents\Cyber Crimes Tools\Takeout Extracted\Takeout\Drive\Unorganized\IMG_3516.jpg,1506539,2013-03-01 02:46:12,ExtractNamedRelevant
C:\Users\thoma\Documents\Cyber Crimes Tools\Takeout Zips\takeout-20260602T071913Z-11-024.zip,takeout-20260602T071913Z-11-024.zip,Takeout/Drive/Unorganized/231_2102.JPG,C:\Users\thoma\Documents\Cyber Crimes Tools\Takeout Extracted\Takeout\Drive\Unorganized\231_2102.JPG,1150107,2013-03-01 01:35:16,ExtractNamedRelevant
C:\Users\thoma\Documents\Cyber Crimes Tools\Takeout Zips\takeout-20260602T071913Z-11-024.zip,takeout-20260602T071913Z-11-024.zip,Takeout/Drive/Unorganized/231_2103.JPG,C:\Users\thoma\Documents\Cyber Crimes Tools\Takeout Extracted\Takeout\Drive\Unorganized\231_2103.JPG,1062313,2013-03-01 01:35:20,ExtractNamedRelevant
C:\Users\thoma\Documents\Cyber Crimes Tools\Takeout Zips\takeout-20260602T071913Z-11-024.zip,takeout-20260602T071913Z-11-024.zip,Takeout/Drive/Unorganized/207_1595.MOV,C:\Users\thoma\Documents\Cyber Crimes Tools\Takeout Extracted\Takeout\Drive\Unorganized\207_1595.MOV,1515662,2013-02-28 23:48:28,ExtractNamedRelevant
C:\Users\thoma\Documents\Cyber Crimes Tools\Takeout Zips\takeout-20260602T071913Z-11-024.zip,takeout-20260602T071913Z-11-024.zip,Takeout/Drive/Unorganized/DSC01999.JPG,C:\Users\thoma\Documents\Cyber Crimes Tools\Takeout Extracted\Takeout\Drive\Unorganized\DSC01999.JPG,2892731,2013-03-01 07:02:14,ExtractNamedRelevant
C:\Users\thoma\Documents\Cyber Crimes Tools\Takeout Zips\takeout-20260602T071913Z-11-024.zip,takeout-20260602T071913Z-11-024.zip,Takeout/Drive/Unorganized/IMG_3527.jpg,C:\Users\thoma\Documents\Cyber Crimes Tools\Takeout Extracted\Takeout\Drive\Unorganized\IMG_3527.jpg,2389021,2013-03-01 02:47:48,ExtractNamedRelevant
C:\Users\thoma\Documents\Cyber Crimes Tools\Takeout Zips\takeout-20260602T071913Z-11-024.zip,takeout-20260602T071913Z-11-024.zip,Takeout/Drive/Unorganized/204_1590.JPG,C:\Users\thoma\Documents\Cyber Crimes Tools\Takeout Extracted\Takeout\Drive\Unorganized\204_1590.JPG,1752885,2013-02-28 23:40:56,ExtractNamedRelevant
C:\Users\thoma\Documents\Cyber Crimes Tools\Takeout Zips\takeout-20260602T071913Z-11-024.zip,takeout-20260602T071913Z-11-024.zip,Takeout/Drive/Unorganized/204_1591.JPG,C:\Users\thoma\Documents\Cyber Crimes Tools\Takeout Extracted\Takeout\Drive\Unorganized\204_1591.JPG,2682727,2013-02-28 23:41:06,ExtractNamedRelevant
C:\Users\thoma\Documents\Cyber Crimes Tools\Takeout Zips\takeout-20260602T071913Z-11-024.zip,takeout-20260602T071913Z-11-024.zip,Takeout/Drive/Unorganized/231_2101.JPG,C:\Users\thoma\Documents\Cyber Crimes Tools\Takeout Extracted\Takeout\Drive\Unorganized\231_2101.JPG,951336,2013-03-01 01:35:10,ExtractNamedRelevant
C:\Users\thoma\Documents\Cyber Crimes Tools\Takeout Zips\takeout-20260602T071913Z-11-024.zip,takeout-20260602T071913Z-11-024.zip,Takeout/Drive/Unorganized/DSC01998.JPG,C:\Users\thoma\Documents\Cyber Crimes Tools\Takeout Extracted\Takeout\Drive\Unorganized\DSC01998.JPG,2891030,2013-03-01 07:02:04,ExtractNamedRelevant
C:\Users\thoma\Documents\Cyber Crimes Tools\Takeout Zips\takeout-20260602T071913Z-11-024.zip,takeout-20260602T071913Z-11-024.zip,Takeout/Drive/Unorganized/204_1593.JPG,C:\Users\thoma\Documents\Cyber Crimes Tools\Takeout Extracted\Takeout\Drive\Unorganized\204_1593.JPG,2333898,2013-02-28 23:41:24,ExtractNamedRelevant
C:\Users\thoma\Documents\Cyber Crimes Tools\Takeout Zips\takeout-20260602T071913Z-11-024.zip,takeout-20260602T071913Z-11-024.zip,Takeout/Drive/Unorganized/204_1592.JPG,C:\Users\thoma\Documents\Cyber Crimes Tools\Takeout Extracted\Takeout\Drive\Unorganized\204_1592.JPG,2656910,2013-02-28 23:41:16,ExtractNamedRelevant
C:\Users\thoma\Documents\Cyber Crimes Tools\Takeout Zips\takeout-20260602T071913Z-11-024.zip,takeout-20260602T071913Z-11-024.zip,Takeout/Drive/Unorganized/IMG_3518.jpg,C:\Users\thoma\Documents\Cyber Crimes Tools\Takeout Extracted\Takeout\Drive\Unorganized\IMG_3518.jpg,1458698,2013-03-01 02:46:24,ExtractNamedRelevant
C:\Users\thoma\Documents\Cyber Crimes Tools\Takeout Zips\takeout-20260602T071913Z-11-024.zip,takeout-20260602T071913Z-11-024.zip,Takeout/Drive/Unorganized/204_1594.MOV,C:\Users\thoma\Documents\Cyber Crimes Tools\Takeout Extracted\Takeout\Drive\Unorganized\204_1594.MOV,145677540,2013-02-28 23:48:22,SkipLargeMediaEvenIfNamed
C:\Users\thoma\Documents\Cyber Crimes Tools\Takeout Zips\takeout-20260602T071913Z-11-024.zip,takeout-20260602T071913Z-11-024.zip,Takeout/Drive/Unorganized/IMG_3526.jpg,C:\Users\thoma\Documents\Cyber Crimes Tools\Takeout Extracted\Takeout\Drive\Unorganized\IMG_3526.jpg,2996102,2013-03-01 02:47:38,ExtractNamedRelevant
C:\Users\thoma\Documents\Cyber Crimes Tools\Takeout Zips\takeout-20260602T071913Z-11-024.zip,takeout-20260602T071913Z-11-024.zip,Takeout/Drive/Unorganized/231_2100.JPG,C:\Users\thoma\Documents\Cyber Crimes Tools\Takeout Extracted\Takeout\Drive\Unorganized\231_2100.JPG,1141528,2013-03-01 01:35:06,ExtractNamedRelevant
C:\Users\thoma\Documents\Cyber Crimes Tools\Takeout Zips\takeout-20260602T071913Z-11-024.zip,takeout-20260602T071913Z-11-024.zip,Takeout/Drive/Unorganized/228_2016.JPG,C:\Users\thoma\Documents\Cyber Crimes Tools\Takeout Extracted\Takeout\Drive\Unorganized\228_2016.JPG,772692,2013-03-01 01:13:50,ExtractNamedRelevant
C:\Users\thoma\Documents\Cyber Crimes Tools\Takeout Zips\takeout-20260602T071913Z-11-024.zip,takeout-20260602T071913Z-11-024.zip,Takeout/Drive/Unorganized/IMG_3519.jpg,C:\Users\thoma\Documents\Cyber Crimes Tools\Takeout Extracted\Takeout\Drive\Unorganized\IMG_3519.jpg,2435385,2013-03-01 02:46:32,ExtractNamedRelevant
C:\Users\thoma\Documents\Cyber Crimes Tools\Takeout Zips\takeout-20260602T071913Z-11-024.zip,takeout-20260602T071913Z-11-024.zip,Takeout/Drive/Unorganized/DSC01995.JPG,C:\Users\thoma\Documents\Cyber Crimes Tools\Takeout Extracted\Takeout\Drive\Unorganized\DSC01995.JPG,2681060,2013-03-01 07:01:32,ExtractNamedRelevant
C:\Users\thoma\Documents\Cyber Crimes Tools\Takeout Zips\takeout-20260602T071913Z-11-024.zip,takeout-20260602T071913Z-11-024.zip,Takeout/Drive/Unorganized/231_2099.JPG,C:\Users\thoma\Documents\Cyber Crimes Tools\Takeout Extracted\Takeout\Drive\Unorganized\231_2099.JPG,1227061,2013-03-01 01:35:02,ExtractNamedRelevant
C:\Users\thoma\Documents\Cyber Crimes Tools\Takeout Zips\takeout-20260602T071913Z-11-024.zip,takeout-20260602T071913Z-11-024.zip,Takeout/Drive/Unorganized/Jan 2011 (2).MOV,C:\Users\thoma\Documents\Cyber Crimes Tools\Takeout Extracted\Takeout\Drive\Unorganized\Jan 2011 (2).MOV,67471292,2013-03-02 13:46:52,SkipLargeMediaEvenIfNamed
C:\Users\thoma\Documents\Cyber Crimes Tools\Takeout Zips\takeout-20260602T071913Z-11-024.zip,takeout-20260602T071913Z-11-024.zip,Takeout/Drive/Unorganized/IMG_3525.jpg,C:\Users\thoma\Documents\Cyber Crimes Tools\Takeout Extracted\Takeout\Drive\Unorganized\IMG_3525.jpg,2983433,2013-03-01 02:47:28,ExtractNamedRelevant
C:\Users\thoma\Documents\Cyber Crimes Tools\Takeout Zips\takeout-20260602T071913Z-11-024.zip,takeout-20260602T071913Z-11-024.zip,Takeout/Drive/Unorganized/228_1972.JPG,C:\Users\thoma\Documents\Cyber Crimes Tools\Takeout Extracted\Takeout\Drive\Unorganized\228_1972.JPG,1018787,2013-03-01 00:57:20,ExtractNamedRelevant
C:\Users\thoma\Documents\Cyber Crimes Tools\Takeout Zips\takeout-20260602T071913Z-11-024.zip,takeout-20260602T071913Z-11-024.zip,Takeout/Drive/Unorganized/IMG_3517.jpg,C:\Users\thoma\Documents\Cyber Crimes Tools\Takeout Extracted\Takeout\Drive\Unorganized\IMG_3517.jpg,1595942,2013-03-01 02:46:18,ExtractNamedRelevant
C:\Users\thoma\Documents\Cyber Crimes Tools\Takeout Zips\takeout-20260602T071913Z-11-024.zip,takeout-20260602T071913Z-11-024.zip,Takeout/Drive/Unorganized/DSC01997.JPG,C:\Users\thoma\Documents\Cyber Crimes Tools\Takeout Extracted\Takeout\Drive\Unorganized\DSC01997.JPG,2924039,2013-03-01 07:01:54,ExtractNamedRelevant
C:\Users\thoma\Documents\Cyber Crimes Tools\Takeout Zips\takeout-20260602T071913Z-11-024.zip,takeout-20260602T071913Z-11-024.zip,Takeout/Drive/Unorganized/231_2091.JPG,C:\Users\thoma\Documents\Cyber Crimes Tools\Takeout Extracted\Takeout\Drive\Unorganized\231_2091.JPG,1052518,2013-03-01 01:34:46,ExtractNamedRelevant
C:\Users\thoma\Documents\Cyber Crimes Tools\Takeout Zips\takeout-20260602T071913Z-11-024.zip,takeout-20260602T071913Z-11-024.zip,Takeout/Drive/Unorganized/231_2092.JPG,C:\Users\thoma\Documents\Cyber Crimes Tools\Takeout Extracted\Takeout\Drive\Unorganized\231_2092.JPG,1054077,2013-03-01 01:34:56,ExtractNamedRelevant
C:\Users\thoma\Documents\Cyber Crimes Tools\Takeout Zips\takeout-20260602T071913Z-11-024.zip,takeout-20260602T071913Z-11-024.zip,Takeout/Drive/Unorganized/231_2089.JPG,C:\Users\thoma\Documents\Cyber Crimes Tools\Takeout Extracted\Takeout\Drive\Unorganized\231_2089.JPG,1000789,2013-03-01 01:34:40,ExtractNamedRelevant
C:\Users\thoma\Documents\Cyber Crimes Tools\Takeout Zips\takeout-20260602T071913Z-11-024.zip,takeout-20260602T071913Z-11-024.zip,Takeout/Drive/Unorganized/Beach Day_March 2011 (22).JPG,C:\Users\thoma\Documents\Cyber Crimes Tools\Takeout Extracted\Takeout\Drive\Unorganized\Beach Day_March 2011 (22).JPG,1312483,2013-03-01 06:34:48,ExtractNamedRelevant
C:\Users\thoma\Documents\Cyber Crimes Tools\Takeout Zips\takeout-20260602T071913Z-11-024.zip,takeout-20260602T071913Z-11-024.zip,Takeout/Drive/Unorganized/204_1546.JPG,C:\Users\thoma\Documents\Cyber Crimes Tools\Takeout Extracted\Takeout\Drive\Unorganized\204_1546.JPG,2926247,2013-02-28 23:35:58,ExtractNamedRelevant
C:\Users\thoma\Documents\Cyber Crimes Tools\Takeout Zips\takeout-20260602T071913Z-11-024.zip,takeout-20260602T071913Z-11-024.zip,Takeout/Drive/Unorganized/DSC01993.JPG,C:\Users\thoma\Documents\Cyber Crimes Tools\Takeout Extracted\Takeout\Drive\Unorganized\DSC01993.JPG,2881259,2013-03-01 07:01:10,ExtractNamedRelevant
C:\Users\thoma\Documents\Cyber Crimes Tools\Takeout Zips\takeout-20260602T071913Z-11-024.zip,takeout-20260602T071913Z-11-024.zip,Takeout/Drive/Unorganized/DSC01994.JPG,C:\Users\thoma\Documents\Cyber Crimes Tools\Takeout Extracted\Takeout\Drive\Unorganized\DSC01994.JPG,2923885,2013-03-01 07:01:22,ExtractNamedRelevant
C:\Users\thoma\Documents\Cyber Crimes Tools\Takeout Zips\takeout-20260602T071913Z-11-024.zip,takeout-20260602T071913Z-11-024.zip,Takeout/Drive/Unorganized/204_1567.JPG,C:\Users\thoma\Documents\Cyber Crimes Tools\Takeout Extracted\Takeout\Drive\Unorganized\204_1567.JPG,949677,2013-02-28 23:38:32,ExtractNamedRelevant
C:\Users\thoma\Documents\Cyber Crimes Tools\Takeout Zips\takeout-20260602T071913Z-11-024.zip,takeout-20260602T071913Z-11-024.zip,Takeout/Drive/Unorganized/204_1565.JPG,C:\Users\thoma\Documents\Cyber Crimes Tools\Takeout Extracted\Takeout\Drive\Unorganized\204_1565.JPG,1366707,2013-02-28 23:38:24,ExtractNamedRelevant
C:\Users\thoma\Documents\Cyber Crimes Tools\Takeout Zips\takeout-20260602T071913Z-11-024.zip,takeout-20260602T071913Z-11-024.zip,Takeout/Drive/Unorganized/204_1566.JPG,C:\Users\thoma\Documents\Cyber Crimes Tools\Takeout Extracted\Takeout\Drive\Unorganized\204_1566.JPG,950403,2013-02-28 23:38:28,ExtractNamedRelevant
C:\Users\thoma\Documents\Cyber Crimes Tools\Takeout Zips\takeout-20260602T071913Z-11-024.zip,takeout-20260602T071913Z-11-024.zip,Takeout/Drive/Unorganized/204_1563.JPG,C:\Users\thoma\Documents\Cyber Crimes Tools\Takeout Extracted\Takeout\Drive\Unorganized\204_1563.JPG,1574013,2013-02-28 23:38:12,ExtractNamedRelevant
C:\Users\thoma\Documents\Cyber Crimes Tools\Takeout Zips\takeout-20260602T071913Z-11-024.zip,takeout-20260602T071913Z-11-024.zip,Takeout/Drive/Unorganized/204_1564.JPG,C:\Users\thoma\Documents\Cyber Crimes Tools\Takeout Extracted\Takeout\Drive\Unorganized\204_1564.JPG,1284387,2013-02-28 23:38:18,ExtractNamedRelevant
C:\Users\thoma\Documents\Cyber Crimes Tools\Takeout Zips\takeout-20260602T071913Z-11-024.zip,takeout-20260602T071913Z-11-024.zip,Takeout/Drive/Unorganized/204_1562.JPG,C:\Users\thoma\Documents\Cyber Crimes Tools\Takeout Extracted\Takeout\Drive\Unorganized\204_1562.JPG,1516438,2013-02-28 23:38:06,ExtractNamedRelevant
C:\Users\thoma\Documents\Cyber Crimes Tools\Takeout Zips\takeout-20260602T071913Z-11-024.zip,takeout-20260602T071913Z-11-024.zip,Takeout/Drive/Unorganized/204_1556.JPG,C:\Users\thoma\Documents\Cyber Crimes Tools\Takeout Extracted\Takeout\Drive\Unorganized\204_1556.JPG,2604278,2013-02-28 23:37:20,ExtractNamedRelevant
C:\Users\thoma\Documents\Cyber Crimes Tools\Takeout Zips\takeout-20260602T071913Z-11-024.zip,takeout-20260602T071913Z-11-024.zip,Takeout/Drive/Unorganized/204_1538.JPG,C:\Users\thoma\Documents\Cyber Crimes Tools\Takeout Extracted\Takeout\Drive\Unorganized\204_1538.JPG,3012731,2013-02-28 23:34:42,ExtractNamedRelevant
C:\Users\thoma\Documents\Cyber Crimes Tools\Takeout Zips\takeout-20260602T071913Z-11-024.zip,takeout-20260602T071913Z-11-024.zip,Takeout/Drive/Unorganized/204_1551.JPG,C:\Users\thoma\Documents\Cyber Crimes Tools\Takeout Extracted\Takeout\Drive\Unorganized\204_1551.JPG,1396513,2013-02-28 23:36:38,ExtractNamedRelevant
C:\Users\thoma\Documents\Cyber Crimes Tools\Takeout Zips\takeout-20260602T071913Z-11-024.zip,takeout-20260602T071913Z-11-024.zip,Takeout/Drive/Unorganized/204_1557.JPG,C:\Users\thoma\Documents\Cyber Crimes Tools\Takeout Extracted\Takeout\Drive\Unorganized\204_1557.JPG,3612187,2013-02-28 23:37:32,ExtractNamedRelevant
C:\Users\thoma\Documents\Cyber Crimes Tools\Takeout Zips\takeout-20260602T071913Z-11-024.zip,takeout-20260602T071913Z-11-024.zip,Takeout/Drive/Unorganized/204_1561.JPG,C:\Users\thoma\Documents\Cyber Crimes Tools\Takeout Extracted\Takeout\Drive\Unorganized\204_1561.JPG,1354103,2013-02-28 23:38:00,ExtractNamedRelevant
C:\Users\thoma\Documents\Cyber Crimes Tools\Takeout Zips\takeout-20260602T071913Z-11-024.zip,takeout-20260602T071913Z-11-024.zip,Takeout/Drive/Unorganized/204_1558.JPG,C:\Users\thoma\Documents\Cyber Crimes Tools\Takeout Extracted\Takeout\Drive\Unorganized\204_1558.JPG,3703243,2013-02-28 23:37:44,ExtractNamedRelevant
C:\Users\thoma\Documents\Cyber Crimes Tools\Takeout Zips\takeout-20260602T071913Z-11-024.zip,takeout-20260602T071913Z-11-024.zip,Takeout/Drive/Unorganized/204_1555.JPG,C:\Users\thoma\Documents\Cyber Crimes Tools\Takeout Extracted\Takeout\Drive\Unorganized\204_1555.JPG,2548579,2013-02-28 23:37:10,ExtractNamedRelevant
C:\Users\thoma\Documents\Cyber Crimes Tools\Takeout Zips\takeout-20260602T071913Z-11-024.zip,takeout-20260602T071913Z-11-024.zip,Takeout/Drive/Unorganized/204_1528.JPG,C:\Users\thoma\Documents\Cyber Crimes Tools\Takeout Extracted\Takeout\Drive\Unorganized\204_1528.JPG,2250996,2013-02-28 23:33:24,ExtractNamedRelevant
C:\Users\thoma\Documents\Cyber Crimes Tools\Takeout Zips\takeout-20260602T071913Z-11-024.zip,takeout-20260602T071913Z-11-024.zip,Takeout/Drive/Unorganized/204_1552.JPG,C:\Users\thoma\Documents\Cyber Crimes Tools\Takeout Extracted\Takeout\Drive\Unorganized\204_1552.JPG,2289823,2013-02-28 23:36:46,ExtractNamedRelevant
C:\Users\thoma\Documents\Cyber Crimes Tools\Takeout Zips\takeout-20260602T071913Z-11-024.zip,takeout-20260602T071913Z-11-024.zip,Takeout/Drive/Unorganized/204_1549.JPG,C:\Users\thoma\Documents\Cyber Crimes Tools\Takeout Extracted\Takeout\Drive\Unorganized\204_1549.JPG,1239199,2013-02-28 23:36:24,ExtractNamedRelevant
C:\Users\thoma\Documents\Cyber Crimes Tools\Takeout Zips\takeout-20260602T071913Z-11-024.zip,takeout-20260602T071913Z-11-024.zip,Takeout/Drive/Unorganized/204_1559.JPG,C:\Users\thoma\Documents\Cyber Crimes Tools\Takeout Extracted\Takeout\Drive\Unorganized\204_1559.JPG,1304248,2013-02-28 23:37:50,ExtractNamedRelevant
C:\Users\thoma\Documents\Cyber Crimes Tools\Takeout Zips\takeout-20260602T071913Z-11-024.zip,takeout-20260602T071913Z-11-024.zip,Takeout/Drive/Unorganized/204_1554.JPG,C:\Users\thoma\Documents\Cyber Crimes Tools\Takeout Extracted\Takeout\Drive\Unorganized\204_1554.JPG,2248289,2013-02-28 23:37:02,ExtractNamedRelevant
C:\Users\thoma\Documents\Cyber Crimes Tools\Takeout Zips\takeout-20260602T071913Z-11-024.zip,takeout-20260602T071913Z-11-024.zip,Takeout/Drive/Unorganized/204_1553.JPG,C:\Users\thoma\Documents\Cyber Crimes Tools\Takeout Extracted\Takeout\Drive\Unorganized\204_1553.JPG,2138504,2013-02-28 23:36:54,ExtractNamedRelevant
C:\Users\thoma\Documents\Cyber Crimes Tools\Takeout Zips\takeout-20260602T071913Z-11-024.zip,takeout-20260602T071913Z-11-024.zip,Takeout/Drive/Unorganized/IMG_3515.jpg,C:\Users\thoma\Documents\Cyber Crimes Tools\Takeout Extracted\Takeout\Drive\Unorganized\IMG_3515.jpg,2549888,2013-03-01 02:46:04,ExtractNamedRelevant
C:\Users\thoma\Documents\Cyber Crimes Tools\Takeout Zips\takeout-20260602T071913Z-11-024.zip,takeout-20260602T071913Z-11-024.zip,Takeout/Drive/Unorganized/204_1560.JPG,C:\Users\thoma\Documents\Cyber Crimes Tools\Takeout Extracted\Takeout\Drive\Unorganized\204_1560.JPG,1575769,2013-02-28 23:37:56,ExtractNamedRelevant
C:\Users\thoma\Documents\Cyber Crimes Tools\Takeout Zips\takeout-20260602T071913Z-11-024.zip,takeout-20260602T071913Z-11-024.zip,Takeout/Drive/Unorganized/204_1550.JPG,C:\Users\thoma\Documents\Cyber Crimes Tools\Takeout Extracted\Takeout\Drive\Unorganized\204_1550.JPG,2683088,2013-02-28 23:36:32,ExtractNamedRelevant
C:\Users\thoma\Documents\Cyber Crimes Tools\Takeout Zips\takeout-20260602T071913Z-11-024.zip,takeout-20260602T071913Z-11-024.zip,Takeout/Drive/Unorganized/204_1545.JPG,C:\Users\thoma\Documents\Cyber Crimes Tools\Takeout Extracted\Takeout\Drive\Unorganized\204_1545.JPG,2871987,2013-02-28 23:35:48,ExtractNamedRelevant
C:\Users\thoma\Documents\Cyber Crimes Tools\Takeout Zips\takeout-20260602T071913Z-11-024.zip,takeout-20260602T071913Z-11-024.zip,Takeout/Drive/Unorganized/204_1548.JPG,C:\Users\thoma\Documents\Cyber Crimes Tools\Takeout Extracted\Takeout\Drive\Unorganized\204_1548.JPG,2895795,2013-02-28 23:36:18,ExtractNamedRelevant
C:\Users\thoma\Documents\Cyber Crimes Tools\Takeout Zips\takeout-20260602T071913Z-11-024.zip,takeout-20260602T071913Z-11-024.zip,Takeout/Drive/Unorganized/204_1541.JPG,C:\Users\thoma\Documents\Cyber Crimes Tools\Takeout Extracted\Takeout\Drive\Unorganized\204_1541.JPG,2992731,2013-02-28 23:35:12,ExtractNamedRelevant
C:\Users\thoma\Documents\Cyber Crimes Tools\Takeout Zips\takeout-20260602T071913Z-11-024.zip,takeout-20260602T071913Z-11-024.zip,Takeout/Drive/Unorganized/204_1544.JPG,C:\Users\thoma\Documents\Cyber Crimes Tools\Takeout Extracted\Takeout\Drive\Unorganized\204_1544.JPG,2428454,2013-02-28 23:35:38,ExtractNamedRelevant
C:\Users\thoma\Documents\Cyber Crimes Tools\Takeout Zips\takeout-20260602T071913Z-11-024.zip,takeout-20260602T071913Z-11-024.zip,Takeout/Drive/Unorganized/204_1542.JPG,C:\Users\thoma\Documents\Cyber Crimes Tools\Takeout Extracted\Takeout\Drive\Unorganized\204_1542.JPG,2716678,2013-02-28 23:35:20,ExtractNamedRelevant
C:\Users\thoma\Documents\Cyber Crimes Tools\Takeout Zips\takeout-20260602T071913Z-11-024.zip,takeout-20260602T071913Z-11-024.zip,Takeout/Drive/Unorganized/204_1543.JPG,C:\Users\thoma\Documents\Cyber Crimes Tools\Takeout Extracted\Takeout\Drive\Unorganized\204_1543.JPG,2380522,2013-02-28 23:35:30,ExtractNamedRelevant
C:\Users\thoma\Documents\Cyber Crimes Tools\Takeout Zips\takeout-20260602T071913Z-11-024.zip,takeout-20260602T071913Z-11-024.zip,Takeout/Drive/Unorganized/204_1539.JPG,C:\Users\thoma\Documents\Cyber Crimes Tools\Takeout Extracted\Takeout\Drive\Unorganized\204_1539.JPG,2951512,2013-02-28 23:34:52,ExtractNamedRelevant
C:\Users\thoma\Documents\Cyber Crimes Tools\Takeout Zips\takeout-20260602T071913Z-11-024.zip,takeout-20260602T071913Z-11-024.zip,Takeout/Drive/Unorganized/204_1535.JPG,C:\Users\thoma\Documents\Cyber Crimes Tools\Takeout Extracted\Takeout\Drive\Unorganized\204_1535.JPG,2304406,2013-02-28 23:34:16,ExtractNamedRelevant
C:\Users\thoma\Documents\Cyber Crimes Tools\Takeout Zips\takeout-20260602T071913Z-11-024.zip,takeout-20260602T071913Z-11-024.zip,Takeout/Drive/Unorganized/204_1540.JPG,C:\Users\thoma\Documents\Cyber Crimes Tools\Takeout Extracted\Takeout\Drive\Unorganized\204_1540.JPG,2732212,2013-02-28 23:35:02,ExtractNamedRelevant
C:\Users\thoma\Documents\Cyber Crimes Tools\Takeout Zips\takeout-20260602T071913Z-11-024.zip,takeout-20260602T071913Z-11-024.zip,Takeout/Drive/Unorganized/204_1537.JPG,C:\Users\thoma\Documents\Cyber Crimes Tools\Takeout Extracted\Takeout\Drive\Unorganized\204_1537.JPG,2858735,2013-02-28 23:34:32,ExtractNamedRelevant
C:\Users\thoma\Documents\Cyber Crimes Tools\Takeout Zips\takeout-20260602T071913Z-11-024.zip,takeout-20260602T071913Z-11-024.zip,Takeout/Drive/Unorganized/204_1536.JPG,C:\Users\thoma\Documents\Cyber Crimes Tools\Takeout Extracted\Takeout\Drive\Unorganized\204_1536.JPG,1775379,2013-02-28 23:34:22,ExtractNamedRelevant
C:\Users\thoma\Documents\Cyber Crimes Tools\Takeout Zips\takeout-20260602T071913Z-11-024.zip,takeout-20260602T071913Z-11-024.zip,Takeout/Drive/Unorganized/204_1534.JPG,C:\Users\thoma\Documents\Cyber Crimes Tools\Takeout Extracted\Takeout\Drive\Unorganized\204_1534.JPG,2062123,2013-02-28 23:34:06,ExtractNamedRelevant
C:\Users\thoma\Documents\Cyber Crimes Tools\Takeout Zips\takeout-20260602T071913Z-11-024.zip,takeout-20260602T071913Z-11-024.zip,Takeout/Drive/Unorganized/204_1533.JPG,C:\Users\thoma\Documents\Cyber Crimes Tools\Takeout Extracted\Takeout\Drive\Unorganized\204_1533.JPG,2340546,2013-02-28 23:33:58,ExtractNamedRelevant
C:\Users\thoma\Documents\Cyber Crimes Tools\Takeout Zips\takeout-20260602T071913Z-11-024.zip,takeout-20260602T071913Z-11-024.zip,Takeout/Drive/Unorganized/204_1530.JPG,C:\Users\thoma\Documents\Cyber Crimes Tools\Takeout Extracted\Takeout\Drive\Unorganized\204_1530.JPG,2355129,2013-02-28 23:33:42,ExtractNamedRelevant
C:\Users\thoma\Documents\Cyber Crimes Tools\Takeout Zips\takeout-20260602T071913Z-11-024.zip,takeout-20260602T071913Z-11-024.zip,Takeout/Drive/Unorganized/204_1529.JPG,C:\Users\thoma\Documents\Cyber Crimes Tools\Takeout Extracted\Takeout\Drive\Unorganized\204_1529.JPG,2892238,2013-02-28 23:33:34,ExtractNamedRelevant
C:\Users\thoma\Documents\Cyber Crimes Tools\Takeout Zips\takeout-20260602T071913Z-11-024.zip,takeout-20260602T071913Z-11-024.zip,Takeout/Drive/Unorganized/204_1531.JPG,C:\Users\thoma\Documents\Cyber Crimes Tools\Takeout Extracted\Takeout\Drive\Unorganized\204_1531.JPG,2352560,2013-02-28 23:33:50,ExtractNamedRelevant
C:\Users\thoma\Documents\Cyber Crimes Tools\Takeout Zips\takeout-20260602T071913Z-11-024.zip,takeout-20260602T071913Z-11-024.zip,Takeout/Drive/Unorganized/204_1505.JPG,C:\Users\thoma\Documents\Cyber Crimes Tools\Takeout Extracted\Takeout\Drive\Unorganized\204_1505.JPG,1244357,2013-02-28 23:15:46,ExtractNamedRelevant
C:\Users\thoma\Documents\Cyber Crimes Tools\Takeout Zips\takeout-20260602T071913Z-11-024.zip,takeout-20260602T071913Z-11-024.zip,Takeout/Drive/Unorganized/204_1527.JPG,C:\Users\thoma\Documents\Cyber Crimes Tools\Takeout Extracted\Takeout\Drive\Unorganized\204_1527.JPG,2180787,2013-02-28 23:33:16,ExtractNamedRelevant
C:\Users\thoma\Documents\Cyber Crimes Tools\Takeout Zips\takeout-20260602T071913Z-11-024.zip,takeout-20260602T071913Z-11-024.zip,Takeout/Drive/Unorganized/204_1524.MOV,C:\Users\thoma\Documents\Cyber Crimes Tools\Takeout Extracted\Takeout\Drive\Unorganized\204_1524.MOV,52690394,2013-02-28 23:32:48,SkipLargeMediaEvenIfNamed
C:\Users\thoma\Documents\Cyber Crimes Tools\Takeout Zips\takeout-20260602T071913Z-11-024.zip,takeout-20260602T071913Z-11-024.zip,Takeout/Drive/Unorganized/204_1523.JPG,C:\Users\thoma\Documents\Cyber Crimes Tools\Takeout Extracted\Takeout\Drive\Unorganized\204_1523.JPG,2736867,2013-02-28 23:30:16,ExtractNamedRelevant
C:\Users\thoma\Documents\Cyber Crimes Tools\Takeout Zips\takeout-20260602T071913Z-11-024.zip,takeout-20260602T071913Z-11-024.zip,Takeout/Drive/Unorganized/204_1509.JPG,C:\Users\thoma\Documents\Cyber Crimes Tools\Takeout Extracted\Takeout\Drive\Unorganized\204_1509.JPG,2766714,2013-02-28 23:28:08,ExtractNamedRelevant
C:\Users\thoma\Documents\Cyber Crimes Tools\Takeout Zips\takeout-20260602T071913Z-11-024.zip,takeout-20260602T071913Z-11-024.zip,Takeout/Drive/Unorganized/204_1525.JPG,C:\Users\thoma\Documents\Cyber Crimes Tools\Takeout Extracted\Takeout\Drive\Unorganized\204_1525.JPG,3536191,2013-02-28 23:33:00,ExtractNamedRelevant
C:\Users\thoma\Documents\Cyber Crimes Tools\Takeout Zips\takeout-20260602T071913Z-11-024.zip,takeout-20260602T071913Z-11-024.zip,Takeout/Drive/Unorganized/204_1501.JPG,C:\Users\thoma\Documents\Cyber Crimes Tools\Takeout Extracted\Takeout\Drive\Unorganized\204_1501.JPG,1327425,2013-02-28 23:15:26,ExtractNamedRelevant
C:\Users\thoma\Documents\Cyber Crimes Tools\Takeout Zips\takeout-20260602T071913Z-11-024.zip,takeout-20260602T071913Z-11-024.zip,Takeout/Drive/Unorganized/204_1526.JPG,C:\Users\thoma\Documents\Cyber Crimes Tools\Takeout Extracted\Takeout\Drive\Unorganized\204_1526.JPG,2277844,2013-02-28 23:33:08,ExtractNamedRelevant
C:\Users\thoma\Documents\Cyber Crimes Tools\Takeout Zips\takeout-20260602T071913Z-11-024.zip,takeout-20260602T071913Z-11-024.zip,Takeout/Drive/Unorganized/204_1522.JPG,C:\Users\thoma\Documents\Cyber Crimes Tools\Takeout Extracted\Takeout\Drive\Unorganized\204_1522.JPG,2479087,2013-02-28 23:30:06,ExtractNamedRelevant
C:\Users\thoma\Documents\Cyber Crimes Tools\Takeout Zips\takeout-20260602T071913Z-11-024.zip,takeout-20260602T071913Z-11-024.zip,Takeout/Drive/Unorganized/204_1521.JPG,C:\Users\thoma\Documents\Cyber Crimes Tools\Takeout Extracted\Takeout\Drive\Unorganized\204_1521.JPG,2817215,2013-02-28 23:29:58,ExtractNamedRelevant
C:\Users\thoma\Documents\Cyber Crimes Tools\Takeout Zips\takeout-20260602T071913Z-11-024.zip,takeout-20260602T071913Z-11-024.zip,Takeout/Drive/Unorganized/204_1518.JPG,C:\Users\thoma\Documents\Cyber Crimes Tools\Takeout Extracted\Takeout\Drive\Unorganized\204_1518.JPG,3173508,2013-02-28 23:29:30,ExtractNamedRelevant
C:\Users\thoma\Documents\Cyber Crimes Tools\Takeout Zips\takeout-20260602T071913Z-11-024.zip,takeout-20260602T071913Z-11-024.zip,Takeout/Drive/Unorganized/204_1516.JPG,C:\Users\thoma\Documents\Cyber Crimes Tools\Takeout Extracted\Takeout\Drive\Unorganized\204_1516.JPG,2113299,2013-02-28 23:29:10,ExtractNamedRelevant
C:\Users\thoma\Documents\Cyber Crimes Tools\Takeout Zips\takeout-20260602T071913Z-11-024.zip,takeout-20260602T071913Z-11-024.zip,Takeout/Drive/Unorganized/204_1514.JPG,C:\Users\thoma\Documents\Cyber Crimes Tools\Takeout Extracted\Takeout\Drive\Unorganized\204_1514.JPG,2839103,2013-02-28 23:28:56,ExtractNamedRelevant
C:\Users\thoma\Documents\Cyber Crimes Tools\Takeout Zips\takeout-20260602T071913Z-11-024.zip,takeout-20260602T071913Z-11-024.zip,Takeout/Drive/Unorganized/204_1508.MOV,C:\Users\thoma\Documents\Cyber Crimes Tools\Takeout Extracted\Takeout\Drive\Unorganized\204_1508.MOV,249395374,2013-02-28 23:28:00,SkipLargeMediaEvenIfNamed
C:\Users\thoma\Documents\Cyber Crimes Tools\Takeout Zips\takeout-20260602T071913Z-11-024.zip,takeout-20260602T071913Z-11-024.zip,Takeout/Drive/Unorganized/204_1496.JPG,C:\Users\thoma\Documents\Cyber Crimes Tools\Takeout Extracted\Takeout\Drive\Unorganized\204_1496.JPG,1041237,2013-02-28 23:15:02,ExtractNamedRelevant
C:\Users\thoma\Documents\Cyber Crimes Tools\Takeout Zips\takeout-20260602T071913Z-11-024.zip,takeout-20260602T071913Z-11-024.zip,Takeout/Drive/Unorganized/204_1517.JPG,C:\Users\thoma\Documents\Cyber Crimes Tools\Takeout Extracted\Takeout\Drive\Unorganized\204_1517.JPG,2889563,2013-02-28 23:29:20,ExtractNamedRelevant
C:\Users\thoma\Documents\Cyber Crimes Tools\Takeout Zips\takeout-20260602T071913Z-11-024.zip,takeout-20260602T071913Z-11-024.zip,Takeout/Drive/Unorganized/204_1519.JPG,C:\Users\thoma\Documents\Cyber Crimes Tools\Takeout Extracted\Takeout\Drive\Unorganized\204_1519.JPG,2331847,2013-02-28 23:29:38,ExtractNamedRelevant
C:\Users\thoma\Documents\Cyber Crimes Tools\Takeout Zips\takeout-20260602T071913Z-11-024.zip,takeout-20260602T071913Z-11-024.zip,Takeout/Drive/Unorganized/204_1503.JPG,C:\Users\thoma\Documents\Cyber Crimes Tools\Takeout Extracted\Takeout\Drive\Unorganized\204_1503.JPG,1174066,2013-02-28 23:15:36,ExtractNamedRelevant
C:\Users\thoma\Documents\Cyber Crimes Tools\Takeout Zips\takeout-20260602T071913Z-11-024.zip,takeout-20260602T071913Z-11-024.zip,Takeout/Drive/Unorganized/204_1489.JPG,C:\Users\thoma\Documents\Cyber Crimes Tools\Takeout Extracted\Takeout\Drive\Unorganized\204_1489.JPG,1691716,2013-02-28 23:14:22,ExtractNamedRelevant
C:\Users\thoma\Documents\Cyber Crimes Tools\Takeout Zips\takeout-20260602T071913Z-11-024.zip,takeout-20260602T071913Z-11-024.zip,Takeout/Drive/Unorganized/204_1513.JPG,C:\Users\thoma\Documents\Cyber Crimes Tools\Takeout Extracted\Takeout\Drive\Unorganized\204_1513.JPG,2441285,2013-02-28 23:28:46,ExtractNamedRelevant
C:\Users\thoma\Documents\Cyber Crimes Tools\Takeout Zips\takeout-20260602T071913Z-11-024.zip,takeout-20260602T071913Z-11-024.zip,Takeout/Drive/Unorganized/204_1515.JPG,C:\Users\thoma\Documents\Cyber Crimes Tools\Takeout Extracted\Takeout\Drive\Unorganized\204_1515.JPG,1651579,2013-02-28 23:29:02,ExtractNamedRelevant
C:\Users\thoma\Documents\Cyber Crimes Tools\Takeout Zips\takeout-20260602T071913Z-11-024.zip,takeout-20260602T071913Z-11-024.zip,Takeout/Drive/Unorganized/204_1520.JPG,C:\Users\thoma\Documents\Cyber Crimes Tools\Takeout Extracted\Takeout\Drive\Unorganized\204_1520.JPG,2905970,2013-02-28 23:29:48,ExtractNamedRelevant
C:\Users\thoma\Documents\Cyber Crimes Tools\Takeout Zips\takeout-20260602T071913Z-11-024.zip,takeout-20260602T071913Z-11-024.zip,Takeout/Drive/Unorganized/204_1512.JPG,C:\Users\thoma\Documents\Cyber Crimes Tools\Takeout Extracted\Takeout\Drive\Unorganized\204_1512.JPG,2616571,2013-02-28 23:28:38,ExtractNamedRelevant
C:\Users\thoma\Documents\Cyber Crimes Tools\Takeout Zips\takeout-20260602T071913Z-11-024.zip,takeout-20260602T071913Z-11-024.zip,Takeout/Drive/Unorganized/204_1495.JPG,C:\Users\thoma\Documents\Cyber Crimes Tools\Takeout Extracted\Takeout\Drive\Unorganized\204_1495.JPG,1112626,2013-02-28 23:14:56,ExtractNamedRelevant
C:\Users\thoma\Documents\Cyber Crimes Tools\Takeout Zips\takeout-20260602T071913Z-11-024.zip,takeout-20260602T071913Z-11-024.zip,Takeout/Drive/Unorganized/204_1511.JPG,C:\Users\thoma\Documents\Cyber Crimes Tools\Takeout Extracted\Takeout\Drive\Unorganized\204_1511.JPG,2688866,2013-02-28 23:28:28,ExtractNamedRelevant
C:\Users\thoma\Documents\Cyber Crimes Tools\Takeout Zips\takeout-20260602T071913Z-11-024.zip,takeout-20260602T071913Z-11-024.zip,Takeout/Drive/Unorganized/228_1971.JPG,C:\Users\thoma\Documents\Cyber Crimes Tools\Takeout Extracted\Takeout\Drive\Unorganized\228_1971.JPG,1098997,2013-03-01 00:57:16,ExtractNamedRelevant
C:\Users\thoma\Documents\Cyber Crimes Tools\Takeout Zips\takeout-20260602T071913Z-11-024.zip,takeout-20260602T071913Z-11-024.zip,Takeout/Drive/Unorganized/204_1507.JPG,C:\Users\thoma\Documents\Cyber Crimes Tools\Takeout Extracted\Takeout\Drive\Unorganized\204_1507.JPG,1145701,2013-02-28 23:15:56,ExtractNamedRelevant
C:\Users\thoma\Documents\Cyber Crimes Tools\Takeout Zips\takeout-20260602T071913Z-11-024.zip,takeout-20260602T071913Z-11-024.zip,Takeout/Drive/Unorganized/204_1504.JPG,C:\Users\thoma\Documents\Cyber Crimes Tools\Takeout Extracted\Takeout\Drive\Unorganized\204_1504.JPG,1103941,2013-02-28 23:15:40,ExtractNamedRelevant
C:\Users\thoma\Documents\Cyber Crimes Tools\Takeout Zips\takeout-20260602T071913Z-11-024.zip,takeout-20260602T071913Z-11-024.zip,Takeout/Drive/Unorganized/204_1506.JPG,C:\Users\thoma\Documents\Cyber Crimes Tools\Takeout Extracted\Takeout\Drive\Unorganized\204_1506.JPG,1223502,2013-02-28 23:15:50,ExtractNamedRelevant
C:\Users\thoma\Documents\Cyber Crimes Tools\Takeout Zips\takeout-20260602T071913Z-11-024.zip,takeout-20260602T071913Z-11-024.zip,Takeout/Drive/Unorganized/204_1493.JPG,C:\Users\thoma\Documents\Cyber Crimes Tools\Takeout Extracted\Takeout\Drive\Unorganized\204_1493.JPG,1745736,2013-02-28 23:14:46,ExtractNamedRelevant
C:\Users\thoma\Documents\Cyber Crimes Tools\Takeout Zips\takeout-20260602T071913Z-11-024.zip,takeout-20260602T071913Z-11-024.zip,Takeout/Drive/Unorganized/204_1491.JPG,C:\Users\thoma\Documents\Cyber Crimes Tools\Takeout Extracted\Takeout\Drive\Unorganized\204_1491.JPG,1814153,2013-02-28 23:14:34,ExtractNamedRelevant
C:\Users\thoma\Documents\Cyber Crimes Tools\Takeout Zips\takeout-20260602T071913Z-11-024.zip,takeout-20260602T071913Z-11-024.zip,Takeout/Drive/Unorganized/204_1484.JPG,C:\Users\thoma\Documents\Cyber Crimes Tools\Takeout Extracted\Takeout\Drive\Unorganized\204_1484.JPG,960507,2013-02-28 23:13:56,ExtractNamedRelevant
C:\Users\thoma\Documents\Cyber Crimes Tools\Takeout Zips\takeout-20260602T071913Z-11-024.zip,takeout-20260602T071913Z-11-024.zip,Takeout/Drive/Unorganized/204_1499.JPG,C:\Users\thoma\Documents\Cyber Crimes Tools\Takeout Extracted\Takeout\Drive\Unorganized\204_1499.JPG,1324945,2013-02-28 23:15:16,ExtractNamedRelevant
C:\Users\thoma\Documents\Cyber Crimes Tools\Takeout Zips\takeout-20260602T071913Z-11-024.zip,takeout-20260602T071913Z-11-024.zip,Takeout/Drive/Unorganized/204_1500.JPG,C:\Users\thoma\Documents\Cyber Crimes Tools\Takeout Extracted\Takeout\Drive\Unorganized\204_1500.JPG,1343965,2013-02-28 23:15:20,ExtractNamedRelevant
C:\Users\thoma\Documents\Cyber Crimes Tools\Takeout Zips\takeout-20260602T071913Z-11-024.zip,takeout-20260602T071913Z-11-024.zip,Takeout/Drive/Unorganized/204_1492.JPG,C:\Users\thoma\Documents\Cyber Crimes Tools\Takeout Extracted\Takeout\Drive\Unorganized\204_1492.JPG,1783659,2013-02-28 23:14:40,ExtractNamedRelevant
C:\Users\thoma\Documents\Cyber Crimes Tools\Takeout Zips\takeout-20260602T071913Z-11-024.zip,takeout-20260602T071913Z-11-024.zip,Takeout/Drive/Unorganized/204_1502.JPG,C:\Users\thoma\Documents\Cyber Crimes Tools\Takeout Extracted\Takeout\Drive\Unorganized\204_1502.JPG,1282217,2013-02-28 23:15:32,ExtractNamedRelevant
C:\Users\thoma\Documents\Cyber Crimes Tools\Takeout Zips\takeout-20260602T071913Z-11-024.zip,takeout-20260602T071913Z-11-024.zip,Takeout/Drive/Unorganized/204_1490.JPG,C:\Users\thoma\Documents\Cyber Crimes Tools\Takeout Extracted\Takeout\Drive\Unorganized\204_1490.JPG,1073758,2013-02-28 23:14:26,ExtractNamedRelevant
C:\Users\thoma\Documents\Cyber Crimes Tools\Takeout Zips\takeout-20260602T071913Z-11-024.zip,takeout-20260602T071913Z-11-024.zip,Takeout/Drive/Unorganized/204_1457.JPG,C:\Users\thoma\Documents\Cyber Crimes Tools\Takeout Extracted\Takeout\Drive\Unorganized\204_1457.JPG,1031500,2013-02-28 23:11:56,ExtractNamedRelevant
C:\Users\thoma\Documents\Cyber Crimes Tools\Takeout Zips\takeout-20260602T071913Z-11-024.zip,takeout-20260602T071913Z-11-024.zip,Takeout/Drive/Unorganized/204_1547.JPG,C:\Users\thoma\Documents\Cyber Crimes Tools\Takeout Extracted\Takeout\Drive\Unorganized\204_1547.JPG,3118477,2013-02-28 23:36:08,ExtractNamedRelevant
C:\Users\thoma\Documents\Cyber Crimes Tools\Takeout Zips\takeout-20260602T071913Z-11-024.zip,takeout-20260602T071913Z-11-024.zip,Takeout/Drive/Unorganized/204_1494.JPG,C:\Users\thoma\Documents\Cyber Crimes Tools\Takeout Extracted\Takeout\Drive\Unorganized\204_1494.JPG,1077243,2013-02-28 23:14:52,ExtractNamedRelevant
C:\Users\thoma\Documents\Cyber Crimes Tools\Takeout Zips\takeout-20260602T071913Z-11-024.zip,takeout-20260602T071913Z-11-024.zip,Takeout/Drive/Unorganized/204_1488.JPG,C:\Users\thoma\Documents\Cyber Crimes Tools\Takeout Extracted\Takeout\Drive\Unorganized\204_1488.JPG,1691735,2013-02-28 23:14:16,ExtractNamedRelevant
C:\Users\thoma\Documents\Cyber Crimes Tools\Takeout Zips\takeout-20260602T071913Z-11-024.zip,takeout-20260602T071913Z-11-024.zip,Takeout/Drive/Unorganized/204_1497.JPG,C:\Users\thoma\Documents\Cyber Crimes Tools\Takeout Extracted\Takeout\Drive\Unorganized\204_1497.JPG,924960,2013-02-28 23:15:06,ExtractNamedRelevant
C:\Users\thoma\Documents\Cyber Crimes Tools\Takeout Zips\takeout-20260602T071913Z-11-024.zip,takeout-20260602T071913Z-11-024.zip,Takeout/Drive/Unorganized/204_1498.JPG,C:\Users\thoma\Documents\Cyber Crimes Tools\Takeout Extracted\Takeout\Drive\Unorganized\204_1498.JPG,1147726,2013-02-28 23:15:10,ExtractNamedRelevant
C:\Users\thoma\Documents\Cyber Crimes Tools\Takeout Zips\takeout-20260602T071913Z-11-024.zip,takeout-20260602T071913Z-11-024.zip,Takeout/Drive/Unorganized/204_1463.JPG,C:\Users\thoma\Documents\Cyber Crimes Tools\Takeout Extracted\Takeout\Drive\Unorganized\204_1463.JPG,997226,2013-02-28 23:12:24,ExtractNamedRelevant
C:\Users\thoma\Documents\Cyber Crimes Tools\Takeout Zips\takeout-20260602T071913Z-11-024.zip,takeout-20260602T071913Z-11-024.zip,Takeout/Drive/Unorganized/204_1467.JPG,C:\Users\thoma\Documents\Cyber Crimes Tools\Takeout Extracted\Takeout\Drive\Unorganized\204_1467.JPG,1042957,2013-02-28 23:12:42,ExtractNamedRelevant
C:\Users\thoma\Documents\Cyber Crimes Tools\Takeout Zips\takeout-20260602T071913Z-11-024.zip,takeout-20260602T071913Z-11-024.zip,Takeout/Drive/Unorganized/204_1487.JPG,C:\Users\thoma\Documents\Cyber Crimes Tools\Takeout Extracted\Takeout\Drive\Unorganized\204_1487.JPG,995650,2013-02-28 23:14:10,ExtractNamedRelevant
C:\Users\thoma\Documents\Cyber Crimes Tools\Takeout Zips\takeout-20260602T071913Z-11-024.zip,takeout-20260602T071913Z-11-024.zip,Takeout/Drive/Unorganized/204_1486.JPG,C:\Users\thoma\Documents\Cyber Crimes Tools\Takeout Extracted\Takeout\Drive\Unorganized\204_1486.JPG,1125258,2013-02-28 23:14:04,ExtractNamedRelevant
C:\Users\thoma\Documents\Cyber Crimes Tools\Takeout Zips\takeout-20260602T071913Z-11-024.zip,takeout-20260602T071913Z-11-024.zip,Takeout/Drive/Unorganized/204_1485.JPG,C:\Users\thoma\Documents\Cyber Crimes Tools\Takeout Extracted\Takeout\Drive\Unorganized\204_1485.JPG,1017214,2013-02-28 23:14:00,ExtractNamedRelevant
C:\Users\thoma\Documents\Cyber Crimes Tools\Takeout Zips\takeout-20260602T071913Z-11-024.zip,takeout-20260602T071913Z-11-024.zip,Takeout/Drive/Unorganized/204_1481.JPG,C:\Users\thoma\Documents\Cyber Crimes Tools\Takeout Extracted\Takeout\Drive\Unorganized\204_1481.JPG,1121719,2013-02-28 23:13:42,ExtractNamedRelevant
C:\Users\thoma\Documents\Cyber Crimes Tools\Takeout Zips\takeout-20260602T071913Z-11-024.zip,takeout-20260602T071913Z-11-024.zip,Takeout/Drive/Unorganized/204_1483.JPG,C:\Users\thoma\Documents\Cyber Crimes Tools\Takeout Extracted\Takeout\Drive\Unorganized\204_1483.JPG,1098921,2013-02-28 23:13:52,ExtractNamedRelevant
C:\Users\thoma\Documents\Cyber Crimes Tools\Takeout Zips\takeout-20260602T071913Z-11-024.zip,takeout-20260602T071913Z-11-024.zip,Takeout/Drive/Unorganized/204_1475.JPG,C:\Users\thoma\Documents\Cyber Crimes Tools\Takeout Extracted\Takeout\Drive\Unorganized\204_1475.JPG,1050855,2013-02-28 23:13:16,ExtractNamedRelevant
C:\Users\thoma\Documents\Cyber Crimes Tools\Takeout Zips\takeout-20260602T071913Z-11-024.zip,takeout-20260602T071913Z-11-024.zip,Takeout/Drive/Unorganized/204_1462.JPG,C:\Users\thoma\Documents\Cyber Crimes Tools\Takeout Extracted\Takeout\Drive\Unorganized\204_1462.JPG,1096795,2013-02-28 23:12:20,ExtractNamedRelevant
C:\Users\thoma\Documents\Cyber Crimes Tools\Takeout Zips\takeout-20260602T071913Z-11-024.zip,takeout-20260602T071913Z-11-024.zip,Takeout/Drive/Unorganized/204_1479.JPG,C:\Users\thoma\Documents\Cyber Crimes Tools\Takeout Extracted\Takeout\Drive\Unorganized\204_1479.JPG,1082192,2013-02-28 23:13:32,ExtractNamedRelevant
C:\Users\thoma\Documents\Cyber Crimes Tools\Takeout Zips\takeout-20260602T071913Z-11-024.zip,takeout-20260602T071913Z-11-024.zip,Takeout/Drive/Unorganized/204_1480.JPG,C:\Users\thoma\Documents\Cyber Crimes Tools\Takeout Extracted\Takeout\Drive\Unorganized\204_1480.JPG,1025530,2013-02-28 23:13:38,ExtractNamedRelevant
C:\Users\thoma\Documents\Cyber Crimes Tools\Takeout Zips\takeout-20260602T071913Z-11-024.zip,takeout-20260602T071913Z-11-024.zip,Takeout/Drive/Unorganized/204_1477.JPG,C:\Users\thoma\Documents\Cyber Crimes Tools\Takeout Extracted\Takeout\Drive\Unorganized\204_1477.JPG,974729,2013-02-28 23:13:24,ExtractNamedRelevant
C:\Users\thoma\Documents\Cyber Crimes Tools\Takeout Zips\takeout-20260602T071913Z-11-024.zip,takeout-20260602T071913Z-11-024.zip,Takeout/Drive/Unorganized/204_1476.JPG,C:\Users\thoma\Documents\Cyber Crimes Tools\Takeout Extracted\Takeout\Drive\Unorganized\204_1476.JPG,962895,2013-02-28 23:13:20,ExtractNamedRelevant
C:\Users\thoma\Documents\Cyber Crimes Tools\Takeout Zips\takeout-20260602T071913Z-11-024.zip,takeout-20260602T071913Z-11-024.zip,Takeout/Drive/Unorganized/204_1482.JPG,C:\Users\thoma\Documents\Cyber Crimes Tools\Takeout Extracted\Takeout\Drive\Unorganized\204_1482.JPG,1072935,2013-02-28 23:13:46,ExtractNamedRelevant
C:\Users\thoma\Documents\Cyber Crimes Tools\Takeout Zips\takeout-20260602T071913Z-11-024.zip,takeout-20260602T071913Z-11-024.zip,Takeout/Drive/Unorganized/204_1478.JPG,C:\Users\thoma\Documents\Cyber Crimes Tools\Takeout Extracted\Takeout\Drive\Unorganized\204_1478.JPG,1004529,2013-02-28 23:13:28,ExtractNamedRelevant
C:\Users\thoma\Documents\Cyber Crimes Tools\Takeout Zips\takeout-20260602T071913Z-11-024.zip,takeout-20260602T071913Z-11-024.zip,Takeout/Drive/Unorganized/204_1474.JPG,C:\Users\thoma\Documents\Cyber Crimes Tools\Takeout Extracted\Takeout\Drive\Unorganized\204_1474.JPG,842961,2013-02-28 23:13:10,ExtractNamedRelevant
C:\Users\thoma\Documents\Cyber Crimes Tools\Takeout Zips\takeout-20260602T071913Z-11-024.zip,takeout-20260602T071913Z-11-024.zip,Takeout/Drive/Unorganized/204_1472.JPG,C:\Users\thoma\Documents\Cyber Crimes Tools\Takeout Extracted\Takeout\Drive\Unorganized\204_1472.JPG,833207,2013-02-28 23:13:04,ExtractNamedRelevant
C:\Users\thoma\Documents\Cyber Crimes Tools\Takeout Zips\takeout-20260602T071913Z-11-024.zip,takeout-20260602T071913Z-11-024.zip,Takeout/Drive/Unorganized/204_1454.MOV,C:\Users\thoma\Documents\Cyber Crimes Tools\Takeout Extracted\Takeout\Drive\Unorganized\204_1454.MOV,97503265,2013-02-28 23:11:42,SkipLargeMediaEvenIfNamed
C:\Users\thoma\Documents\Cyber Crimes Tools\Takeout Zips\takeout-20260602T071913Z-11-024.zip,takeout-20260602T071913Z-11-024.zip,Takeout/Drive/Unorganized/204_1458.JPG,C:\Users\thoma\Documents\Cyber Crimes Tools\Takeout Extracted\Takeout\Drive\Unorganized\204_1458.JPG,1008647,2013-02-28 23:12:00,ExtractNamedRelevant
C:\Users\thoma\Documents\Cyber Crimes Tools\Takeout Zips\takeout-20260602T071913Z-11-024.zip,takeout-20260602T071913Z-11-024.zip,Takeout/Drive/Unorganized/204_1466.JPG,C:\Users\thoma\Documents\Cyber Crimes Tools\Takeout Extracted\Takeout\Drive\Unorganized\204_1466.JPG,1100477,2013-02-28 23:12:38,ExtractNamedRelevant
C:\Users\thoma\Documents\Cyber Crimes Tools\Takeout Zips\takeout-20260602T071913Z-11-024.zip,takeout-20260602T071913Z-11-024.zip,Takeout/Drive/Unorganized/204_1473.JPG,C:\Users\thoma\Documents\Cyber Crimes Tools\Takeout Extracted\Takeout\Drive\Unorganized\204_1473.JPG,892968,2013-02-28 23:13:08,ExtractNamedRelevant
C:\Users\thoma\Documents\Cyber Crimes Tools\Takeout Zips\takeout-20260602T071913Z-11-024.zip,takeout-20260602T071913Z-11-024.zip,Takeout/Drive/Unorganized/204_1459.JPG,C:\Users\thoma\Documents\Cyber Crimes Tools\Takeout Extracted\Takeout\Drive\Unorganized\204_1459.JPG,1308175,2013-02-28 23:12:04,ExtractNamedRelevant
C:\Users\thoma\Documents\Cyber Crimes Tools\Takeout Zips\takeout-20260602T071913Z-11-024.zip,takeout-20260602T071913Z-11-024.zip,Takeout/Drive/Unorganized/204_1465.JPG,C:\Users\thoma\Documents\Cyber Crimes Tools\Takeout Extracted\Takeout\Drive\Unorganized\204_1465.JPG,1081161,2013-02-28 23:12:32,ExtractNamedRelevant
C:\Users\thoma\Documents\Cyber Crimes Tools\Takeout Zips\takeout-20260602T071913Z-11-024.zip,takeout-20260602T071913Z-11-024.zip,Takeout/Drive/Unorganized/204_1470.JPG,C:\Users\thoma\Documents\Cyber Crimes Tools\Takeout Extracted\Takeout\Drive\Unorganized\204_1470.JPG,952965,2013-02-28 23:12:56,ExtractNamedRelevant
C:\Users\thoma\Documents\Cyber Crimes Tools\Takeout Zips\takeout-20260602T071913Z-11-024.zip,takeout-20260602T071913Z-11-024.zip,Takeout/Drive/Unorganized/204_1464.JPG,C:\Users\thoma\Documents\Cyber Crimes Tools\Takeout Extracted\Takeout\Drive\Unorganized\204_1464.JPG,976042,2013-02-28 23:12:28,ExtractNamedRelevant
C:\Users\thoma\Documents\Cyber Crimes Tools\Takeout Zips\takeout-20260602T071913Z-11-024.zip,takeout-20260602T071913Z-11-024.zip,Takeout/Drive/Unorganized/204_1456.JPG,C:\Users\thoma\Documents\Cyber Crimes Tools\Takeout Extracted\Takeout\Drive\Unorganized\204_1456.JPG,1261764,2013-02-28 23:11:50,ExtractNamedRelevant
C:\Users\thoma\Documents\Cyber Crimes Tools\Takeout Zips\takeout-20260602T071913Z-11-024.zip,takeout-20260602T071913Z-11-024.zip,Takeout/Drive/Unorganized/204_1460.JPG,C:\Users\thoma\Documents\Cyber Crimes Tools\Takeout Extracted\Takeout\Drive\Unorganized\204_1460.JPG,1167998,2013-02-28 23:12:10,ExtractNamedRelevant
C:\Users\thoma\Documents\Cyber Crimes Tools\Takeout Zips\takeout-20260602T071913Z-11-024.zip,takeout-20260602T071913Z-11-024.zip,Takeout/Drive/Unorganized/204_1452.MOV,C:\Users\thoma\Documents\Cyber Crimes Tools\Takeout Extracted\Takeout\Drive\Unorganized\204_1452.MOV,75195425,2013-02-28 23:04:12,SkipLargeMediaEvenIfNamed
C:\Users\thoma\Documents\Cyber Crimes Tools\Takeout Zips\takeout-20260602T071913Z-11-024.zip,takeout-20260602T071913Z-11-024.zip,Takeout/Drive/Unorganized/204_1461.JPG,C:\Users\thoma\Documents\Cyber Crimes Tools\Takeout Extracted\Takeout\Drive\Unorganized\204_1461.JPG,1045913,2013-02-28 23:12:14,ExtractNamedRelevant
C:\Users\thoma\Documents\Cyber Crimes Tools\Takeout Zips\takeout-20260602T071913Z-11-024.zip,takeout-20260602T071913Z-11-024.zip,Takeout/Drive/Unorganized/204_1450.JPG,C:\Users\thoma\Documents\Cyber Crimes Tools\Takeout Extracted\Takeout\Drive\Unorganized\204_1450.JPG,900041,2013-02-28 22:59:58,ExtractNamedRelevant
C:\Users\thoma\Documents\Cyber Crimes Tools\Takeout Zips\takeout-20260602T071913Z-11-024.zip,takeout-20260602T071913Z-11-024.zip,Takeout/Drive/Unorganized/204_1453.MOV,C:\Users\thoma\Documents\Cyber Crimes Tools\Takeout Extracted\Takeout\Drive\Unorganized\204_1453.MOV,57374082,2013-02-28 23:06:58,SkipLargeMediaEvenIfNamed
C:\Users\thoma\Documents\Cyber Crimes Tools\Takeout Zips\takeout-20260602T071913Z-11-024.zip,takeout-20260602T071913Z-11-024.zip,Takeout/Drive/Unorganized/204_1468.JPG,C:\Users\thoma\Documents\Cyber Crimes Tools\Takeout Extracted\Takeout\Drive\Unorganized\204_1468.JPG,1015003,2013-02-28 23:12:46,ExtractNamedRelevant
C:\Users\thoma\Documents\Cyber Crimes Tools\Takeout Zips\takeout-20260602T071913Z-11-024.zip,takeout-20260602T071913Z-11-024.zip,Takeout/Drive/Unorganized/204_1469.JPG,C:\Users\thoma\Documents\Cyber Crimes Tools\Takeout Extracted\Takeout\Drive\Unorganized\204_1469.JPG,952501,2013-02-28 23:12:52,ExtractNamedRelevant
C:\Users\thoma\Documents\Cyber Crimes Tools\Takeout Zips\takeout-20260602T071913Z-11-024.zip,takeout-20260602T071913Z-11-024.zip,Takeout/Drive/Unorganized/204_1449.JPG,C:\Users\thoma\Documents\Cyber Crimes Tools\Takeout Extracted\Takeout\Drive\Unorganized\204_1449.JPG,937366,2013-02-28 22:59:54,ExtractNamedRelevant
C:\Users\thoma\Documents\Cyber Crimes Tools\Takeout Zips\takeout-20260602T071913Z-11-024.zip,takeout-20260602T071913Z-11-024.zip,Takeout/Drive/Unorganized/204_1448.JPG,C:\Users\thoma\Documents\Cyber Crimes Tools\Takeout Extracted\Takeout\Drive\Unorganized\204_1448.JPG,929677,2013-02-28 22:59:50,ExtractNamedRelevant
C:\Users\thoma\Documents\Cyber Crimes Tools\Takeout Zips\takeout-20260602T071913Z-11-024.zip,takeout-20260602T071913Z-11-024.zip,Takeout/Drive/Unorganized/204_1451.MOV,C:\Users\thoma\Documents\Cyber Crimes Tools\Takeout Extracted\Takeout\Drive\Unorganized\204_1451.MOV,12473400,2013-02-28 23:00:36,ExtractNamedRelevant
C:\Users\thoma\Documents\Cyber Crimes Tools\Takeout Zips\takeout-20260602T071913Z-11-024.zip,takeout-20260602T071913Z-11-024.zip,Takeout/Drive/Unorganized/204_1443.JPG,C:\Users\thoma\Documents\Cyber Crimes Tools\Takeout Extracted\Takeout\Drive\Unorganized\204_1443.JPG,2703387,2013-02-28 22:59:26,ExtractNamedRelevant
C:\Users\thoma\Documents\Cyber Crimes Tools\Takeout Zips\takeout-20260602T071913Z-11-024.zip,takeout-20260602T071913Z-11-024.zip,Takeout/Drive/Unorganized/204_1408.JPG,C:\Users\thoma\Documents\Cyber Crimes Tools\Takeout Extracted\Takeout\Drive\Unorganized\204_1408.JPG,986484,2013-02-28 22:56:20,ExtractNamedRelevant
C:\Users\thoma\Documents\Cyber Crimes Tools\Takeout Zips\takeout-20260602T071913Z-11-024.zip,takeout-20260602T071913Z-11-024.zip,Takeout/Drive/Unorganized/204_1444.JPG,C:\Users\thoma\Documents\Cyber Crimes Tools\Takeout Extracted\Takeout\Drive\Unorganized\204_1444.JPG,3552433,2013-02-28 22:59:38,ExtractNamedRelevant
C:\Users\thoma\Documents\Cyber Crimes Tools\Takeout Zips\takeout-20260602T071913Z-11-024.zip,takeout-20260602T071913Z-11-024.zip,Takeout/Drive/Unorganized/204_1442.JPG,C:\Users\thoma\Documents\Cyber Crimes Tools\Takeout Extracted\Takeout\Drive\Unorganized\204_1442.JPG,2552345,2013-02-28 22:59:16,ExtractNamedRelevant
C:\Users\thoma\Documents\Cyber Crimes Tools\Takeout Zips\takeout-20260602T071913Z-11-024.zip,takeout-20260602T071913Z-11-024.zip,Takeout/Drive/Unorganized/204_1440.JPG,C:\Users\thoma\Documents\Cyber Crimes Tools\Takeout Extracted\Takeout\Drive\Unorganized\204_1440.JPG,2529528,2013-02-28 22:58:58,ExtractNamedRelevant
C:\Users\thoma\Documents\Cyber Crimes Tools\Takeout Zips\takeout-20260602T071913Z-11-024.zip,takeout-20260602T071913Z-11-024.zip,Takeout/Drive/Unorganized/204_1405.MOV,C:\Users\thoma\Documents\Cyber Crimes Tools\Takeout Extracted\Takeout\Drive\Unorganized\204_1405.MOV,117999956,2013-02-28 22:52:14,SkipLargeMediaEvenIfNamed
C:\Users\thoma\Documents\Cyber Crimes Tools\Takeout Zips\takeout-20260602T071913Z-11-024.zip,takeout-20260602T071913Z-11-024.zip,Takeout/Drive/Unorganized/204_1441.JPG,C:\Users\thoma\Documents\Cyber Crimes Tools\Takeout Extracted\Takeout\Drive\Unorganized\204_1441.JPG,2701238,2013-02-28 22:59:08,ExtractNamedRelevant
C:\Users\thoma\Documents\Cyber Crimes Tools\Takeout Zips\takeout-20260602T071913Z-11-024.zip,takeout-20260602T071913Z-11-024.zip,Takeout/Drive/Unorganized/204_1399.JPG,C:\Users\thoma\Documents\Cyber Crimes Tools\Takeout Extracted\Takeout\Drive\Unorganized\204_1399.JPG,1000955,2013-02-28 22:40:04,ExtractNamedRelevant
C:\Users\thoma\Documents\Cyber Crimes Tools\Takeout Zips\takeout-20260602T071913Z-11-024.zip,takeout-20260602T071913Z-11-024.zip,Takeout/Drive/Unorganized/204_1403.MOV,C:\Users\thoma\Documents\Cyber Crimes Tools\Takeout Extracted\Takeout\Drive\Unorganized\204_1403.MOV,130378291,2013-02-28 22:46:34,SkipLargeMediaEvenIfNamed
C:\Users\thoma\Documents\Cyber Crimes Tools\Takeout Zips\takeout-20260602T071913Z-11-024.zip,takeout-20260602T071913Z-11-024.zip,Takeout/Drive/Unorganized/204_1446.JPG,C:\Users\thoma\Documents\Cyber Crimes Tools\Takeout Extracted\Takeout\Drive\Unorganized\204_1446.JPG,834397,2013-02-28 22:59:42,ExtractNamedRelevant
C:\Users\thoma\Documents\Cyber Crimes Tools\Takeout Zips\takeout-20260602T071913Z-11-024.zip,takeout-20260602T071913Z-11-024.zip,Takeout/Drive/Unorganized/204_1438.JPG,C:\Users\thoma\Documents\Cyber Crimes Tools\Takeout Extracted\Takeout\Drive\Unorganized\204_1438.JPG,2586955,2013-02-28 22:58:50,ExtractNamedRelevant
C:\Users\thoma\Documents\Cyber Crimes Tools\Takeout Zips\takeout-20260602T071913Z-11-024.zip,takeout-20260602T071913Z-11-024.zip,Takeout/Drive/Unorganized/204_1433.JPG,C:\Users\thoma\Documents\Cyber Crimes Tools\Takeout Extracted\Takeout\Drive\Unorganized\204_1433.JPG,2076253,2013-02-28 22:58:24,ExtractNamedRelevant
C:\Users\thoma\Documents\Cyber Crimes Tools\Takeout Zips\takeout-20260602T071913Z-11-024.zip,takeout-20260602T071913Z-11-024.zip,Takeout/Drive/Unorganized/204_1431.JPG,C:\Users\thoma\Documents\Cyber Crimes Tools\Takeout Extracted\Takeout\Drive\Unorganized\204_1431.JPG,2343417,2013-02-28 22:58:16,ExtractNamedRelevant
C:\Users\thoma\Documents\Cyber Crimes Tools\Takeout Zips\takeout-20260602T071913Z-11-024.zip,takeout-20260602T071913Z-11-024.zip,Takeout/Drive/Unorganized/204_1429.JPG,C:\Users\thoma\Documents\Cyber Crimes Tools\Takeout Extracted\Takeout\Drive\Unorganized\204_1429.JPG,1938116,2013-02-28 22:58:00,ExtractNamedRelevant
C:\Users\thoma\Documents\Cyber Crimes Tools\Takeout Zips\takeout-20260602T071913Z-11-024.zip,takeout-20260602T071913Z-11-024.zip,Takeout/Drive/Unorganized/204_1434.JPG,C:\Users\thoma\Documents\Cyber Crimes Tools\Takeout Extracted\Takeout\Drive\Unorganized\204_1434.JPG,2281940,2013-02-28 22:58:32,ExtractNamedRelevant
C:\Users\thoma\Documents\Cyber Crimes Tools\Takeout Zips\takeout-20260602T071913Z-11-024.zip,takeout-20260602T071913Z-11-024.zip,Takeout/Drive/Unorganized/204_1417.JPG,C:\Users\thoma\Documents\Cyber Crimes Tools\Takeout Extracted\Takeout\Drive\Unorganized\204_1417.JPG,1853565,2013-02-28 22:57:00,ExtractNamedRelevant
C:\Users\thoma\Documents\Cyber Crimes Tools\Takeout Zips\takeout-20260602T071913Z-11-024.zip,takeout-20260602T071913Z-11-024.zip,Takeout/Drive/Unorganized/204_1421.JPG,C:\Users\thoma\Documents\Cyber Crimes Tools\Takeout Extracted\Takeout\Drive\Unorganized\204_1421.JPG,1917555,2013-02-28 22:57:28,ExtractNamedRelevant
C:\Users\thoma\Documents\Cyber Crimes Tools\Takeout Zips\takeout-20260602T071913Z-11-024.zip,takeout-20260602T071913Z-11-024.zip,Takeout/Drive/Unorganized/204_1422.JPG,C:\Users\thoma\Documents\Cyber Crimes Tools\Takeout Extracted\Takeout\Drive\Unorganized\204_1422.JPG,2536703,2013-02-28 22:57:36,ExtractNamedRelevant
C:\Users\thoma\Documents\Cyber Crimes Tools\Takeout Zips\takeout-20260602T071913Z-11-024.zip,takeout-20260602T071913Z-11-024.zip,Takeout/Drive/Unorganized/204_1425.JPG,C:\Users\thoma\Documents\Cyber Crimes Tools\Takeout Extracted\Takeout\Drive\Unorganized\204_1425.JPG,2308818,2013-02-28 22:57:52,ExtractNamedRelevant
C:\Users\thoma\Documents\Cyber Crimes Tools\Takeout Zips\takeout-20260602T071913Z-11-024.zip,takeout-20260602T071913Z-11-024.zip,Takeout/Drive/Unorganized/204_1385.JPG,C:\Users\thoma\Documents\Cyber Crimes Tools\Takeout Extracted\Takeout\Drive\Unorganized\204_1385.JPG,1815209,2013-02-28 22:28:56,ExtractNamedRelevant
C:\Users\thoma\Documents\Cyber Crimes Tools\Takeout Zips\takeout-20260602T071913Z-11-024.zip,takeout-20260602T071913Z-11-024.zip,Takeout/Drive/Unorganized/204_1430.JPG,C:\Users\thoma\Documents\Cyber Crimes Tools\Takeout Extracted\Takeout\Drive\Unorganized\204_1430.JPG,2680114,2013-02-28 22:58:08,ExtractNamedRelevant
C:\Users\thoma\Documents\Cyber Crimes Tools\Takeout Zips\takeout-20260602T071913Z-11-024.zip,takeout-20260602T071913Z-11-024.zip,Takeout/Drive/Unorganized/204_1387.MOV,C:\Users\thoma\Documents\Cyber Crimes Tools\Takeout Extracted\Takeout\Drive\Unorganized\204_1387.MOV,158915296,2013-02-28 22:36:40,SkipLargeMediaEvenIfNamed
C:\Users\thoma\Documents\Cyber Crimes Tools\Takeout Zips\takeout-20260602T071913Z-11-024.zip,takeout-20260602T071913Z-11-024.zip,Takeout/Drive/Unorganized/204_1418.JPG,C:\Users\thoma\Documents\Cyber Crimes Tools\Takeout Extracted\Takeout\Drive\Unorganized\204_1418.JPG,1842250,2013-02-28 22:57:06,ExtractNamedRelevant
C:\Users\thoma\Documents\Cyber Crimes Tools\Takeout Zips\takeout-20260602T071913Z-11-024.zip,takeout-20260602T071913Z-11-024.zip,Takeout/Drive/Unorganized/204_1419.JPG,C:\Users\thoma\Documents\Cyber Crimes Tools\Takeout Extracted\Takeout\Drive\Unorganized\204_1419.JPG,1644660,2013-02-28 22:57:12,ExtractNamedRelevant
C:\Users\thoma\Documents\Cyber Crimes Tools\Takeout Zips\takeout-20260602T071913Z-11-024.zip,takeout-20260602T071913Z-11-024.zip,Takeout/Drive/Unorganized/204_1424.JPG,C:\Users\thoma\Documents\Cyber Crimes Tools\Takeout Extracted\Takeout\Drive\Unorganized\204_1424.JPG,2082457,2013-02-28 22:57:44,ExtractNamedRelevant
C:\Users\thoma\Documents\Cyber Crimes Tools\Takeout Zips\takeout-20260602T071913Z-11-024.zip,takeout-20260602T071913Z-11-024.zip,Takeout/Drive/Unorganized/204_1420.JPG,C:\Users\thoma\Documents\Cyber Crimes Tools\Takeout Extracted\Takeout\Drive\Unorganized\204_1420.JPG,1913917,2013-02-28 22:57:20,ExtractNamedRelevant
C:\Users\thoma\Documents\Cyber Crimes Tools\Takeout Zips\takeout-20260602T071913Z-11-024.zip,takeout-20260602T071913Z-11-024.zip,Takeout/Drive/Unorganized/204_1415.JPG,C:\Users\thoma\Documents\Cyber Crimes Tools\Takeout Extracted\Takeout\Drive\Unorganized\204_1415.JPG,1766102,2013-02-28 22:56:46,ExtractNamedRelevant
C:\Users\thoma\Documents\Cyber Crimes Tools\Takeout Zips\takeout-20260602T071913Z-11-024.zip,takeout-20260602T071913Z-11-024.zip,Takeout/Drive/Unorganized/204_1414.JPG,C:\Users\thoma\Documents\Cyber Crimes Tools\Takeout Extracted\Takeout\Drive\Unorganized\204_1414.JPG,1714535,2013-02-28 22:56:40,ExtractNamedRelevant
C:\Users\thoma\Documents\Cyber Crimes Tools\Takeout Zips\takeout-20260602T071913Z-11-024.zip,takeout-20260602T071913Z-11-024.zip,Takeout/Drive/Unorganized/204_1410.JPG,C:\Users\thoma\Documents\Cyber Crimes Tools\Takeout Extracted\Takeout\Drive\Unorganized\204_1410.JPG,1014466,2013-02-28 22:56:28,ExtractNamedRelevant
C:\Users\thoma\Documents\Cyber Crimes Tools\Takeout Zips\takeout-20260602T071913Z-11-024.zip,takeout-20260602T071913Z-11-024.zip,Takeout/Drive/Unorganized/204_1411.JPG,C:\Users\thoma\Documents\Cyber Crimes Tools\Takeout Extracted\Takeout\Drive\Unorganized\204_1411.JPG,969719,2013-02-28 22:56:32,ExtractNamedRelevant
C:\Users\thoma\Documents\Cyber Crimes Tools\Takeout Zips\takeout-20260602T071913Z-11-024.zip,takeout-20260602T071913Z-11-024.zip,Takeout/Drive/Unorganized/204_1416.JPG,C:\Users\thoma\Documents\Cyber Crimes Tools\Takeout Extracted\Takeout\Drive\Unorganized\204_1416.JPG,1798681,2013-02-28 22:56:52,ExtractNamedRelevant
C:\Users\thoma\Documents\Cyber Crimes Tools\Takeout Zips\takeout-20260602T071913Z-11-024.zip,takeout-20260602T071913Z-11-024.zip,Takeout/Drive/Unorganized/204_1380.JPG,C:\Users\thoma\Documents\Cyber Crimes Tools\Takeout Extracted\Takeout\Drive\Unorganized\204_1380.JPG,1583637,2013-02-28 22:28:26,ExtractNamedRelevant
C:\Users\thoma\Documents\Cyber Crimes Tools\Takeout Zips\takeout-20260602T071913Z-11-024.zip,takeout-20260602T071913Z-11-024.zip,Takeout/Drive/Unorganized/204_1407.JPG,C:\Users\thoma\Documents\Cyber Crimes Tools\Takeout Extracted\Takeout\Drive\Unorganized\204_1407.JPG,971515,2013-02-28 22:56:16,ExtractNamedRelevant
C:\Users\thoma\Documents\Cyber Crimes Tools\Takeout Zips\takeout-20260602T071913Z-11-024.zip,takeout-20260602T071913Z-11-024.zip,Takeout/Drive/Unorganized/204_1406.MOV,C:\Users\thoma\Documents\Cyber Crimes Tools\Takeout Extracted\Takeout\Drive\Unorganized\204_1406.MOV,80832067,2013-02-28 22:56:10,SkipLargeMediaEvenIfNamed
C:\Users\thoma\Documents\Cyber Crimes Tools\Takeout Zips\takeout-20260602T071913Z-11-024.zip,takeout-20260602T071913Z-11-024.zip,Takeout/Drive/Unorganized/204_1401.JPG,C:\Users\thoma\Documents\Cyber Crimes Tools\Takeout Extracted\Takeout\Drive\Unorganized\204_1401.JPG,992340,2013-02-28 22:40:12,ExtractNamedRelevant
C:\Users\thoma\Documents\Cyber Crimes Tools\Takeout Zips\takeout-20260602T071913Z-11-024.zip,takeout-20260602T071913Z-11-024.zip,Takeout/Drive/Unorganized/204_1398.JPG,C:\Users\thoma\Documents\Cyber Crimes Tools\Takeout Extracted\Takeout\Drive\Unorganized\204_1398.JPG,1050511,2013-02-28 22:39:58,ExtractNamedRelevant
C:\Users\thoma\Documents\Cyber Crimes Tools\Takeout Zips\takeout-20260602T071913Z-11-024.zip,takeout-20260602T071913Z-11-024.zip,Takeout/Drive/Unorganized/204_1397.JPG,C:\Users\thoma\Documents\Cyber Crimes Tools\Takeout Extracted\Takeout\Drive\Unorganized\204_1397.JPG,1100915,2013-02-28 22:39:54,ExtractNamedRelevant
C:\Users\thoma\Documents\Cyber Crimes Tools\Takeout Zips\takeout-20260602T071913Z-11-024.zip,takeout-20260602T071913Z-11-024.zip,Takeout/Drive/Unorganized/204_1395.JPG,C:\Users\thoma\Documents\Cyber Crimes Tools\Takeout Extracted\Takeout\Drive\Unorganized\204_1395.JPG,997868,2013-02-28 22:39:44,ExtractNamedRelevant
C:\Users\thoma\Documents\Cyber Crimes Tools\Takeout Zips\takeout-20260602T071913Z-11-024.zip,takeout-20260602T071913Z-11-024.zip,Takeout/Drive/Unorganized/204_1396.JPG,C:\Users\thoma\Documents\Cyber Crimes Tools\Takeout Extracted\Takeout\Drive\Unorganized\204_1396.JPG,1049119,2013-02-28 22:39:48,ExtractNamedRelevant
C:\Users\thoma\Documents\Cyber Crimes Tools\Takeout Zips\takeout-20260602T071913Z-11-024.zip,takeout-20260602T071913Z-11-024.zip,Takeout/Drive/Unorganized/204_1393.JPG,C:\Users\thoma\Documents\Cyber Crimes Tools\Takeout Extracted\Takeout\Drive\Unorganized\204_1393.JPG,1352629,2013-02-28 22:37:18,ExtractNamedRelevant
C:\Users\thoma\Documents\Cyber Crimes Tools\Takeout Zips\takeout-20260602T071913Z-11-024.zip,takeout-20260602T071913Z-11-024.zip,Takeout/Drive/Unorganized/204_1386.JPG,C:\Users\thoma\Documents\Cyber Crimes Tools\Takeout Extracted\Takeout\Drive\Unorganized\204_1386.JPG,1618200,2013-02-28 22:29:02,ExtractNamedRelevant
C:\Users\thoma\Documents\Cyber Crimes Tools\Takeout Zips\takeout-20260602T071913Z-11-024.zip,takeout-20260602T071913Z-11-024.zip,Takeout/Drive/Unorganized/204_1391.JPG,C:\Users\thoma\Documents\Cyber Crimes Tools\Takeout Extracted\Takeout\Drive\Unorganized\204_1391.JPG,1754966,2013-02-28 22:37:04,ExtractNamedRelevant
C:\Users\thoma\Documents\Cyber Crimes Tools\Takeout Zips\takeout-20260602T071913Z-11-024.zip,takeout-20260602T071913Z-11-024.zip,Takeout/Drive/Unorganized/204_1388.MOV,C:\Users\thoma\Documents\Cyber Crimes Tools\Takeout Extracted\Takeout\Drive\Unorganized\204_1388.MOV,1635497,2013-02-28 22:36:44,ExtractNamedRelevant
C:\Users\thoma\Documents\Cyber Crimes Tools\Takeout Zips\takeout-20260602T071913Z-11-024.zip,takeout-20260602T071913Z-11-024.zip,Takeout/Drive/Unorganized/204_1390.JPG,C:\Users\thoma\Documents\Cyber Crimes Tools\Takeout Extracted\Takeout\Drive\Unorganized\204_1390.JPG,1725748,2013-02-28 22:36:58,ExtractNamedRelevant
C:\Users\thoma\Documents\Cyber Crimes Tools\Takeout Zips\takeout-20260602T071913Z-11-024.zip,takeout-20260602T071913Z-11-024.zip,Takeout/Drive/Unorganized/204_1389.JPG,C:\Users\thoma\Documents\Cyber Crimes Tools\Takeout Extracted\Takeout\Drive\Unorganized\204_1389.JPG,1796509,2013-02-28 22:36:52,ExtractNamedRelevant
C:\Users\thoma\Documents\Cyber Crimes Tools\Takeout Zips\takeout-20260602T071913Z-11-024.zip,takeout-20260602T071913Z-11-024.zip,Takeout/Drive/Unorganized/204_1392.JPG,C:\Users\thoma\Documents\Cyber Crimes Tools\Takeout Extracted\Takeout\Drive\Unorganized\204_1392.JPG,1602171,2013-02-28 22:37:10,ExtractNamedRelevant
C:\Users\thoma\Documents\Cyber Crimes Tools\Takeout Zips\takeout-20260602T071913Z-11-024.zip,takeout-20260602T071913Z-11-024.zip,Takeout/Drive/Unorganized/204_1370.JPG,C:\Users\thoma\Documents\Cyber Crimes Tools\Takeout Extracted\Takeout\Drive\Unorganized\204_1370.JPG,1062991,2013-02-28 22:27:32,ExtractNamedRelevant
C:\Users\thoma\Documents\Cyber Crimes Tools\Takeout Zips\takeout-20260602T071913Z-11-024.zip,takeout-20260602T071913Z-11-024.zip,Takeout/Drive/Unorganized/Yummy Blueberry pancakes Oct 2010 (6).JPG,C:\Users\thoma\Documents\Cyber Crimes Tools\Takeout Extracted\Takeout\Drive\Unorganized\Yummy Blueberry pancakes Oct 2010 (6).JPG,750938,2013-02-28 22:05:58,ExtractNamedRelevant
C:\Users\thoma\Documents\Cyber Crimes Tools\Takeout Zips\takeout-20260602T071913Z-11-024.zip,takeout-20260602T071913Z-11-024.zip,Takeout/Drive/Unorganized/204_1383.JPG,C:\Users\thoma\Documents\Cyber Crimes Tools\Takeout Extracted\Takeout\Drive\Unorganized\204_1383.JPG,1878668,2013-02-28 22:28:42,ExtractNamedRelevant
C:\Users\thoma\Documents\Cyber Crimes Tools\Takeout Zips\takeout-20260602T071913Z-11-024.zip,takeout-20260602T071913Z-11-024.zip,Takeout/Drive/Unorganized/204_1384.JPG,C:\Users\thoma\Documents\Cyber Crimes Tools\Takeout Extracted\Takeout\Drive\Unorganized\204_1384.JPG,1651187,2013-02-28 22:28:48,ExtractNamedRelevant
C:\Users\thoma\Documents\Cyber Crimes Tools\Takeout Zips\takeout-20260602T071913Z-11-024.zip,takeout-20260602T071913Z-11-024.zip,Takeout/Drive/Unorganized/204_1378.JPG,C:\Users\thoma\Documents\Cyber Crimes Tools\Takeout Extracted\Takeout\Drive\Unorganized\204_1378.JPG,2537786,2013-02-28 22:28:14,ExtractNamedRelevant
C:\Users\thoma\Documents\Cyber Crimes Tools\Takeout Zips\takeout-20260602T071913Z-11-024.zip,takeout-20260602T071913Z-11-024.zip,Takeout/Drive/Unorganized/204_1379.JPG,C:\Users\thoma\Documents\Cyber Crimes Tools\Takeout Extracted\Takeout\Drive\Unorganized\204_1379.JPG,1334991,2013-02-28 22:28:18,ExtractNamedRelevant
C:\Users\thoma\Documents\Cyber Crimes Tools\Takeout Zips\takeout-20260602T071913Z-11-024.zip,takeout-20260602T071913Z-11-024.zip,Takeout/Drive/Unorganized/204_1381.JPG,C:\Users\thoma\Documents\Cyber Crimes Tools\Takeout Extracted\Takeout\Drive\Unorganized\204_1381.JPG,3108834,2013-02-28 22:28:36,ExtractNamedRelevant
C:\Users\thoma\Documents\Cyber Crimes Tools\Takeout Zips\takeout-20260602T071913Z-11-024.zip,takeout-20260602T071913Z-11-024.zip,Takeout/Drive/Unorganized/204_1377.JPG,C:\Users\thoma\Documents\Cyber Crimes Tools\Takeout Extracted\Takeout\Drive\Unorganized\204_1377.JPG,977868,2013-02-28 22:28:04,ExtractNamedRelevant
C:\Users\thoma\Documents\Cyber Crimes Tools\Takeout Zips\takeout-20260602T071913Z-11-024.zip,takeout-20260602T071913Z-11-024.zip,Takeout/Drive/Unorganized/204_1375.JPG,C:\Users\thoma\Documents\Cyber Crimes Tools\Takeout Extracted\Takeout\Drive\Unorganized\204_1375.JPG,1109526,2013-02-28 22:27:54,ExtractNamedRelevant
C:\Users\thoma\Documents\Cyber Crimes Tools\Takeout Zips\takeout-20260602T071913Z-11-024.zip,takeout-20260602T071913Z-11-024.zip,Takeout/Drive/Unorganized/204_1376.JPG,C:\Users\thoma\Documents\Cyber Crimes Tools\Takeout Extracted\Takeout\Drive\Unorganized\204_1376.JPG,1062996,2013-02-28 22:28:00,ExtractNamedRelevant
C:\Users\thoma\Documents\Cyber Crimes Tools\Takeout Zips\takeout-20260602T071913Z-11-024.zip,takeout-20260602T071913Z-11-024.zip,Takeout/Drive/Unorganized/Yummy Blueberry pancakes Oct 2010 (3).JPG,C:\Users\thoma\Documents\Cyber Crimes Tools\Takeout Extracted\Takeout\Drive\Unorganized\Yummy Blueberry pancakes Oct 2010 (3).JPG,719591,2013-02-28 22:05:48,ExtractNamedRelevant
C:\Users\thoma\Documents\Cyber Crimes Tools\Takeout Zips\takeout-20260602T071913Z-11-024.zip,takeout-20260602T071913Z-11-024.zip,Takeout/Drive/Unorganized/204_1374.JPG,C:\Users\thoma\Documents\Cyber Crimes Tools\Takeout Extracted\Takeout\Drive\Unorganized\204_1374.JPG,1071999,2013-02-28 22:27:50,ExtractNamedRelevant
C:\Users\thoma\Documents\Cyber Crimes Tools\Takeout Zips\takeout-20260602T071913Z-11-024.zip,takeout-20260602T071913Z-11-024.zip,Takeout/Drive/Unorganized/Window art! Dec 2010 (9).JPG,C:\Users\thoma\Documents\Cyber Crimes Tools\Takeout Extracted\Takeout\Drive\Unorganized\Window art! Dec 2010 (9).JPG,1148479,2013-02-28 22:05:36,ExtractNamedRelevant
C:\Users\thoma\Documents\Cyber Crimes Tools\Takeout Zips\takeout-20260602T071913Z-11-024.zip,takeout-20260602T071913Z-11-024.zip,Takeout/Drive/Unorganized/201_1323.MOV,C:\Users\thoma\Documents\Cyber Crimes Tools\Takeout Extracted\Takeout\Drive\Unorganized\201_1323.MOV,92795430,2013-02-28 22:19:42,SkipLargeMediaEvenIfNamed
C:\Users\thoma\Documents\Cyber Crimes Tools\Takeout Zips\takeout-20260602T071913Z-11-024.zip,takeout-20260602T071913Z-11-024.zip,Takeout/Drive/Unorganized/204_1367.JPG,C:\Users\thoma\Documents\Cyber Crimes Tools\Takeout Extracted\Takeout\Drive\Unorganized\204_1367.JPG,1228012,2013-02-28 22:27:18,ExtractNamedRelevant
C:\Users\thoma\Documents\Cyber Crimes Tools\Takeout Zips\takeout-20260602T071913Z-11-024.zip,takeout-20260602T071913Z-11-024.zip,Takeout/Drive/Unorganized/201_1322.MOV,C:\Users\thoma\Documents\Cyber Crimes Tools\Takeout Extracted\Takeout\Drive\Unorganized\201_1322.MOV,172861121,2013-02-28 22:15:14,SkipLargeMediaEvenIfNamed
C:\Users\thoma\Documents\Cyber Crimes Tools\Takeout Zips\takeout-20260602T071913Z-11-024.zip,takeout-20260602T071913Z-11-024.zip,Takeout/Drive/Unorganized/What_s in the cookie jar project (9).JPG,C:\Users\thoma\Documents\Cyber Crimes Tools\Takeout Extracted\Takeout\Drive\Unorganized\What_s in the cookie jar project (9).JPG,2327185,2013-02-28 22:04:56,ExtractNamedRelevant
C:\Users\thoma\Documents\Cyber Crimes Tools\Takeout Zips\takeout-20260602T071913Z-11-024.zip,takeout-20260602T071913Z-11-024.zip,Takeout/Drive/Unorganized/204_1369.JPG,C:\Users\thoma\Documents\Cyber Crimes Tools\Takeout Extracted\Takeout\Drive\Unorganized\204_1369.JPG,1067944,2013-02-28 22:27:28,ExtractNamedRelevant
C:\Users\thoma\Documents\Cyber Crimes Tools\Takeout Zips\takeout-20260602T071913Z-11-024.zip,takeout-20260602T071913Z-11-024.zip,Takeout/Drive/Unorganized/201_1320.JPG,C:\Users\thoma\Documents\Cyber Crimes Tools\Takeout Extracted\Takeout\Drive\Unorganized\201_1320.JPG,1621596,2013-02-28 22:06:50,ExtractNamedRelevant
C:\Users\thoma\Documents\Cyber Crimes Tools\Takeout Zips\takeout-20260602T071913Z-11-024.zip,takeout-20260602T071913Z-11-024.zip,Takeout/Drive/Unorganized/204_1368.JPG,C:\Users\thoma\Documents\Cyber Crimes Tools\Takeout Extracted\Takeout\Drive\Unorganized\204_1368.JPG,1324979,2013-02-28 22:27:24,ExtractNamedRelevant
C:\Users\thoma\Documents\Cyber Crimes Tools\Takeout Zips\takeout-20260602T071913Z-11-024.zip,takeout-20260602T071913Z-11-024.zip,Takeout/Drive/Unorganized/204_1371.JPG,C:\Users\thoma\Documents\Cyber Crimes Tools\Takeout Extracted\Takeout\Drive\Unorganized\204_1371.JPG,1072677,2013-02-28 22:27:36,ExtractNamedRelevant
C:\Users\thoma\Documents\Cyber Crimes Tools\Takeout Zips\takeout-20260602T071913Z-11-024.zip,takeout-20260602T071913Z-11-024.zip,Takeout/Drive/Unorganized/204_1372.JPG,C:\Users\thoma\Documents\Cyber Crimes Tools\Takeout Extracted\Takeout\Drive\Unorganized\204_1372.JPG,1076042,2013-02-28 22:27:42,ExtractNamedRelevant
C:\Users\thoma\Documents\Cyber Crimes Tools\Takeout Zips\takeout-20260602T071913Z-11-024.zip,takeout-20260602T071913Z-11-024.zip,Takeout/Drive/Unorganized/201_1317.JPG,C:\Users\thoma\Documents\Cyber Crimes Tools\Takeout Extracted\Takeout\Drive\Unorganized\201_1317.JPG,1125890,2013-02-28 22:06:24,ExtractNamedRelevant
C:\Users\thoma\Documents\Cyber Crimes Tools\Takeout Zips\takeout-20260602T071913Z-11-024.zip,takeout-20260602T071913Z-11-024.zip,Takeout/Drive/Unorganized/201_1318.JPG,C:\Users\thoma\Documents\Cyber Crimes Tools\Takeout Extracted\Takeout\Drive\Unorganized\201_1318.JPG,1611732,2013-02-28 22:06:30,ExtractNamedRelevant
C:\Users\thoma\Documents\Cyber Crimes Tools\Takeout Zips\takeout-20260602T071913Z-11-024.zip,takeout-20260602T071913Z-11-024.zip,Takeout/Drive/Unorganized/201_1319.JPG,C:\Users\thoma\Documents\Cyber Crimes Tools\Takeout Extracted\Takeout\Drive\Unorganized\201_1319.JPG,1586852,2013-02-28 22:06:44,ExtractNamedRelevant
C:\Users\thoma\Documents\Cyber Crimes Tools\Takeout Zips\takeout-20260602T071913Z-11-024.zip,takeout-20260602T071913Z-11-024.zip,Takeout/Drive/Unorganized/201_1321.JPG,C:\Users\thoma\Documents\Cyber Crimes Tools\Takeout Extracted\Takeout\Drive\Unorganized\201_1321.JPG,1653465,2013-02-28 22:06:56,ExtractNamedRelevant
C:\Users\thoma\Documents\Cyber Crimes Tools\Takeout Zips\takeout-20260602T071913Z-11-024.zip,takeout-20260602T071913Z-11-024.zip,Takeout/Drive/Unorganized/201_1363.MOV,C:\Users\thoma\Documents\Cyber Crimes Tools\Takeout Extracted\Takeout\Drive\Unorganized\201_1363.MOV,156901274,2013-02-28 22:27:12,SkipLargeMediaEvenIfNamed
C:\Users\thoma\Documents\Cyber Crimes Tools\Takeout Zips\takeout-20260602T071913Z-11-024.zip,takeout-20260602T071913Z-11-024.zip,Takeout/Drive/Unorganized/201_1316.JPG,C:\Users\thoma\Documents\Cyber Crimes Tools\Takeout Extracted\Takeout\Drive\Unorganized\201_1316.JPG,999515,2013-02-28 22:06:18,ExtractNamedRelevant
C:\Users\thoma\Documents\Cyber Crimes Tools\Takeout Zips\takeout-20260602T071913Z-11-024.zip,takeout-20260602T071913Z-11-024.zip,Takeout/Drive/Unorganized/What_s in the cookie jar project (16).JPG,C:\Users\thoma\Documents\Cyber Crimes Tools\Takeout Extracted\Takeout\Drive\Unorganized\What_s in the cookie jar project (16).JPG,2510696,2013-02-28 22:03:28,ExtractNamedRelevant
C:\Users\thoma\Documents\Cyber Crimes Tools\Takeout Zips\takeout-20260602T071913Z-11-024.zip,takeout-20260602T071913Z-11-024.zip,Takeout/Drive/Unorganized/201_1314.JPG,C:\Users\thoma\Documents\Cyber Crimes Tools\Takeout Extracted\Takeout\Drive\Unorganized\201_1314.JPG,1251282,2013-02-28 22:06:10,ExtractNamedRelevant
C:\Users\thoma\Documents\Cyber Crimes Tools\Takeout Zips\takeout-20260602T071913Z-11-024.zip,takeout-20260602T071913Z-11-024.zip,Takeout/Drive/Unorganized/What_s in the cookie jar project (12).JPG,C:\Users\thoma\Documents\Cyber Crimes Tools\Takeout Extracted\Takeout\Drive\Unorganized\What_s in the cookie jar project (12).JPG,2443090,2013-02-28 22:02:52,ExtractNamedRelevant
C:\Users\thoma\Documents\Cyber Crimes Tools\Takeout Zips\takeout-20260602T071913Z-11-024.zip,takeout-20260602T071913Z-11-024.zip,Takeout/Drive/Unorganized/201_1315.JPG,C:\Users\thoma\Documents\Cyber Crimes Tools\Takeout Extracted\Takeout\Drive\Unorganized\201_1315.JPG,1112521,2013-02-28 22:06:14,ExtractNamedRelevant
C:\Users\thoma\Documents\Cyber Crimes Tools\Takeout Zips\takeout-20260602T071913Z-11-024.zip,takeout-20260602T071913Z-11-024.zip,Takeout/Drive/Unorganized/201_1313.JPG,C:\Users\thoma\Documents\Cyber Crimes Tools\Takeout Extracted\Takeout\Drive\Unorganized\201_1313.JPG,1690226,2013-02-28 22:06:04,ExtractNamedRelevant
C:\Users\thoma\Documents\Cyber Crimes Tools\Takeout Zips\takeout-20260602T071913Z-11-024.zip,takeout-20260602T071913Z-11-024.zip,Takeout/Drive/Unorganized/Yummy Blueberry pancakes Oct 2010 (5).JPG,C:\Users\thoma\Documents\Cyber Crimes Tools\Takeout Extracted\Takeout\Drive\Unorganized\Yummy Blueberry pancakes Oct 2010 (5).JPG,752005,2013-02-28 22:05:54,ExtractNamedRelevant
C:\Users\thoma\Documents\Cyber Crimes Tools\Takeout Zips\takeout-20260602T071913Z-11-024.zip,takeout-20260602T071913Z-11-024.zip,Takeout/Drive/Unorganized/Yummy Blueberry pancakes Oct 2010 (4).JPG,C:\Users\thoma\Documents\Cyber Crimes Tools\Takeout Extracted\Takeout\Drive\Unorganized\Yummy Blueberry pancakes Oct 2010 (4).JPG,742709,2013-02-28 22:05:52,ExtractNamedRelevant
C:\Users\thoma\Documents\Cyber Crimes Tools\Takeout Zips\takeout-20260602T071913Z-11-024.zip,takeout-20260602T071913Z-11-024.zip,Takeout/Drive/Unorganized/Yummy Blueberry pancakes Oct 2010 (2).JPG,C:\Users\thoma\Documents\Cyber Crimes Tools\Takeout Extracted\Takeout\Drive\Unorganized\Yummy Blueberry pancakes Oct 2010 (2).JPG,736563,2013-02-28 22:05:44,ExtractNamedRelevant
C:\Users\thoma\Documents\Cyber Crimes Tools\Takeout Zips\takeout-20260602T071913Z-11-024.zip,takeout-20260602T071913Z-11-024.zip,Takeout/Drive/Unorganized/Yummy Blueberry pancakes Oct 2010 (1).JPG,C:\Users\thoma\Documents\Cyber Crimes Tools\Takeout Extracted\Takeout\Drive\Unorganized\Yummy Blueberry pancakes Oct 2010 (1).JPG,736826,2013-02-28 22:05:40,ExtractNamedRelevant
C:\Users\thoma\Documents\Cyber Crimes Tools\Takeout Zips\takeout-20260602T071913Z-11-024.zip,takeout-20260602T071913Z-11-024.zip,Takeout/Drive/Unorganized/Window art! Dec 2010 (8)(1).JPG,C:\Users\thoma\Documents\Cyber Crimes Tools\Takeout Extracted\Takeout\Drive\Unorganized\Window art! Dec 2010 (8)(1).JPG,1027254,2013-02-28 22:05:32,ExtractNamedRelevant
C:\Users\thoma\Documents\Cyber Crimes Tools\Takeout Zips\takeout-20260602T071913Z-11-024.zip,takeout-20260602T071913Z-11-024.zip,Takeout/Drive/Unorganized/Window art! Dec 2010 (6).JPG,C:\Users\thoma\Documents\Cyber Crimes Tools\Takeout Extracted\Takeout\Drive\Unorganized\Window art! Dec 2010 (6).JPG,1016621,2013-02-28 22:05:24,ExtractNamedRelevant
C:\Users\thoma\Documents\Cyber Crimes Tools\Takeout Zips\takeout-20260602T071913Z-11-024.zip,takeout-20260602T071913Z-11-024.zip,Takeout/Drive/Unorganized/Window art! Dec 2010 (5).JPG,C:\Users\thoma\Documents\Cyber Crimes Tools\Takeout Extracted\Takeout\Drive\Unorganized\Window art! Dec 2010 (5).JPG,992525,2013-02-28 22:05:18,ExtractNamedRelevant
C:\Users\thoma\Documents\Cyber Crimes Tools\Takeout Zips\takeout-20260602T071913Z-11-024.zip,takeout-20260602T071913Z-11-024.zip,Takeout/Drive/Unorganized/Window art! Dec 2010 (4).JPG,C:\Users\thoma\Documents\Cyber Crimes Tools\Takeout Extracted\Takeout\Drive\Unorganized\Window art! Dec 2010 (4).JPG,982745,2013-02-28 22:05:14,ExtractNamedRelevant
C:\Users\thoma\Documents\Cyber Crimes Tools\Takeout Zips\takeout-20260602T071913Z-11-024.zip,takeout-20260602T071913Z-11-024.zip,Takeout/Drive/Unorganized/Window art! Dec 2010 (3).JPG,C:\Users\thoma\Documents\Cyber Crimes Tools\Takeout Extracted\Takeout\Drive\Unorganized\Window art! Dec 2010 (3).JPG,1011406,2013-02-28 22:05:10,ExtractNamedRelevant
C:\Users\thoma\Documents\Cyber Crimes Tools\Takeout Zips\takeout-20260602T071913Z-11-024.zip,takeout-20260602T071913Z-11-024.zip,Takeout/Drive/Unorganized/Window art! Dec 2010 (2).JPG,C:\Users\thoma\Documents\Cyber Crimes Tools\Takeout Extracted\Takeout\Drive\Unorganized\Window art! Dec 2010 (2).JPG,1209543,2013-02-28 22:05:06,ExtractNamedRelevant
C:\Users\thoma\Documents\Cyber Crimes Tools\Takeout Zips\takeout-20260602T071913Z-11-024.zip,takeout-20260602T071913Z-11-024.zip,Takeout/Drive/Unorganized/Road trip to Fl with Kameron-Nov 2010 (6).JPG,C:\Users\thoma\Documents\Cyber Crimes Tools\Takeout Extracted\Takeout\Drive\Unorganized\Road trip to Fl with Kameron-Nov 2010 (6).JPG,1595074,2013-02-28 22:01:08,ExtractNamedRelevant
C:\Users\thoma\Documents\Cyber Crimes Tools\Takeout Zips\takeout-20260602T071913Z-11-024.zip,takeout-20260602T071913Z-11-024.zip,Takeout/Drive/Unorganized/What_s in the cookie jar project (7).JPG,C:\Users\thoma\Documents\Cyber Crimes Tools\Takeout Extracted\Takeout\Drive\Unorganized\What_s in the cookie jar project (7).JPG,2405596,2013-02-28 22:04:40,ExtractNamedRelevant
C:\Users\thoma\Documents\Cyber Crimes Tools\Takeout Zips\takeout-20260602T071913Z-11-024.zip,takeout-20260602T071913Z-11-024.zip,Takeout/Drive/Unorganized/Window art! Dec 2010 (1).JPG,C:\Users\thoma\Documents\Cyber Crimes Tools\Takeout Extracted\Takeout\Drive\Unorganized\Window art! Dec 2010 (1).JPG,1108627,2013-02-28 22:05:00,ExtractNamedRelevant
C:\Users\thoma\Documents\Cyber Crimes Tools\Takeout Zips\takeout-20260602T071913Z-11-024.zip,takeout-20260602T071913Z-11-024.zip,Takeout/Drive/Unorganized/What_s in the cookie jar project (8).JPG,C:\Users\thoma\Documents\Cyber Crimes Tools\Takeout Extracted\Takeout\Drive\Unorganized\What_s in the cookie jar project (8).JPG,2408151,2013-02-28 22:04:48,ExtractNamedRelevant
C:\Users\thoma\Documents\Cyber Crimes Tools\Takeout Zips\takeout-20260602T071913Z-11-024.zip,takeout-20260602T071913Z-11-024.zip,Takeout/Drive/Unorganized/What_s in the cookie jar project (4).JPG,C:\Users\thoma\Documents\Cyber Crimes Tools\Takeout Extracted\Takeout\Drive\Unorganized\What_s in the cookie jar project (4).JPG,2344885,2013-02-28 22:04:12,ExtractNamedRelevant
C:\Users\thoma\Documents\Cyber Crimes Tools\Takeout Zips\takeout-20260602T071913Z-11-024.zip,takeout-20260602T071913Z-11-024.zip,Takeout/Drive/Unorganized/What_s in the cookie jar project (2).JPG,C:\Users\thoma\Documents\Cyber Crimes Tools\Takeout Extracted\Takeout\Drive\Unorganized\What_s in the cookie jar project (2).JPG,2550990,2013-02-28 22:03:54,ExtractNamedRelevant
C:\Users\thoma\Documents\Cyber Crimes Tools\Takeout Zips\takeout-20260602T071913Z-11-024.zip,takeout-20260602T071913Z-11-024.zip,Takeout/Drive/Unorganized/What_s in the cookie jar project (17).JPG,C:\Users\thoma\Documents\Cyber Crimes Tools\Takeout Extracted\Takeout\Drive\Unorganized\What_s in the cookie jar project (17).JPG,2316999,2013-02-28 22:03:36,ExtractNamedRelevant
C:\Users\thoma\Documents\Cyber Crimes Tools\Takeout Zips\takeout-20260602T071913Z-11-024.zip,takeout-20260602T071913Z-11-024.zip,Takeout/Drive/Unorganized/What_s in the cookie jar project (6).JPG,C:\Users\thoma\Documents\Cyber Crimes Tools\Takeout Extracted\Takeout\Drive\Unorganized\What_s in the cookie jar project (6).JPG,2690164,2013-02-28 22:04:30,ExtractNamedRelevant
C:\Users\thoma\Documents\Cyber Crimes Tools\Takeout Zips\takeout-20260602T071913Z-11-024.zip,takeout-20260602T071913Z-11-024.zip,Takeout/Drive/Unorganized/Road trip to Fl with Kameron-Nov 2010 (28).JPG,C:\Users\thoma\Documents\Cyber Crimes Tools\Takeout Extracted\Takeout\Drive\Unorganized\Road trip to Fl with Kameron-Nov 2010 (28).JPG,1172604,2013-02-28 22:00:20,ExtractNamedRelevant
C:\Users\thoma\Documents\Cyber Crimes Tools\Takeout Zips\takeout-20260602T071913Z-11-024.zip,takeout-20260602T071913Z-11-024.zip,Takeout/Drive/Unorganized/Road trip to Fl with Kameron-Nov 2010 (26).JPG,C:\Users\thoma\Documents\Cyber Crimes Tools\Takeout Extracted\Takeout\Drive\Unorganized\Road trip to Fl with Kameron-Nov 2010 (26).JPG,1150563,2013-02-28 22:00:10,ExtractNamedRelevant
C:\Users\thoma\Documents\Cyber Crimes Tools\Takeout Zips\takeout-20260602T071913Z-11-024.zip,takeout-20260602T071913Z-11-024.zip,Takeout/Drive/Unorganized/What_s in the cookie jar project (5).JPG,C:\Users\thoma\Documents\Cyber Crimes Tools\Takeout Extracted\Takeout\Drive\Unorganized\What_s in the cookie jar project (5).JPG,2802287,2013-02-28 22:04:22,ExtractNamedRelevant
C:\Users\thoma\Documents\Cyber Crimes Tools\Takeout Zips\takeout-20260602T071913Z-11-024.zip,takeout-20260602T071913Z-11-024.zip,Takeout/Drive/Unorganized/What_s in the cookie jar project (14).JPG,C:\Users\thoma\Documents\Cyber Crimes Tools\Takeout Extracted\Takeout\Drive\Unorganized\What_s in the cookie jar project (14).JPG,2364341,2013-02-28 22:03:10,ExtractNamedRelevant
C:\Users\thoma\Documents\Cyber Crimes Tools\Takeout Zips\takeout-20260602T071913Z-11-024.zip,takeout-20260602T071913Z-11-024.zip,Takeout/Drive/Unorganized/What_s in the cookie jar project (3).JPG,C:\Users\thoma\Documents\Cyber Crimes Tools\Takeout Extracted\Takeout\Drive\Unorganized\What_s in the cookie jar project (3).JPG,2523924,2013-02-28 22:04:04,ExtractNamedRelevant
C:\Users\thoma\Documents\Cyber Crimes Tools\Takeout Zips\takeout-20260602T071913Z-11-024.zip,takeout-20260602T071913Z-11-024.zip,Takeout/Drive/Unorganized/What_s in the cookie jar project (18).JPG,C:\Users\thoma\Documents\Cyber Crimes Tools\Takeout Extracted\Takeout\Drive\Unorganized\What_s in the cookie jar project (18).JPG,2380477,2013-02-28 22:03:46,ExtractNamedRelevant
C:\Users\thoma\Documents\Cyber Crimes Tools\Takeout Zips\takeout-20260602T071913Z-11-024.zip,takeout-20260602T071913Z-11-024.zip,Takeout/Drive/Unorganized/What_s in the cookie jar project (15).JPG,C:\Users\thoma\Documents\Cyber Crimes Tools\Takeout Extracted\Takeout\Drive\Unorganized\What_s in the cookie jar project (15).JPG,2450849,2013-02-28 22:03:20,ExtractNamedRelevant
C:\Users\thoma\Documents\Cyber Crimes Tools\Takeout Zips\takeout-20260602T071913Z-11-024.zip,takeout-20260602T071913Z-11-024.zip,Takeout/Drive/Unorganized/What_s in the cookie jar project (13).JPG,C:\Users\thoma\Documents\Cyber Crimes Tools\Takeout Extracted\Takeout\Drive\Unorganized\What_s in the cookie jar project (13).JPG,2565630,2013-02-28 22:03:02,ExtractNamedRelevant
C:\Users\thoma\Documents\Cyber Crimes Tools\Takeout Zips\takeout-20260602T071913Z-11-024.zip,takeout-20260602T071913Z-11-024.zip,Takeout/Drive/Unorganized/What_s in the cookie jar project (10).JPG,C:\Users\thoma\Documents\Cyber Crimes Tools\Takeout Extracted\Takeout\Drive\Unorganized\What_s in the cookie jar project (10).JPG,2512450,2013-02-28 22:02:34,ExtractNamedRelevant
C:\Users\thoma\Documents\Cyber Crimes Tools\Takeout Zips\takeout-20260602T071913Z-11-024.zip,takeout-20260602T071913Z-11-024.zip,Takeout/Drive/Unorganized/What_s in the cookie jar project (11).JPG,C:\Users\thoma\Documents\Cyber Crimes Tools\Takeout Extracted\Takeout\Drive\Unorganized\What_s in the cookie jar project (11).JPG,2445864,2013-02-28 22:02:42,ExtractNamedRelevant
C:\Users\thoma\Documents\Cyber Crimes Tools\Takeout Zips\takeout-20260602T071913Z-11-024.zip,takeout-20260602T071913Z-11-024.zip,Takeout/Drive/Unorganized/the seal-Dec 2010.MOV,C:\Users\thoma\Documents\Cyber Crimes Tools\Takeout Extracted\Takeout\Drive\Unorganized\the seal-Dec 2010.MOV,9073109,2013-02-28 22:01:56,ExtractNamedRelevant
C:\Users\thoma\Documents\Cyber Crimes Tools\Takeout Zips\takeout-20260602T071913Z-11-024.zip,takeout-20260602T071913Z-11-024.zip,Takeout/Drive/Unorganized/What_s in the cookie jar project (1).JPG,C:\Users\thoma\Documents\Cyber Crimes Tools\Takeout Extracted\Takeout\Drive\Unorganized\What_s in the cookie jar project (1).JPG,2212268,2013-02-28 22:02:24,ExtractNamedRelevant
C:\Users\thoma\Documents\Cyber Crimes Tools\Takeout Zips\takeout-20260602T071913Z-11-024.zip,takeout-20260602T071913Z-11-024.zip,Takeout/Drive/Unorganized/Road trip to Fl with Kameron-Nov 2010 (9).JPG,C:\Users\thoma\Documents\Cyber Crimes Tools\Takeout Extracted\Takeout\Drive\Unorganized\Road trip to Fl with Kameron-Nov 2010 (9).JPG,1145209,2013-02-28 22:01:24,ExtractNamedRelevant
C:\Users\thoma\Documents\Cyber Crimes Tools\Takeout Zips\takeout-20260602T071913Z-11-024.zip,takeout-20260602T071913Z-11-024.zip,Takeout/Drive/Unorganized/Road trip to Fl with Kameron-Nov 2010 (7).JPG,C:\Users\thoma\Documents\Cyber Crimes Tools\Takeout Extracted\Takeout\Drive\Unorganized\Road trip to Fl with Kameron-Nov 2010 (7).JPG,1581758,2013-02-28 22:01:14,ExtractNamedRelevant
C:\Users\thoma\Documents\Cyber Crimes Tools\Takeout Zips\takeout-20260602T071913Z-11-024.zip,takeout-20260602T071913Z-11-024.zip,Takeout/Drive/Unorganized/Road trip to Fl with Kameron-Nov 2010 (5).JPG,C:\Users\thoma\Documents\Cyber Crimes Tools\Takeout Extracted\Takeout\Drive\Unorganized\Road trip to Fl with Kameron-Nov 2010 (5).JPG,1667570,2013-02-28 22:01:02,ExtractNamedRelevant
C:\Users\thoma\Documents\Cyber Crimes Tools\Takeout Zips\takeout-20260602T071913Z-11-024.zip,takeout-20260602T071913Z-11-024.zip,Takeout/Drive/Unorganized/Road trip to Fl with Kameron-Nov 2010 (8).JPG,C:\Users\thoma\Documents\Cyber Crimes Tools\Takeout Extracted\Takeout\Drive\Unorganized\Road trip to Fl with Kameron-Nov 2010 (8).JPG,1628448,2013-02-28 22:01:20,ExtractNamedRelevant
C:\Users\thoma\Documents\Cyber Crimes Tools\Takeout Zips\takeout-20260602T071913Z-11-024.zip,takeout-20260602T071913Z-11-024.zip,Takeout/Drive/Unorganized/Road trip to Fl with Kameron-Nov 2010 (31).JPG,C:\Users\thoma\Documents\Cyber Crimes Tools\Takeout Extracted\Takeout\Drive\Unorganized\Road trip to Fl with Kameron-Nov 2010 (31).JPG,1060796,2013-02-28 22:00:40,ExtractNamedRelevant
C:\Users\thoma\Documents\Cyber Crimes Tools\Takeout Zips\takeout-20260602T071913Z-11-024.zip,takeout-20260602T071913Z-11-024.zip,Takeout/Drive/Unorganized/Road trip to Fl with Kameron-Nov 2010 (4).JPG,C:\Users\thoma\Documents\Cyber Crimes Tools\Takeout Extracted\Takeout\Drive\Unorganized\Road trip to Fl with Kameron-Nov 2010 (4).JPG,834652,2013-02-28 22:00:52,ExtractNamedRelevant
C:\Users\thoma\Documents\Cyber Crimes Tools\Takeout Zips\takeout-20260602T071913Z-11-024.zip,takeout-20260602T071913Z-11-024.zip,Takeout/Drive/Unorganized/Road trip to Fl with Kameron-Nov 2010 (33).JPG,C:\Users\thoma\Documents\Cyber Crimes Tools\Takeout Extracted\Takeout\Drive\Unorganized\Road trip to Fl with Kameron-Nov 2010 (33).JPG,1079413,2013-02-28 22:00:48,ExtractNamedRelevant
C:\Users\thoma\Documents\Cyber Crimes Tools\Takeout Zips\takeout-20260602T071913Z-11-024.zip,takeout-20260602T071913Z-11-024.zip,Takeout/Drive/Unorganized/Road trip to Fl with Kameron-Nov 2010 (32).JPG,C:\Users\thoma\Documents\Cyber Crimes Tools\Takeout Extracted\Takeout\Drive\Unorganized\Road trip to Fl with Kameron-Nov 2010 (32).JPG,1021138,2013-02-28 22:00:44,ExtractNamedRelevant
C:\Users\thoma\Documents\Cyber Crimes Tools\Takeout Zips\takeout-20260602T071913Z-11-024.zip,takeout-20260602T071913Z-11-024.zip,Takeout/Drive/Unorganized/Road trip to Fl with Kameron-Nov 2010 (14).JPG,C:\Users\thoma\Documents\Cyber Crimes Tools\Takeout Extracted\Takeout\Drive\Unorganized\Road trip to Fl with Kameron-Nov 2010 (14).JPG,648695,2013-02-28 21:59:14,ExtractNamedRelevant
C:\Users\thoma\Documents\Cyber Crimes Tools\Takeout Zips\takeout-20260602T071913Z-11-024.zip,takeout-20260602T071913Z-11-024.zip,Takeout/Drive/Unorganized/Road trip to Fl with Kameron-Nov 2010 (30).JPG,C:\Users\thoma\Documents\Cyber Crimes Tools\Takeout Extracted\Takeout\Drive\Unorganized\Road trip to Fl with Kameron-Nov 2010 (30).JPG,1291007,2013-02-28 22:00:36,ExtractNamedRelevant
C:\Users\thoma\Documents\Cyber Crimes Tools\Takeout Zips\takeout-20260602T071913Z-11-024.zip,takeout-20260602T071913Z-11-024.zip,Takeout/Drive/Unorganized/Road trip to Fl with Kameron-Nov 2010 (3).JPG,C:\Users\thoma\Documents\Cyber Crimes Tools\Takeout Extracted\Takeout\Drive\Unorganized\Road trip to Fl with Kameron-Nov 2010 (3).JPG,1148350,2013-02-28 22:00:30,ExtractNamedRelevant
C:\Users\thoma\Documents\Cyber Crimes Tools\Takeout Zips\takeout-20260602T071913Z-11-024.zip,takeout-20260602T071913Z-11-024.zip,Takeout/Drive/Unorganized/Road trip to Fl with Kameron-Nov 2010 (27).JPG,C:\Users\thoma\Documents\Cyber Crimes Tools\Takeout Extracted\Takeout\Drive\Unorganized\Road trip to Fl with Kameron-Nov 2010 (27).JPG,1019094,2013-02-28 22:00:14,ExtractNamedRelevant
C:\Users\thoma\Documents\Cyber Crimes Tools\Takeout Zips\takeout-20260602T071913Z-11-024.zip,takeout-20260602T071913Z-11-024.zip,Takeout/Drive/Unorganized/Road trip to Fl with Kameron-Nov 2010 (10).JPG,C:\Users\thoma\Documents\Cyber Crimes Tools\Takeout Extracted\Takeout\Drive\Unorganized\Road trip to Fl with Kameron-Nov 2010 (10).JPG,1495733,2013-02-28 21:58:54,ExtractNamedRelevant
C:\Users\thoma\Documents\Cyber Crimes Tools\Takeout Zips\takeout-20260602T071913Z-11-024.zip,takeout-20260602T071913Z-11-024.zip,Takeout/Drive/Unorganized/Road trip to Fl with Kameron-Nov 2010 (12).JPG,C:\Users\thoma\Documents\Cyber Crimes Tools\Takeout Extracted\Takeout\Drive\Unorganized\Road trip to Fl with Kameron-Nov 2010 (12).JPG,1303074,2013-02-28 21:59:06,ExtractNamedRelevant
C:\Users\thoma\Documents\Cyber Crimes Tools\Takeout Zips\takeout-20260602T071913Z-11-024.zip,takeout-20260602T071913Z-11-024.zip,Takeout/Drive/Unorganized/Road trip to Fl with Kameron-Nov 2010 (29).JPG,C:\Users\thoma\Documents\Cyber Crimes Tools\Takeout Extracted\Takeout\Drive\Unorganized\Road trip to Fl with Kameron-Nov 2010 (29).JPG,1137199,2013-02-28 22:00:24,ExtractNamedRelevant
C:\Users\thoma\Documents\Cyber Crimes Tools\Takeout Zips\takeout-20260602T071913Z-11-024.zip,takeout-20260602T071913Z-11-024.zip,Takeout/Drive/Unorganized/Road trip to Fl with Kameron-Nov 2010 (24).JPG,C:\Users\thoma\Documents\Cyber Crimes Tools\Takeout Extracted\Takeout\Drive\Unorganized\Road trip to Fl with Kameron-Nov 2010 (24).JPG,999229,2013-02-28 22:00:00,ExtractNamedRelevant
C:\Users\thoma\Documents\Cyber Crimes Tools\Takeout Zips\takeout-20260602T071913Z-11-024.zip,takeout-20260602T071913Z-11-024.zip,Takeout/Drive/Unorganized/Road trip to Fl with Kameron-Nov 2010 (23).JPG,C:\Users\thoma\Documents\Cyber Crimes Tools\Takeout Extracted\Takeout\Drive\Unorganized\Road trip to Fl with Kameron-Nov 2010 (23).JPG,882389,2013-02-28 21:59:56,ExtractNamedRelevant
C:\Users\thoma\Documents\Cyber Crimes Tools\Takeout Zips\takeout-20260602T071913Z-11-024.zip,takeout-20260602T071913Z-11-024.zip,Takeout/Drive/Unorganized/Road trip to Fl with Kameron-Nov 2010 (22).JPG,C:\Users\thoma\Documents\Cyber Crimes Tools\Takeout Extracted\Takeout\Drive\Unorganized\Road trip to Fl with Kameron-Nov 2010 (22).JPG,887917,2013-02-28 21:59:52,ExtractNamedRelevant
C:\Users\thoma\Documents\Cyber Crimes Tools\Takeout Zips\takeout-20260602T071913Z-11-024.zip,takeout-20260602T071913Z-11-024.zip,Takeout/Drive/Unorganized/Road trip to Fl with Kameron-Nov 2010 (21).JPG,C:\Users\thoma\Documents\Cyber Crimes Tools\Takeout Extracted\Takeout\Drive\Unorganized\Road trip to Fl with Kameron-Nov 2010 (21).JPG,906999,2013-02-28 21:59:48,ExtractNamedRelevant
C:\Users\thoma\Documents\Cyber Crimes Tools\Takeout Zips\takeout-20260602T071913Z-11-024.zip,takeout-20260602T071913Z-11-024.zip,Takeout/Drive/Unorganized/Race track - Dec 2010 (6).JPG,C:\Users\thoma\Documents\Cyber Crimes Tools\Takeout Extracted\Takeout\Drive\Unorganized\Race track - Dec 2010 (6).JPG,1359501,2013-02-28 21:52:48,ExtractNamedRelevant
C:\Users\thoma\Documents\Cyber Crimes Tools\Takeout Zips\takeout-20260602T071913Z-11-024.zip,takeout-20260602T071913Z-11-024.zip,Takeout/Drive/Unorganized/Road trip to Fl with Kameron-Nov 2010 (20).JPG,C:\Users\thoma\Documents\Cyber Crimes Tools\Takeout Extracted\Takeout\Drive\Unorganized\Road trip to Fl with Kameron-Nov 2010 (20).JPG,868707,2013-02-28 21:59:44,ExtractNamedRelevant
C:\Users\thoma\Documents\Cyber Crimes Tools\Takeout Zips\takeout-20260602T071913Z-11-024.zip,takeout-20260602T071913Z-11-024.zip,Takeout/Drive/Unorganized/Road trip to Fl with Kameron-Nov 2010 (2).MOV,C:\Users\thoma\Documents\Cyber Crimes Tools\Takeout Extracted\Takeout\Drive\Unorganized\Road trip to Fl with Kameron-Nov 2010 (2).MOV,931772,2013-02-28 21:59:40,ExtractNamedRelevant
C:\Users\thoma\Documents\Cyber Crimes Tools\Takeout Zips\takeout-20260602T071913Z-11-024.zip,takeout-20260602T071913Z-11-024.zip,Takeout/Drive/Unorganized/Race track - Dec 2010 (50).JPG,C:\Users\thoma\Documents\Cyber Crimes Tools\Takeout Extracted\Takeout\Drive\Unorganized\Race track - Dec 2010 (50).JPG,1851559,2013-02-28 21:52:02,ExtractNamedRelevant
C:\Users\thoma\Documents\Cyber Crimes Tools\Takeout Zips\takeout-20260602T071913Z-11-024.zip,takeout-20260602T071913Z-11-024.zip,Takeout/Drive/Unorganized/Road trip to Fl with Kameron-Nov 2010 (19).JPG,C:\Users\thoma\Documents\Cyber Crimes Tools\Takeout Extracted\Takeout\Drive\Unorganized\Road trip to Fl with Kameron-Nov 2010 (19).JPG,874246,2013-02-28 21:59:32,ExtractNamedRelevant
C:\Users\thoma\Documents\Cyber Crimes Tools\Takeout Zips\takeout-20260602T071913Z-11-024.zip,takeout-20260602T071913Z-11-024.zip,Takeout/Drive/Unorganized/Road trip to Fl with Kameron-Nov 2010 (2).JPG,C:\Users\thoma\Documents\Cyber Crimes Tools\Takeout Extracted\Takeout\Drive\Unorganized\Road trip to Fl with Kameron-Nov 2010 (2).JPG,880117,2013-02-28 21:59:36,ExtractNamedRelevant
C:\Users\thoma\Documents\Cyber Crimes Tools\Takeout Zips\takeout-20260602T071913Z-11-024.zip,takeout-20260602T071913Z-11-024.zip,Takeout/Drive/Unorganized/Road trip to Fl with Kameron-Nov 2010 (16).JPG,C:\Users\thoma\Documents\Cyber Crimes Tools\Takeout Extracted\Takeout\Drive\Unorganized\Road trip to Fl with Kameron-Nov 2010 (16).JPG,537180,2013-02-28 21:59:20,ExtractNamedRelevant
C:\Users\thoma\Documents\Cyber Crimes Tools\Takeout Zips\takeout-20260602T071913Z-11-024.zip,takeout-20260602T071913Z-11-024.zip,Takeout/Drive/Unorganized/Race track - Dec 2010 (47).JPG,C:\Users\thoma\Documents\Cyber Crimes Tools\Takeout Extracted\Takeout\Drive\Unorganized\Race track - Dec 2010 (47).JPG,1791641,2013-02-28 21:47:34,ExtractNamedRelevant
C:\Users\thoma\Documents\Cyber Crimes Tools\Takeout Zips\takeout-20260602T071913Z-11-024.zip,takeout-20260602T071913Z-11-024.zip,Takeout/Drive/Unorganized/Road trip to Fl with Kameron-Nov 2010 (18).JPG,C:\Users\thoma\Documents\Cyber Crimes Tools\Takeout Extracted\Takeout\Drive\Unorganized\Road trip to Fl with Kameron-Nov 2010 (18).JPG,1121516,2013-02-28 21:59:28,ExtractNamedRelevant
C:\Users\thoma\Documents\Cyber Crimes Tools\Takeout Zips\takeout-20260602T071913Z-11-024.zip,takeout-20260602T071913Z-11-024.zip,Takeout/Drive/Unorganized/Road trip to Fl with Kameron-Nov 2010 (17).JPG,C:\Users\thoma\Documents\Cyber Crimes Tools\Takeout Extracted\Takeout\Drive\Unorganized\Road trip to Fl with Kameron-Nov 2010 (17).JPG,594714,2013-02-28 21:59:24,ExtractNamedRelevant
C:\Users\thoma\Documents\Cyber Crimes Tools\Takeout Zips\takeout-20260602T071913Z-11-024.zip,takeout-20260602T071913Z-11-024.zip,Takeout/Drive/Unorganized/Road trip to Fl with Kameron-Nov 2010 (15).JPG,C:\Users\thoma\Documents\Cyber Crimes Tools\Takeout Extracted\Takeout\Drive\Unorganized\Road trip to Fl with Kameron-Nov 2010 (15).JPG,569648,2013-02-28 21:59:18,ExtractNamedRelevant
C:\Users\thoma\Documents\Cyber Crimes Tools\Takeout Zips\takeout-20260602T071913Z-11-024.zip,takeout-20260602T071913Z-11-024.zip,Takeout/Drive/Unorganized/Road trip to Fl with Kameron-Nov 2010 (13).JPG,C:\Users\thoma\Documents\Cyber Crimes Tools\Takeout Extracted\Takeout\Drive\Unorganized\Road trip to Fl with Kameron-Nov 2010 (13).JPG,1460176,2013-02-28 21:59:12,ExtractNamedRelevant
C:\Users\thoma\Documents\Cyber Crimes Tools\Takeout Zips\takeout-20260602T071913Z-11-024.zip,takeout-20260602T071913Z-11-024.zip,Takeout/Drive/Unorganized/Race track - Dec 2010 (9).JPG,C:\Users\thoma\Documents\Cyber Crimes Tools\Takeout Extracted\Takeout\Drive\Unorganized\Race track - Dec 2010 (9).JPG,1322129,2013-02-28 21:58:30,ExtractNamedRelevant
C:\Users\thoma\Documents\Cyber Crimes Tools\Takeout Zips\takeout-20260602T071913Z-11-024.zip,takeout-20260602T071913Z-11-024.zip,Takeout/Drive/Unorganized/Race track - Dec 2010 (41).JPG,C:\Users\thoma\Documents\Cyber Crimes Tools\Takeout Extracted\Takeout\Drive\Unorganized\Race track - Dec 2010 (41).JPG,1814986,2013-02-28 21:46:52,ExtractNamedRelevant
C:\Users\thoma\Documents\Cyber Crimes Tools\Takeout Zips\takeout-20260602T071913Z-11-024.zip,takeout-20260602T071913Z-11-024.zip,Takeout/Drive/Unorganized/Road trip to Fl with Kameron-Nov 2010 (1).JPG,C:\Users\thoma\Documents\Cyber Crimes Tools\Takeout Extracted\Takeout\Drive\Unorganized\Road trip to Fl with Kameron-Nov 2010 (1).JPG,1073536,2013-02-28 21:58:34,ExtractNamedRelevant
C:\Users\thoma\Documents\Cyber Crimes Tools\Takeout Zips\takeout-20260602T071913Z-11-024.zip,takeout-20260602T071913Z-11-024.zip,Takeout/Drive/Unorganized/Road trip to Fl with Kameron-Nov 2010 (1).MOV,C:\Users\thoma\Documents\Cyber Crimes Tools\Takeout Extracted\Takeout\Drive\Unorganized\Road trip to Fl with Kameron-Nov 2010 (1).MOV,4227775,2013-02-28 21:58:48,ExtractNamedRelevant
C:\Users\thoma\Documents\Cyber Crimes Tools\Takeout Zips\takeout-20260602T071913Z-11-024.zip,takeout-20260602T071913Z-11-024.zip,Takeout/Drive/Unorganized/Race track - Dec 2010 (7).MOV,C:\Users\thoma\Documents\Cyber Crimes Tools\Takeout Extracted\Takeout\Drive\Unorganized\Race track - Dec 2010 (7).MOV,31087630,2013-02-28 21:58:20,SkipLargeMediaEvenIfNamed
C:\Users\thoma\Documents\Cyber Crimes Tools\Takeout Zips\takeout-20260602T071913Z-11-024.zip,takeout-20260602T071913Z-11-024.zip,Takeout/Drive/Unorganized/October 2010 (15).JPG,C:\Users\thoma\Documents\Cyber Crimes Tools\Takeout Extracted\Takeout\Drive\Unorganized\October 2010 (15).JPG,878828,2013-02-28 21:16:36,ExtractNamedRelevant
C:\Users\thoma\Documents\Cyber Crimes Tools\Takeout Zips\takeout-20260602T071913Z-11-024.zip,takeout-20260602T071913Z-11-024.zip,Takeout/Drive/Unorganized/Race track - Dec 2010 (56).JPG,C:\Users\thoma\Documents\Cyber Crimes Tools\Takeout Extracted\Takeout\Drive\Unorganized\Race track - Dec 2010 (56).JPG,1704881,2013-02-28 21:52:42,ExtractNamedRelevant
C:\Users\thoma\Documents\Cyber Crimes Tools\Takeout Zips\takeout-20260602T071913Z-11-024.zip,takeout-20260602T071913Z-11-024.zip,Takeout/Drive/Unorganized/Race track - Dec 2010 (6).MOV,C:\Users\thoma\Documents\Cyber Crimes Tools\Takeout Extracted\Takeout\Drive\Unorganized\Race track - Dec 2010 (6).MOV,79836408,2013-02-28 21:56:42,SkipLargeMediaEvenIfNamed
C:\Users\thoma\Documents\Cyber Crimes Tools\Takeout Zips\takeout-20260602T071913Z-11-024.zip,takeout-20260602T071913Z-11-024.zip,Takeout/Drive/Unorganized/Race track - Dec 2010 (53).JPG,C:\Users\thoma\Documents\Cyber Crimes Tools\Takeout Extracted\Takeout\Drive\Unorganized\Race track - Dec 2010 (53).JPG,1721140,2013-02-28 21:52:22,ExtractNamedRelevant
C:\Users\thoma\Documents\Cyber Crimes Tools\Takeout Zips\takeout-20260602T071913Z-11-024.zip,takeout-20260602T071913Z-11-024.zip,Takeout/Drive/Unorganized/Road trip to Fl with Kameron-Nov 2010 (11).JPG,C:\Users\thoma\Documents\Cyber Crimes Tools\Takeout Extracted\Takeout\Drive\Unorganized\Road trip to Fl with Kameron-Nov 2010 (11).JPG,1465613,2013-02-28 21:59:00,ExtractNamedRelevant
C:\Users\thoma\Documents\Cyber Crimes Tools\Takeout Zips\takeout-20260602T071913Z-11-024.zip,takeout-20260602T071913Z-11-024.zip,Takeout/Drive/Unorganized/Race track - Dec 2010 (54).JPG,C:\Users\thoma\Documents\Cyber Crimes Tools\Takeout Extracted\Takeout\Drive\Unorganized\Race track - Dec 2010 (54).JPG,1802228,2013-02-28 21:52:30,ExtractNamedRelevant
C:\Users\thoma\Documents\Cyber Crimes Tools\Takeout Zips\takeout-20260602T071913Z-11-024.zip,takeout-20260602T071913Z-11-024.zip,Takeout/Drive/Unorganized/Race track - Dec 2010 (55).JPG,C:\Users\thoma\Documents\Cyber Crimes Tools\Takeout Extracted\Takeout\Drive\Unorganized\Race track - Dec 2010 (55).JPG,1763862,2013-02-28 21:52:36,ExtractNamedRelevant
C:\Users\thoma\Documents\Cyber Crimes Tools\Takeout Zips\takeout-20260602T071913Z-11-024.zip,takeout-20260602T071913Z-11-024.zip,Takeout/Drive/Unorganized/Race track - Dec 2010 (52).JPG,C:\Users\thoma\Documents\Cyber Crimes Tools\Takeout Extracted\Takeout\Drive\Unorganized\Race track - Dec 2010 (52).JPG,1685193,2013-02-28 21:52:16,ExtractNamedRelevant
C:\Users\thoma\Documents\Cyber Crimes Tools\Takeout Zips\takeout-20260602T071913Z-11-024.zip,takeout-20260602T071913Z-11-024.zip,Takeout/Drive/Unorganized/Race track - Dec 2010 (5).JPG,C:\Users\thoma\Documents\Cyber Crimes Tools\Takeout Extracted\Takeout\Drive\Unorganized\Race track - Dec 2010 (5).JPG,1405643,2013-02-28 21:47:54,ExtractNamedRelevant
C:\Users\thoma\Documents\Cyber Crimes Tools\Takeout Zips\takeout-20260602T071913Z-11-024.zip,takeout-20260602T071913Z-11-024.zip,Takeout/Drive/Unorganized/Race track - Dec 2010 (7).JPG,C:\Users\thoma\Documents\Cyber Crimes Tools\Takeout Extracted\Takeout\Drive\Unorganized\Race track - Dec 2010 (7).JPG,1348557,2013-02-28 21:56:48,ExtractNamedRelevant
C:\Users\thoma\Documents\Cyber Crimes Tools\Takeout Zips\takeout-20260602T071913Z-11-024.zip,takeout-20260602T071913Z-11-024.zip,Takeout/Drive/Unorganized/Race track - Dec 2010 (46).JPG,C:\Users\thoma\Documents\Cyber Crimes Tools\Takeout Extracted\Takeout\Drive\Unorganized\Race track - Dec 2010 (46).JPG,1888655,2013-02-28 21:47:28,ExtractNamedRelevant
C:\Users\thoma\Documents\Cyber Crimes Tools\Takeout Zips\takeout-20260602T071913Z-11-024.zip,takeout-20260602T071913Z-11-024.zip,Takeout/Drive/Unorganized/Race track - Dec 2010 (5).MOV,C:\Users\thoma\Documents\Cyber Crimes Tools\Takeout Extracted\Takeout\Drive\Unorganized\Race track - Dec 2010 (5).MOV,79470017,2013-02-28 21:51:56,SkipLargeMediaEvenIfNamed
C:\Users\thoma\Documents\Cyber Crimes Tools\Takeout Zips\takeout-20260602T071913Z-11-024.zip,takeout-20260602T071913Z-11-024.zip,Takeout/Drive/Unorganized/Race track - Dec 2010 (44).JPG,C:\Users\thoma\Documents\Cyber Crimes Tools\Takeout Extracted\Takeout\Drive\Unorganized\Race track - Dec 2010 (44).JPG,1788101,2013-02-28 21:47:14,ExtractNamedRelevant
C:\Users\thoma\Documents\Cyber Crimes Tools\Takeout Zips\takeout-20260602T071913Z-11-024.zip,takeout-20260602T071913Z-11-024.zip,Takeout/Drive/Unorganized/Race track - Dec 2010 (51).JPG,C:\Users\thoma\Documents\Cyber Crimes Tools\Takeout Extracted\Takeout\Drive\Unorganized\Race track - Dec 2010 (51).JPG,1722257,2013-02-28 21:52:10,ExtractNamedRelevant
C:\Users\thoma\Documents\Cyber Crimes Tools\Takeout Zips\takeout-20260602T071913Z-11-024.zip,takeout-20260602T071913Z-11-024.zip,Takeout/Drive/Unorganized/Race track - Dec 2010 (48).JPG,C:\Users\thoma\Documents\Cyber Crimes Tools\Takeout Extracted\Takeout\Drive\Unorganized\Race track - Dec 2010 (48).JPG,1828055,2013-02-28 21:47:42,ExtractNamedRelevant
C:\Users\thoma\Documents\Cyber Crimes Tools\Takeout Zips\takeout-20260602T071913Z-11-024.zip,takeout-20260602T071913Z-11-024.zip,Takeout/Drive/Unorganized/Race track - Dec 2010 (45).JPG,C:\Users\thoma\Documents\Cyber Crimes Tools\Takeout Extracted\Takeout\Drive\Unorganized\Race track - Dec 2010 (45).JPG,1858476,2013-02-28 21:47:22,ExtractNamedRelevant
C:\Users\thoma\Documents\Cyber Crimes Tools\Takeout Zips\takeout-20260602T071913Z-11-024.zip,takeout-20260602T071913Z-11-024.zip,Takeout/Drive/Unorganized/Race track - Dec 2010 (43).JPG,C:\Users\thoma\Documents\Cyber Crimes Tools\Takeout Extracted\Takeout\Drive\Unorganized\Race track - Dec 2010 (43).JPG,1801711,2013-02-28 21:47:06,ExtractNamedRelevant
C:\Users\thoma\Documents\Cyber Crimes Tools\Takeout Zips\takeout-20260602T071913Z-11-024.zip,takeout-20260602T071913Z-11-024.zip,Takeout/Drive/Unorganized/Oct 2010 (6).JPG,C:\Users\thoma\Documents\Cyber Crimes Tools\Takeout Extracted\Takeout\Drive\Unorganized\Oct 2010 (6).JPG,800361,2013-02-28 21:15:44,ExtractNamedRelevant
C:\Users\thoma\Documents\Cyber Crimes Tools\Takeout Zips\takeout-20260602T071913Z-11-024.zip,takeout-20260602T071913Z-11-024.zip,Takeout/Drive/Unorganized/Race track - Dec 2010 (42).JPG,C:\Users\thoma\Documents\Cyber Crimes Tools\Takeout Extracted\Takeout\Drive\Unorganized\Race track - Dec 2010 (42).JPG,1829971,2013-02-28 21:47:00,ExtractNamedRelevant
C:\Users\thoma\Documents\Cyber Crimes Tools\Takeout Zips\takeout-20260602T071913Z-11-024.zip,takeout-20260602T071913Z-11-024.zip,Takeout/Drive/Unorganized/Race track - Dec 2010 (4).JPG,C:\Users\thoma\Documents\Cyber Crimes Tools\Takeout Extracted\Takeout\Drive\Unorganized\Race track - Dec 2010 (4).JPG,1392682,2013-02-28 21:40:34,ExtractNamedRelevant
C:\Users\thoma\Documents\Cyber Crimes Tools\Takeout Zips\takeout-20260602T071913Z-11-024.zip,takeout-20260602T071913Z-11-024.zip,Takeout/Drive/Unorganized/Race track - Dec 2010 (39).JPG,C:\Users\thoma\Documents\Cyber Crimes Tools\Takeout Extracted\Takeout\Drive\Unorganized\Race track - Dec 2010 (39).JPG,1791768,2013-02-28 21:40:28,ExtractNamedRelevant
C:\Users\thoma\Documents\Cyber Crimes Tools\Takeout Zips\takeout-20260602T071913Z-11-024.zip,takeout-20260602T071913Z-11-024.zip,Takeout/Drive/Unorganized/Race track - Dec 2010 (37).JPG,C:\Users\thoma\Documents\Cyber Crimes Tools\Takeout Extracted\Takeout\Drive\Unorganized\Race track - Dec 2010 (37).JPG,1758084,2013-02-28 21:40:14,ExtractNamedRelevant
C:\Users\thoma\Documents\Cyber Crimes Tools\Takeout Zips\takeout-20260602T071913Z-11-024.zip,takeout-20260602T071913Z-11-024.zip,Takeout/Drive/Unorganized/Oct 2010 (8).JPG,C:\Users\thoma\Documents\Cyber Crimes Tools\Takeout Extracted\Takeout\Drive\Unorganized\Oct 2010 (8).JPG,1216337,2013-02-28 21:15:56,ExtractNamedRelevant
C:\Users\thoma\Documents\Cyber Crimes Tools\Takeout Zips\takeout-20260602T071913Z-11-024.zip,takeout-20260602T071913Z-11-024.zip,Takeout/Drive/Unorganized/Nov 2010.JPG,C:\Users\thoma\Documents\Cyber Crimes Tools\Takeout Extracted\Takeout\Drive\Unorganized\Nov 2010.JPG,858412,2013-02-28 21:02:32,ExtractNamedRelevant
C:\Users\thoma\Documents\Cyber Crimes Tools\Takeout Zips\takeout-20260602T071913Z-11-024.zip,takeout-20260602T071913Z-11-024.zip,Takeout/Drive/Unorganized/October 2010 (14).JPG,C:\Users\thoma\Documents\Cyber Crimes Tools\Takeout Extracted\Takeout\Drive\Unorganized\October 2010 (14).JPG,881164,2013-02-28 21:16:32,ExtractNamedRelevant
C:\Users\thoma\Documents\Cyber Crimes Tools\Takeout Zips\takeout-20260602T071913Z-11-024.zip,takeout-20260602T071913Z-11-024.zip,Takeout/Drive/Unorganized/October 2010 (12).JPG,C:\Users\thoma\Documents\Cyber Crimes Tools\Takeout Extracted\Takeout\Drive\Unorganized\October 2010 (12).JPG,760844,2013-02-28 21:16:24,ExtractNamedRelevant
C:\Users\thoma\Documents\Cyber Crimes Tools\Takeout Zips\takeout-20260602T071913Z-11-024.zip,takeout-20260602T071913Z-11-024.zip,Takeout/Drive/Unorganized/October 2010 (13).JPG,C:\Users\thoma\Documents\Cyber Crimes Tools\Takeout Extracted\Takeout\Drive\Unorganized\October 2010 (13).JPG,903306,2013-02-28 21:16:28,ExtractNamedRelevant
C:\Users\thoma\Documents\Cyber Crimes Tools\Takeout Zips\takeout-20260602T071913Z-11-024.zip,takeout-20260602T071913Z-11-024.zip,Takeout/Drive/Unorganized/October 2010 (10).JPG,C:\Users\thoma\Documents\Cyber Crimes Tools\Takeout Extracted\Takeout\Drive\Unorganized\October 2010 (10).JPG,871491,2013-02-28 21:16:16,ExtractNamedRelevant
C:\Users\thoma\Documents\Cyber Crimes Tools\Takeout Zips\takeout-20260602T071913Z-11-024.zip,takeout-20260602T071913Z-11-024.zip,Takeout/Drive/Unorganized/October 2010 (1).JPG,C:\Users\thoma\Documents\Cyber Crimes Tools\Takeout Extracted\Takeout\Drive\Unorganized\October 2010 (1).JPG,844861,2013-02-28 21:16:12,ExtractNamedRelevant
C:\Users\thoma\Documents\Cyber Crimes Tools\Takeout Zips\takeout-20260602T071913Z-11-024.zip,takeout-20260602T071913Z-11-024.zip,Takeout/Drive/Unorganized/Nov 2010 (3).JPG,C:\Users\thoma\Documents\Cyber Crimes Tools\Takeout Extracted\Takeout\Drive\Unorganized\Nov 2010 (3).JPG,1116861,2013-02-28 21:02:00,ExtractNamedRelevant
C:\Users\thoma\Documents\Cyber Crimes Tools\Takeout Zips\takeout-20260602T071913Z-11-024.zip,takeout-20260602T071913Z-11-024.zip,Takeout/Drive/Unorganized/Race track - Dec 2010 (35).JPG,C:\Users\thoma\Documents\Cyber Crimes Tools\Takeout Extracted\Takeout\Drive\Unorganized\Race track - Dec 2010 (35).JPG,1869818,2013-02-28 21:40:02,ExtractNamedRelevant
C:\Users\thoma\Documents\Cyber Crimes Tools\Takeout Zips\takeout-20260602T071913Z-11-024.zip,takeout-20260602T071913Z-11-024.zip,Takeout/Drive/Unorganized/Oct 2010 (3).JPG,C:\Users\thoma\Documents\Cyber Crimes Tools\Takeout Extracted\Takeout\Drive\Unorganized\Oct 2010 (3).JPG,830696,2013-02-28 21:15:34,ExtractNamedRelevant
C:\Users\thoma\Documents\Cyber Crimes Tools\Takeout Zips\takeout-20260602T071913Z-11-024.zip,takeout-20260602T071913Z-11-024.zip,Takeout/Drive/Unorganized/Oct 2010 (9).JPG,C:\Users\thoma\Documents\Cyber Crimes Tools\Takeout Extracted\Takeout\Drive\Unorganized\Oct 2010 (9).JPG,1358683,2013-02-28 21:16:02,ExtractNamedRelevant
C:\Users\thoma\Documents\Cyber Crimes Tools\Takeout Zips\takeout-20260602T071913Z-11-024.zip,takeout-20260602T071913Z-11-024.zip,Takeout/Drive/Unorganized/Oct 2010 (2).JPG,C:\Users\thoma\Documents\Cyber Crimes Tools\Takeout Extracted\Takeout\Drive\Unorganized\Oct 2010 (2).JPG,805990,2013-02-28 21:09:24,ExtractNamedRelevant
C:\Users\thoma\Documents\Cyber Crimes Tools\Takeout Zips\takeout-20260602T071913Z-11-024.zip,takeout-20260602T071913Z-11-024.zip,Takeout/Drive/Unorganized/Oct 2010 (16).JPG,C:\Users\thoma\Documents\Cyber Crimes Tools\Takeout Extracted\Takeout\Drive\Unorganized\Oct 2010 (16).JPG,2235588,2013-02-28 21:09:20,ExtractNamedRelevant
C:\Users\thoma\Documents\Cyber Crimes Tools\Takeout Zips\takeout-20260602T071913Z-11-024.zip,takeout-20260602T071913Z-11-024.zip,Takeout/Drive/Unorganized/Oct 2010 (7).JPG,C:\Users\thoma\Documents\Cyber Crimes Tools\Takeout Extracted\Takeout\Drive\Unorganized\Oct 2010 (7).JPG,1611983,2013-02-28 21:15:50,ExtractNamedRelevant
C:\Users\thoma\Documents\Cyber Crimes Tools\Takeout Zips\takeout-20260602T071913Z-11-024.zip,takeout-20260602T071913Z-11-024.zip,Takeout/Drive/Unorganized/Oct 2010 (5).JPG,C:\Users\thoma\Documents\Cyber Crimes Tools\Takeout Extracted\Takeout\Drive\Unorganized\Oct 2010 (5).JPG,798952,2013-02-28 21:15:42,ExtractNamedRelevant
C:\Users\thoma\Documents\Cyber Crimes Tools\Takeout Zips\takeout-20260602T071913Z-11-024.zip,takeout-20260602T071913Z-11-024.zip,Takeout/Drive/Unorganized/Oct 2010 (15).JPG,C:\Users\thoma\Documents\Cyber Crimes Tools\Takeout Extracted\Takeout\Drive\Unorganized\Oct 2010 (15).JPG,1591086,2013-02-28 21:09:12,ExtractNamedRelevant
C:\Users\thoma\Documents\Cyber Crimes Tools\Takeout Zips\takeout-20260602T071913Z-11-024.zip,takeout-20260602T071913Z-11-024.zip,Takeout/Drive/Unorganized/Oct 2010 (12).JPG,C:\Users\thoma\Documents\Cyber Crimes Tools\Takeout Extracted\Takeout\Drive\Unorganized\Oct 2010 (12).JPG,1835364,2013-02-28 21:08:54,ExtractNamedRelevant
C:\Users\thoma\Documents\Cyber Crimes Tools\Takeout Zips\takeout-20260602T071913Z-11-024.zip,takeout-20260602T071913Z-11-024.zip,Takeout/Drive/Unorganized/Nov 2010  (5).JPG,C:\Users\thoma\Documents\Cyber Crimes Tools\Takeout Extracted\Takeout\Drive\Unorganized\Nov 2010  (5).JPG,1140531,2013-02-28 21:01:26,ExtractNamedRelevant
C:\Users\thoma\Documents\Cyber Crimes Tools\Takeout Zips\takeout-20260602T071913Z-11-024.zip,takeout-20260602T071913Z-11-024.zip,Takeout/Drive/Unorganized/Oct 2010 (1).JPG,C:\Users\thoma\Documents\Cyber Crimes Tools\Takeout Extracted\Takeout\Drive\Unorganized\Oct 2010 (1).JPG,817209,2013-02-28 21:02:36,ExtractNamedRelevant
C:\Users\thoma\Documents\Cyber Crimes Tools\Takeout Zips\takeout-20260602T071913Z-11-024.zip,takeout-20260602T071913Z-11-024.zip,Takeout/Drive/Unorganized/Nov 2010  (2).MOV,C:\Users\thoma\Documents\Cyber Crimes Tools\Takeout Extracted\Takeout\Drive\Unorganized\Nov 2010  (2).MOV,60616946,2013-02-28 20:58:32,SkipLargeMediaEvenIfNamed
C:\Users\thoma\Documents\Cyber Crimes Tools\Takeout Zips\takeout-20260602T071913Z-11-024.zip,takeout-20260602T071913Z-11-024.zip,Takeout/Drive/Unorganized/Oct 2010 (14).JPG,C:\Users\thoma\Documents\Cyber Crimes Tools\Takeout Extracted\Takeout\Drive\Unorganized\Oct 2010 (14).JPG,1613276,2013-02-28 21:09:06,ExtractNamedRelevant
C:\Users\thoma\Documents\Cyber Crimes Tools\Takeout Zips\takeout-20260602T071913Z-11-024.zip,takeout-20260602T071913Z-11-024.zip,Takeout/Drive/Unorganized/Oct 2010 (11).JPG,C:\Users\thoma\Documents\Cyber Crimes Tools\Takeout Extracted\Takeout\Drive\Unorganized\Oct 2010 (11).JPG,1969867,2013-02-28 21:08:46,ExtractNamedRelevant
C:\Users\thoma\Documents\Cyber Crimes Tools\Takeout Zips\takeout-20260602T071913Z-11-024.zip,takeout-20260602T071913Z-11-024.zip,Takeout/Drive/Unorganized/Nov 2010 (7).JPG,C:\Users\thoma\Documents\Cyber Crimes Tools\Takeout Extracted\Takeout\Drive\Unorganized\Nov 2010 (7).JPG,1211386,2013-02-28 21:02:20,ExtractNamedRelevant
C:\Users\thoma\Documents\Cyber Crimes Tools\Takeout Zips\takeout-20260602T071913Z-11-024.zip,takeout-20260602T071913Z-11-024.zip,Takeout/Drive/Unorganized/Nov 2010 (9).JPG,C:\Users\thoma\Documents\Cyber Crimes Tools\Takeout Extracted\Takeout\Drive\Unorganized\Nov 2010 (9).JPG,862803,2013-02-28 21:02:28,ExtractNamedRelevant
C:\Users\thoma\Documents\Cyber Crimes Tools\Takeout Zips\takeout-20260602T071913Z-11-024.zip,takeout-20260602T071913Z-11-024.zip,Takeout/Drive/Unorganized/Nov 2010 (4).JPG,C:\Users\thoma\Documents\Cyber Crimes Tools\Takeout Extracted\Takeout\Drive\Unorganized\Nov 2010 (4).JPG,1123003,2013-02-28 21:02:06,ExtractNamedRelevant
C:\Users\thoma\Documents\Cyber Crimes Tools\Takeout Zips\takeout-20260602T071913Z-11-024.zip,takeout-20260602T071913Z-11-024.zip,Takeout/Drive/Unorganized/Nov 2010 (2).JPG,C:\Users\thoma\Documents\Cyber Crimes Tools\Takeout Extracted\Takeout\Drive\Unorganized\Nov 2010 (2).JPG,1333396,2013-02-28 21:01:54,ExtractNamedRelevant
C:\Users\thoma\Documents\Cyber Crimes Tools\Takeout Zips\takeout-20260602T071913Z-11-024.zip,takeout-20260602T071913Z-11-024.zip,Takeout/Drive/Unorganized/Oct 2010 (10).JPG,C:\Users\thoma\Documents\Cyber Crimes Tools\Takeout Extracted\Takeout\Drive\Unorganized\Oct 2010 (10).JPG,1258266,2013-02-28 21:08:38,ExtractNamedRelevant
C:\Users\thoma\Documents\Cyber Crimes Tools\Takeout Zips\takeout-20260602T071913Z-11-024.zip,takeout-20260602T071913Z-11-024.zip,Takeout/Drive/Unorganized/Nov 2010 (5).JPG,C:\Users\thoma\Documents\Cyber Crimes Tools\Takeout Extracted\Takeout\Drive\Unorganized\Nov 2010 (5).JPG,1289948,2013-02-28 21:02:10,ExtractNamedRelevant
C:\Users\thoma\Documents\Cyber Crimes Tools\Takeout Zips\takeout-20260602T071913Z-11-024.zip,takeout-20260602T071913Z-11-024.zip,Takeout/Drive/Unorganized/Nov 2010  (9).JPG,C:\Users\thoma\Documents\Cyber Crimes Tools\Takeout Extracted\Takeout\Drive\Unorganized\Nov 2010  (9).JPG,1041495,2013-02-28 21:01:46,ExtractNamedRelevant
C:\Users\thoma\Documents\Cyber Crimes Tools\Takeout Zips\takeout-20260602T071913Z-11-024.zip,takeout-20260602T071913Z-11-024.zip,Takeout/Drive/Unorganized/Nov 2010  (6).JPG,C:\Users\thoma\Documents\Cyber Crimes Tools\Takeout Extracted\Takeout\Drive\Unorganized\Nov 2010  (6).JPG,1198571,2013-02-28 21:01:30,ExtractNamedRelevant
C:\Users\thoma\Documents\Cyber Crimes Tools\Takeout Zips\takeout-20260602T071913Z-11-024.zip,takeout-20260602T071913Z-11-024.zip,Takeout/Drive/Unorganized/Nov 2010  (4).MOV,C:\Users\thoma\Documents\Cyber Crimes Tools\Takeout Extracted\Takeout\Drive\Unorganized\Nov 2010  (4).MOV,800034,2013-02-28 21:01:20,ExtractNamedRelevant
C:\Users\thoma\Documents\Cyber Crimes Tools\Takeout Zips\takeout-20260602T071913Z-11-024.zip,takeout-20260602T071913Z-11-024.zip,Takeout/Drive/Unorganized/Nov 2010  (3).MOV,C:\Users\thoma\Documents\Cyber Crimes Tools\Takeout Extracted\Takeout\Drive\Unorganized\Nov 2010  (3).MOV,52893806,2013-02-28 21:01:12,SkipLargeMediaEvenIfNamed
C:\Users\thoma\Documents\Cyber Crimes Tools\Takeout Zips\takeout-20260602T071913Z-11-024.zip,takeout-20260602T071913Z-11-024.zip,Takeout/Drive/Unorganized/Nov 2010 (1).JPG,C:\Users\thoma\Documents\Cyber Crimes Tools\Takeout Extracted\Takeout\Drive\Unorganized\Nov 2010 (1).JPG,997779,2013-02-28 21:01:50,ExtractNamedRelevant
C:\Users\thoma\Documents\Cyber Crimes Tools\Takeout Zips\takeout-20260602T071913Z-11-024.zip,takeout-20260602T071913Z-11-024.zip,Takeout/Drive/Unorganized/Nov 2010  (17).JPG,C:\Users\thoma\Documents\Cyber Crimes Tools\Takeout Extracted\Takeout\Drive\Unorganized\Nov 2010  (17).JPG,874524,2013-02-28 20:55:26,ExtractNamedRelevant
C:\Users\thoma\Documents\Cyber Crimes Tools\Takeout Zips\takeout-20260602T071913Z-11-024.zip,takeout-20260602T071913Z-11-024.zip,Takeout/Drive/Unorganized/Nov 2010  (11).JPG,C:\Users\thoma\Documents\Cyber Crimes Tools\Takeout Extracted\Takeout\Drive\Unorganized\Nov 2010  (11).JPG,1115638,2013-02-28 20:55:00,ExtractNamedRelevant
C:\Users\thoma\Documents\Cyber Crimes Tools\Takeout Zips\takeout-20260602T071913Z-11-024.zip,takeout-20260602T071913Z-11-024.zip,Takeout/Drive/Unorganized/Nov 2010  (3).JPG,C:\Users\thoma\Documents\Cyber Crimes Tools\Takeout Extracted\Takeout\Drive\Unorganized\Nov 2010  (3).JPG,982976,2013-02-28 20:58:36,ExtractNamedRelevant
C:\Users\thoma\Documents\Cyber Crimes Tools\Takeout Zips\takeout-20260602T071913Z-11-024.zip,takeout-20260602T071913Z-11-024.zip,Takeout/Drive/Unorganized/Nov 2010  (15).JPG,C:\Users\thoma\Documents\Cyber Crimes Tools\Takeout Extracted\Takeout\Drive\Unorganized\Nov 2010  (15).JPG,971395,2013-02-28 20:55:18,ExtractNamedRelevant
C:\Users\thoma\Documents\Cyber Crimes Tools\Takeout Zips\takeout-20260602T071913Z-11-024.zip,takeout-20260602T071913Z-11-024.zip,Takeout/Drive/Unorganized/new pics 433.jpg,C:\Users\thoma\Documents\Cyber Crimes Tools\Takeout Extracted\Takeout\Drive\Unorganized\new pics 433.jpg,27619,2013-02-28 19:12:28,ExtractNamedRelevant
C:\Users\thoma\Documents\Cyber Crimes Tools\Takeout Zips\takeout-20260602T071913Z-11-024.zip,takeout-20260602T071913Z-11-024.zip,Takeout/Drive/Unorganized/new pics 399.jpg,C:\Users\thoma\Documents\Cyber Crimes Tools\Takeout Extracted\Takeout\Drive\Unorganized\new pics 399.jpg,25089,2013-02-28 19:11:18,ExtractNamedRelevant
C:\Users\thoma\Documents\Cyber Crimes Tools\Takeout Zips\takeout-20260602T071913Z-11-024.zip,takeout-20260602T071913Z-11-024.zip,Takeout/Drive/Unorganized/new pics 394.jpg,C:\Users\thoma\Documents\Cyber Crimes Tools\Takeout Extracted\Takeout\Drive\Unorganized\new pics 394.jpg,24953,2013-02-28 19:11:04,ExtractNamedRelevant
C:\Users\thoma\Documents\Cyber Crimes Tools\Takeout Zips\takeout-20260602T071913Z-11-024.zip,takeout-20260602T071913Z-11-024.zip,Takeout/Drive/Unorganized/new pics 428.jpg,C:\Users\thoma\Documents\Cyber Crimes Tools\Takeout Extracted\Takeout\Drive\Unorganized\new pics 428.jpg,54083,2013-02-28 19:12:14,ExtractNamedRelevant
C:\Users\thoma\Documents\Cyber Crimes Tools\Takeout Zips\takeout-20260602T071913Z-11-024.zip,takeout-20260602T071913Z-11-024.zip,Takeout/Drive/Unorganized/new pics 405.jpg,C:\Users\thoma\Documents\Cyber Crimes Tools\Takeout Extracted\Takeout\Drive\Unorganized\new pics 405.jpg,21983,2013-02-28 19:11:32,ExtractNamedRelevant
C:\Users\thoma\Documents\Cyber Crimes Tools\Takeout Zips\takeout-20260602T071913Z-11-024.zip,takeout-20260602T071913Z-11-024.zip,Takeout/Drive/iMechanix/Priscilla Castro Panel.docx,C:\Users\thoma\Documents\Cyber Crimes Tools\Takeout Extracted\Takeout\Drive\iMechanix\Priscilla Castro Panel.docx,14786,2020-03-19 11:47:50,ExtractEvidenceType
C:\Users\thoma\Documents\Cyber Crimes Tools\Takeout Zips\takeout-20260602T071913Z-11-024.zip,takeout-20260602T071913Z-11-024.zip,Takeout/Drive/Correspondence with Kids.docx,C:\Users\thoma\Documents\Cyber Crimes Tools\Takeout Extracted\Takeout\Drive\Correspondence with Kids.docx,6494,2020-04-28 10:07:32,ExtractEvidenceType
C:\Users\thoma\Documents\Cyber Crimes Tools\Takeout Zips\takeout-20260602T071913Z-11-025.zip,takeout-20260602T071913Z-11-025.zip,Takeout/Drive/Unorganized/Race track - Dec 2010 (4).MOV,C:\Users\thoma\Documents\Cyber Crimes Tools\Takeout Extracted\Takeout\Drive\Unorganized\Race track - Dec 2010 (4).MOV,123344284,2013-02-28 21:46:34,SkipLargeMediaEvenIfNamed
C:\Users\thoma\Documents\Cyber Crimes Tools\Takeout Zips\takeout-20260602T071913Z-11-025.zip,takeout-20260602T071913Z-11-025.zip,Takeout/Drive/Unorganized/Oct 2010 (2).MOV,C:\Users\thoma\Documents\Cyber Crimes Tools\Takeout Extracted\Takeout\Drive\Unorganized\Oct 2010 (2).MOV,125745861,2013-02-28 21:15:30,SkipLargeMediaEvenIfNamed
C:\Users\thoma\Documents\Cyber Crimes Tools\Takeout Zips\takeout-20260602T071913Z-11-025.zip,takeout-20260602T071913Z-11-025.zip,Takeout/Drive/Unorganized/Oct 2010 (1).MOV,C:\Users\thoma\Documents\Cyber Crimes Tools\Takeout Extracted\Takeout\Drive\Unorganized\Oct 2010 (1).MOV,121561177,2013-02-28 21:08:34,SkipLargeMediaEvenIfNamed
C:\Users\thoma\Documents\Cyber Crimes Tools\Takeout Zips\takeout-20260602T071913Z-11-025.zip,takeout-20260602T071913Z-11-025.zip,Takeout/Drive/Unorganized/Nov 2010  (2).JPG,C:\Users\thoma\Documents\Cyber Crimes Tools\Takeout Extracted\Takeout\Drive\Unorganized\Nov 2010  (2).JPG,1444747,2013-02-28 20:55:32,ExtractNamedRelevant
C:\Users\thoma\Documents\Cyber Crimes Tools\Takeout Zips\takeout-20260602T071913Z-11-025.zip,takeout-20260602T071913Z-11-025.zip,Takeout/Drive/Unorganized/Nov 2010  (16).JPG,C:\Users\thoma\Documents\Cyber Crimes Tools\Takeout Extracted\Takeout\Drive\Unorganized\Nov 2010  (16).JPG,1004602,2013-02-28 20:55:22,ExtractNamedRelevant
C:\Users\thoma\Documents\Cyber Crimes Tools\Takeout Zips\takeout-20260602T071913Z-11-025.zip,takeout-20260602T071913Z-11-025.zip,Takeout/Drive/Unorganized/Nov 2010  (1).JPG,C:\Users\thoma\Documents\Cyber Crimes Tools\Takeout Extracted\Takeout\Drive\Unorganized\Nov 2010  (1).JPG,870426,2013-02-28 20:50:40,ExtractNamedRelevant
C:\Users\thoma\Documents\Cyber Crimes Tools\Takeout Zips\takeout-20260602T071913Z-11-025.zip,takeout-20260602T071913Z-11-025.zip,Takeout/Drive/Unorganized/Nov 2010 (9)(1).JPG,C:\Users\thoma\Documents\Cyber Crimes Tools\Takeout Extracted\Takeout\Drive\Unorganized\Nov 2010 (9)(1).JPG,757445,2013-02-28 20:47:30,ExtractNamedRelevant
C:\Users\thoma\Documents\Cyber Crimes Tools\Takeout Zips\takeout-20260602T071913Z-11-025.zip,takeout-20260602T071913Z-11-025.zip,Takeout/Drive/Unorganized/Nov 2010  (14).JPG,C:\Users\thoma\Documents\Cyber Crimes Tools\Takeout Extracted\Takeout\Drive\Unorganized\Nov 2010  (14).JPG,917503,2013-02-28 20:55:14,ExtractNamedRelevant
C:\Users\thoma\Documents\Cyber Crimes Tools\Takeout Zips\takeout-20260602T071913Z-11-025.zip,takeout-20260602T071913Z-11-025.zip,Takeout/Drive/Unorganized/Nov 2010 (7)(1).JPG,C:\Users\thoma\Documents\Cyber Crimes Tools\Takeout Extracted\Takeout\Drive\Unorganized\Nov 2010 (7)(1).JPG,724322,2013-02-28 20:41:04,ExtractNamedRelevant
C:\Users\thoma\Documents\Cyber Crimes Tools\Takeout Zips\takeout-20260602T071913Z-11-025.zip,takeout-20260602T071913Z-11-025.zip,Takeout/Drive/Unorganized/Nov 2010 (8)(1).JPG,C:\Users\thoma\Documents\Cyber Crimes Tools\Takeout Extracted\Takeout\Drive\Unorganized\Nov 2010 (8)(1).JPG,747262,2013-02-28 20:43:58,ExtractNamedRelevant
C:\Users\thoma\Documents\Cyber Crimes Tools\Takeout Zips\takeout-20260602T071913Z-11-025.zip,takeout-20260602T071913Z-11-025.zip,Takeout/Drive/Unorganized/Nov 2010  (13).JPG,C:\Users\thoma\Documents\Cyber Crimes Tools\Takeout Extracted\Takeout\Drive\Unorganized\Nov 2010  (13).JPG,1124812,2013-02-28 20:55:10,ExtractNamedRelevant
C:\Users\thoma\Documents\Cyber Crimes Tools\Takeout Zips\takeout-20260602T071913Z-11-025.zip,takeout-20260602T071913Z-11-025.zip,Takeout/Drive/Unorganized/Nov 2010 (8).MOV,C:\Users\thoma\Documents\Cyber Crimes Tools\Takeout Extracted\Takeout\Drive\Unorganized\Nov 2010 (8).MOV,70578476,2013-02-28 20:47:26,SkipLargeMediaEvenIfNamed
C:\Users\thoma\Documents\Cyber Crimes Tools\Takeout Zips\takeout-20260602T071913Z-11-025.zip,takeout-20260602T071913Z-11-025.zip,Takeout/Drive/Unorganized/Nov 2010 (9).MOV,C:\Users\thoma\Documents\Cyber Crimes Tools\Takeout Extracted\Takeout\Drive\Unorganized\Nov 2010 (9).MOV,62959292,2013-02-28 20:50:34,SkipLargeMediaEvenIfNamed
C:\Users\thoma\Documents\Cyber Crimes Tools\Takeout Zips\takeout-20260602T071913Z-11-025.zip,takeout-20260602T071913Z-11-025.zip,Takeout/Drive/Unorganized/Nov 2010  (1).MOV,C:\Users\thoma\Documents\Cyber Crimes Tools\Takeout Extracted\Takeout\Drive\Unorganized\Nov 2010  (1).MOV,85683156,2013-02-28 20:54:50,SkipLargeMediaEvenIfNamed
C:\Users\thoma\Documents\Cyber Crimes Tools\Takeout Zips\takeout-20260602T071913Z-11-025.zip,takeout-20260602T071913Z-11-025.zip,Takeout/Drive/Unorganized/Nov 2010 (6).MOV,C:\Users\thoma\Documents\Cyber Crimes Tools\Takeout Extracted\Takeout\Drive\Unorganized\Nov 2010 (6).MOV,17028811,2013-02-28 20:41:00,ExtractNamedRelevant
C:\Users\thoma\Documents\Cyber Crimes Tools\Takeout Zips\takeout-20260602T071913Z-11-025.zip,takeout-20260602T071913Z-11-025.zip,Takeout/Drive/Unorganized/Nov 2010 (6)(1).JPG,C:\Users\thoma\Documents\Cyber Crimes Tools\Takeout Extracted\Takeout\Drive\Unorganized\Nov 2010 (6)(1).JPG,741125,2013-02-28 20:40:10,ExtractNamedRelevant
C:\Users\thoma\Documents\Cyber Crimes Tools\Takeout Zips\takeout-20260602T071913Z-11-025.zip,takeout-20260602T071913Z-11-025.zip,Takeout/Drive/Unorganized/Nov 2010 (5)(1).JPG,C:\Users\thoma\Documents\Cyber Crimes Tools\Takeout Extracted\Takeout\Drive\Unorganized\Nov 2010 (5)(1).JPG,721129,2013-02-28 20:31:04,ExtractNamedRelevant
C:\Users\thoma\Documents\Cyber Crimes Tools\Takeout Zips\takeout-20260602T071913Z-11-025.zip,takeout-20260602T071913Z-11-025.zip,Takeout/Drive/Unorganized/Nov 2010 (4).MOV,C:\Users\thoma\Documents\Cyber Crimes Tools\Takeout Extracted\Takeout\Drive\Unorganized\Nov 2010 (4).MOV,78228062,2013-02-28 20:31:02,SkipLargeMediaEvenIfNamed
C:\Users\thoma\Documents\Cyber Crimes Tools\Takeout Zips\takeout-20260602T071913Z-11-025.zip,takeout-20260602T071913Z-11-025.zip,Takeout/Drive/Unorganized/Nov 2010 (4)(1).JPG,C:\Users\thoma\Documents\Cyber Crimes Tools\Takeout Extracted\Takeout\Drive\Unorganized\Nov 2010 (4)(1).JPG,740908,2013-02-28 20:27:12,ExtractNamedRelevant
C:\Users\thoma\Documents\Cyber Crimes Tools\Takeout Zips\takeout-20260602T071913Z-11-025.zip,takeout-20260602T071913Z-11-025.zip,Takeout/Drive/Unorganized/Nov 2010 (14).JPG,C:\Users\thoma\Documents\Cyber Crimes Tools\Takeout Extracted\Takeout\Drive\Unorganized\Nov 2010 (14).JPG,721986,2013-02-28 19:44:46,ExtractNamedRelevant
C:\Users\thoma\Documents\Cyber Crimes Tools\Takeout Zips\takeout-20260602T071913Z-11-025.zip,takeout-20260602T071913Z-11-025.zip,Takeout/Drive/Unorganized/Nov 2010 (3)(1).JPG,C:\Users\thoma\Documents\Cyber Crimes Tools\Takeout Extracted\Takeout\Drive\Unorganized\Nov 2010 (3)(1).JPG,880924,2013-02-28 20:23:10,ExtractNamedRelevant
C:\Users\thoma\Documents\Cyber Crimes Tools\Takeout Zips\takeout-20260602T071913Z-11-025.zip,takeout-20260602T071913Z-11-025.zip,Takeout/Drive/Unorganized/Nov 2010 (20).JPG,C:\Users\thoma\Documents\Cyber Crimes Tools\Takeout Extracted\Takeout\Drive\Unorganized\Nov 2010 (20).JPG,1027265,2013-02-28 20:22:50,ExtractNamedRelevant
C:\Users\thoma\Documents\Cyber Crimes Tools\Takeout Zips\takeout-20260602T071913Z-11-025.zip,takeout-20260602T071913Z-11-025.zip,Takeout/Drive/Unorganized/Nov 2010 (22).JPG,C:\Users\thoma\Documents\Cyber Crimes Tools\Takeout Extracted\Takeout\Drive\Unorganized\Nov 2010 (22).JPG,944818,2013-02-28 20:23:00,ExtractNamedRelevant
C:\Users\thoma\Documents\Cyber Crimes Tools\Takeout Zips\takeout-20260602T071913Z-11-025.zip,takeout-20260602T071913Z-11-025.zip,Takeout/Drive/Unorganized/Nov 2010 (3).MOV,C:\Users\thoma\Documents\Cyber Crimes Tools\Takeout Extracted\Takeout\Drive\Unorganized\Nov 2010 (3).MOV,79716294,2013-02-28 20:27:08,SkipLargeMediaEvenIfNamed
C:\Users\thoma\Documents\Cyber Crimes Tools\Takeout Zips\takeout-20260602T071913Z-11-025.zip,takeout-20260602T071913Z-11-025.zip,Takeout/Drive/Unorganized/Nov 2010 (7).MOV,C:\Users\thoma\Documents\Cyber Crimes Tools\Takeout Extracted\Takeout\Drive\Unorganized\Nov 2010 (7).MOV,57644323,2013-02-28 20:43:54,SkipLargeMediaEvenIfNamed
C:\Users\thoma\Documents\Cyber Crimes Tools\Takeout Zips\takeout-20260602T071913Z-11-025.zip,takeout-20260602T071913Z-11-025.zip,Takeout/Drive/Unorganized/Nov 2010 (5).MOV,C:\Users\thoma\Documents\Cyber Crimes Tools\Takeout Extracted\Takeout\Drive\Unorganized\Nov 2010 (5).MOV,184232009,2013-02-28 20:40:06,SkipLargeMediaEvenIfNamed
C:\Users\thoma\Documents\Cyber Crimes Tools\Takeout Zips\takeout-20260602T071913Z-11-025.zip,takeout-20260602T071913Z-11-025.zip,Takeout/Drive/Unorganized/Nov 2010 (23).JPG,C:\Users\thoma\Documents\Cyber Crimes Tools\Takeout Extracted\Takeout\Drive\Unorganized\Nov 2010 (23).JPG,1274011,2013-02-28 20:23:06,ExtractNamedRelevant
C:\Users\thoma\Documents\Cyber Crimes Tools\Takeout Zips\takeout-20260602T071913Z-11-025.zip,takeout-20260602T071913Z-11-025.zip,Takeout/Drive/Unorganized/Nov 2010 (2).MOV,C:\Users\thoma\Documents\Cyber Crimes Tools\Takeout Extracted\Takeout\Drive\Unorganized\Nov 2010 (2).MOV,242415981,2013-02-28 20:22:46,SkipLargeMediaEvenIfNamed
C:\Users\thoma\Documents\Cyber Crimes Tools\Takeout Zips\takeout-20260602T071913Z-11-025.zip,takeout-20260602T071913Z-11-025.zip,Takeout/Drive/Unorganized/Nov 2010 (2)(1).JPG,C:\Users\thoma\Documents\Cyber Crimes Tools\Takeout Extracted\Takeout\Drive\Unorganized\Nov 2010 (2)(1).JPG,786553,2013-02-28 20:10:16,ExtractNamedRelevant
C:\Users\thoma\Documents\Cyber Crimes Tools\Takeout Zips\takeout-20260602T071913Z-11-025.zip,takeout-20260602T071913Z-11-025.zip,Takeout/Drive/Unorganized/Nov 2010 (21).JPG,C:\Users\thoma\Documents\Cyber Crimes Tools\Takeout Extracted\Takeout\Drive\Unorganized\Nov 2010 (21).JPG,852974,2013-02-28 20:22:54,ExtractNamedRelevant
C:\Users\thoma\Documents\Cyber Crimes Tools\Takeout Zips\takeout-20260602T071913Z-11-025.zip,takeout-20260602T071913Z-11-025.zip,Takeout/Drive/Unorganized/Nov 2010 (19).JPG,C:\Users\thoma\Documents\Cyber Crimes Tools\Takeout Extracted\Takeout\Drive\Unorganized\Nov 2010 (19).JPG,744703,2013-02-28 20:10:12,ExtractNamedRelevant
C:\Users\thoma\Documents\Cyber Crimes Tools\Takeout Zips\takeout-20260602T071913Z-11-025.zip,takeout-20260602T071913Z-11-025.zip,Takeout/Drive/Unorganized/Nov 2010 (18).JPG,C:\Users\thoma\Documents\Cyber Crimes Tools\Takeout Extracted\Takeout\Drive\Unorganized\Nov 2010 (18).JPG,759445,2013-02-28 20:10:08,ExtractNamedRelevant
C:\Users\thoma\Documents\Cyber Crimes Tools\Takeout Zips\takeout-20260602T071913Z-11-025.zip,takeout-20260602T071913Z-11-025.zip,Takeout/Drive/Unorganized/Nov 2010 (17).JPG,C:\Users\thoma\Documents\Cyber Crimes Tools\Takeout Extracted\Takeout\Drive\Unorganized\Nov 2010 (17).JPG,766999,2013-02-28 20:07:02,ExtractNamedRelevant
C:\Users\thoma\Documents\Cyber Crimes Tools\Takeout Zips\takeout-20260602T071913Z-11-025.zip,takeout-20260602T071913Z-11-025.zip,Takeout/Drive/Unorganized/Nov 2010 (16).JPG,C:\Users\thoma\Documents\Cyber Crimes Tools\Takeout Extracted\Takeout\Drive\Unorganized\Nov 2010 (16).JPG,715819,2013-02-28 19:56:00,ExtractNamedRelevant
C:\Users\thoma\Documents\Cyber Crimes Tools\Takeout Zips\takeout-20260602T071913Z-11-025.zip,takeout-20260602T071913Z-11-025.zip,Takeout/Drive/Unorganized/Nov 2010 (15).JPG,C:\Users\thoma\Documents\Cyber Crimes Tools\Takeout Extracted\Takeout\Drive\Unorganized\Nov 2010 (15).JPG,754432,2013-02-28 19:48:52,ExtractNamedRelevant
C:\Users\thoma\Documents\Cyber Crimes Tools\Takeout Zips\takeout-20260602T071913Z-11-025.zip,takeout-20260602T071913Z-11-025.zip,Takeout/Drive/Unorganized/Nov 2010 (12).MOV,C:\Users\thoma\Documents\Cyber Crimes Tools\Takeout Extracted\Takeout\Drive\Unorganized\Nov 2010 (12).MOV,61699122,2013-02-28 19:37:58,SkipLargeMediaEvenIfNamed
C:\Users\thoma\Documents\Cyber Crimes Tools\Takeout Zips\takeout-20260602T071913Z-11-025.zip,takeout-20260602T071913Z-11-025.zip,Takeout/Drive/Unorganized/Nov 2010 (13).MOV,C:\Users\thoma\Documents\Cyber Crimes Tools\Takeout Extracted\Takeout\Drive\Unorganized\Nov 2010 (13).MOV,129927551,2013-02-28 19:44:40,SkipLargeMediaEvenIfNamed
C:\Users\thoma\Documents\Cyber Crimes Tools\Takeout Zips\takeout-20260602T071913Z-11-025.zip,takeout-20260602T071913Z-11-025.zip,Takeout/Drive/Unorganized/Nov 2010 (16).MOV,C:\Users\thoma\Documents\Cyber Crimes Tools\Takeout Extracted\Takeout\Drive\Unorganized\Nov 2010 (16).MOV,210693204,2013-02-28 20:06:58,SkipLargeMediaEvenIfNamed
C:\Users\thoma\Documents\Cyber Crimes Tools\Takeout Zips\takeout-20260602T071913Z-11-025.zip,takeout-20260602T071913Z-11-025.zip,Takeout/Drive/Unorganized/Nov 2010 (12).JPG,C:\Users\thoma\Documents\Cyber Crimes Tools\Takeout Extracted\Takeout\Drive\Unorganized\Nov 2010 (12).JPG,769360,2013-02-28 19:34:38,ExtractNamedRelevant
C:\Users\thoma\Documents\Cyber Crimes Tools\Takeout Zips\takeout-20260602T071913Z-11-025.zip,takeout-20260602T071913Z-11-025.zip,Takeout/Drive/Unorganized/Race track - Dec 2010 (33).JPG,C:\Users\thoma\Documents\Cyber Crimes Tools\Takeout Extracted\Takeout\Drive\Unorganized\Race track - Dec 2010 (33).JPG,1701211,2013-02-28 21:39:48,ExtractNamedRelevant
C:\Users\thoma\Documents\Cyber Crimes Tools\Takeout Zips\takeout-20260602T071913Z-11-025.zip,takeout-20260602T071913Z-11-025.zip,Takeout/Drive/Unorganized/Race track - Dec 2010 (34).JPG,C:\Users\thoma\Documents\Cyber Crimes Tools\Takeout Extracted\Takeout\Drive\Unorganized\Race track - Dec 2010 (34).JPG,1724834,2013-02-28 21:39:54,ExtractNamedRelevant
C:\Users\thoma\Documents\Cyber Crimes Tools\Takeout Zips\takeout-20260602T071913Z-11-025.zip,takeout-20260602T071913Z-11-025.zip,Takeout/Drive/Unorganized/172_0483.JPG,C:\Users\thoma\Documents\Cyber Crimes Tools\Takeout Extracted\Takeout\Drive\Unorganized\172_0483.JPG,1580566,2013-02-28 19:15:52,ExtractNamedRelevant
C:\Users\thoma\Documents\Cyber Crimes Tools\Takeout Zips\takeout-20260602T071913Z-11-025.zip,takeout-20260602T071913Z-11-025.zip,Takeout/Drive/Unorganized/Nov 2010 (17).MOV,C:\Users\thoma\Documents\Cyber Crimes Tools\Takeout Extracted\Takeout\Drive\Unorganized\Nov 2010 (17).MOV,58143345,2013-02-28 20:10:04,SkipLargeMediaEvenIfNamed
C:\Users\thoma\Documents\Cyber Crimes Tools\Takeout Zips\takeout-20260602T071913Z-11-025.zip,takeout-20260602T071913Z-11-025.zip,Takeout/Drive/Unorganized/Nov 2010 (15).MOV,C:\Users\thoma\Documents\Cyber Crimes Tools\Takeout Extracted\Takeout\Drive\Unorganized\Nov 2010 (15).MOV,135790329,2013-02-28 19:55:56,SkipLargeMediaEvenIfNamed
C:\Users\thoma\Documents\Cyber Crimes Tools\Takeout Zips\takeout-20260602T071913Z-11-025.zip,takeout-20260602T071913Z-11-025.zip,Takeout/Drive/Unorganized/172_0482.JPG,C:\Users\thoma\Documents\Cyber Crimes Tools\Takeout Extracted\Takeout\Drive\Unorganized\172_0482.JPG,1511406,2013-02-28 19:15:46,ExtractNamedRelevant
C:\Users\thoma\Documents\Cyber Crimes Tools\Takeout Zips\takeout-20260602T071913Z-11-025.zip,takeout-20260602T071913Z-11-025.zip,Takeout/Drive/Unorganized/Race track - Dec 2010 (23).JPG,C:\Users\thoma\Documents\Cyber Crimes Tools\Takeout Extracted\Takeout\Drive\Unorganized\Race track - Dec 2010 (23).JPG,1783214,2013-02-28 21:36:52,ExtractNamedRelevant
C:\Users\thoma\Documents\Cyber Crimes Tools\Takeout Zips\takeout-20260602T071913Z-11-025.zip,takeout-20260602T071913Z-11-025.zip,Takeout/Drive/Unorganized/Race track - Dec 2010 (24).JPG,C:\Users\thoma\Documents\Cyber Crimes Tools\Takeout Extracted\Takeout\Drive\Unorganized\Race track - Dec 2010 (24).JPG,1559848,2013-02-28 21:36:58,ExtractNamedRelevant
C:\Users\thoma\Documents\Cyber Crimes Tools\Takeout Zips\takeout-20260602T071913Z-11-025.zip,takeout-20260602T071913Z-11-025.zip,Takeout/Drive/Unorganized/Nov 2010 (14).MOV,C:\Users\thoma\Documents\Cyber Crimes Tools\Takeout Extracted\Takeout\Drive\Unorganized\Nov 2010 (14).MOV,77957358,2013-02-28 19:48:48,SkipLargeMediaEvenIfNamed
C:\Users\thoma\Documents\Cyber Crimes Tools\Takeout Zips\takeout-20260602T071913Z-11-025.zip,takeout-20260602T071913Z-11-025.zip,Takeout/Drive/Unorganized/Nov 2010 (11).JPG,C:\Users\thoma\Documents\Cyber Crimes Tools\Takeout Extracted\Takeout\Drive\Unorganized\Nov 2010 (11).JPG,766238,2013-02-28 19:24:08,ExtractNamedRelevant
C:\Users\thoma\Documents\Cyber Crimes Tools\Takeout Zips\takeout-20260602T071913Z-11-025.zip,takeout-20260602T071913Z-11-025.zip,Takeout/Drive/Unorganized/Race track - Dec 2010 (36).JPG,C:\Users\thoma\Documents\Cyber Crimes Tools\Takeout Extracted\Takeout\Drive\Unorganized\Race track - Dec 2010 (36).JPG,1706678,2013-02-28 21:40:08,ExtractNamedRelevant
C:\Users\thoma\Documents\Cyber Crimes Tools\Takeout Zips\takeout-20260602T071913Z-11-025.zip,takeout-20260602T071913Z-11-025.zip,Takeout/Drive/Unorganized/Race track - Dec 2010 (32).JPG,C:\Users\thoma\Documents\Cyber Crimes Tools\Takeout Extracted\Takeout\Drive\Unorganized\Race track - Dec 2010 (32).JPG,1818087,2013-02-28 21:39:42,ExtractNamedRelevant
C:\Users\thoma\Documents\Cyber Crimes Tools\Takeout Zips\takeout-20260602T071913Z-11-025.zip,takeout-20260602T071913Z-11-025.zip,Takeout/Drive/Unorganized/172_0480.JPG,C:\Users\thoma\Documents\Cyber Crimes Tools\Takeout Extracted\Takeout\Drive\Unorganized\172_0480.JPG,1560077,2013-02-28 19:15:34,ExtractNamedRelevant
C:\Users\thoma\Documents\Cyber Crimes Tools\Takeout Zips\takeout-20260602T071913Z-11-025.zip,takeout-20260602T071913Z-11-025.zip,Takeout/Drive/Unorganized/Nov 2010 (10).MOV,C:\Users\thoma\Documents\Cyber Crimes Tools\Takeout Extracted\Takeout\Drive\Unorganized\Nov 2010 (10).MOV,79421905,2013-02-28 19:24:04,SkipLargeMediaEvenIfNamed
C:\Users\thoma\Documents\Cyber Crimes Tools\Takeout Zips\takeout-20260602T071913Z-11-025.zip,takeout-20260602T071913Z-11-025.zip,Takeout/Drive/Unorganized/Nov 2010 (13).JPG,C:\Users\thoma\Documents\Cyber Crimes Tools\Takeout Extracted\Takeout\Drive\Unorganized\Nov 2010 (13).JPG,755669,2013-02-28 19:38:02,ExtractNamedRelevant
C:\Users\thoma\Documents\Cyber Crimes Tools\Takeout Zips\takeout-20260602T071913Z-11-025.zip,takeout-20260602T071913Z-11-025.zip,Takeout/Drive/Unorganized/Nov 2010 (11).MOV,C:\Users\thoma\Documents\Cyber Crimes Tools\Takeout Extracted\Takeout\Drive\Unorganized\Nov 2010 (11).MOV,195571920,2013-02-28 19:34:34,SkipLargeMediaEvenIfNamed
C:\Users\thoma\Documents\Cyber Crimes Tools\Takeout Zips\takeout-20260602T071913Z-11-025.zip,takeout-20260602T071913Z-11-025.zip,Takeout/Drive/Unorganized/Race track - Dec 2010 (3).MOV,C:\Users\thoma\Documents\Cyber Crimes Tools\Takeout Extracted\Takeout\Drive\Unorganized\Race track - Dec 2010 (3).MOV,36038660,2013-02-28 21:39:20,SkipLargeMediaEvenIfNamed
C:\Users\thoma\Documents\Cyber Crimes Tools\Takeout Zips\takeout-20260602T071913Z-11-025.zip,takeout-20260602T071913Z-11-025.zip,Takeout/Drive/Unorganized/Nov 2010 (10).JPG,C:\Users\thoma\Documents\Cyber Crimes Tools\Takeout Extracted\Takeout\Drive\Unorganized\Nov 2010 (10).JPG,777972,2013-02-28 19:19:54,ExtractNamedRelevant
C:\Users\thoma\Documents\Cyber Crimes Tools\Takeout Zips\takeout-20260602T071913Z-11-025.zip,takeout-20260602T071913Z-11-025.zip,Takeout/Drive/Unorganized/Race track - Dec 2010 (3).JPG,C:\Users\thoma\Documents\Cyber Crimes Tools\Takeout Extracted\Takeout\Drive\Unorganized\Race track - Dec 2010 (3).JPG,1422245,2013-02-28 21:37:34,ExtractNamedRelevant
C:\Users\thoma\Documents\Cyber Crimes Tools\Takeout Zips\takeout-20260602T071913Z-11-025.zip,takeout-20260602T071913Z-11-025.zip,Takeout/Drive/Unorganized/Race track - Dec 2010 (28).JPG,C:\Users\thoma\Documents\Cyber Crimes Tools\Takeout Extracted\Takeout\Drive\Unorganized\Race track - Dec 2010 (28).JPG,1709807,2013-02-28 21:37:22,ExtractNamedRelevant
C:\Users\thoma\Documents\Cyber Crimes Tools\Takeout Zips\takeout-20260602T071913Z-11-025.zip,takeout-20260602T071913Z-11-025.zip,Takeout/Drive/Unorganized/Race track - Dec 2010 (30).JPG,C:\Users\thoma\Documents\Cyber Crimes Tools\Takeout Extracted\Takeout\Drive\Unorganized\Race track - Dec 2010 (30).JPG,1729580,2013-02-28 21:39:28,ExtractNamedRelevant
C:\Users\thoma\Documents\Cyber Crimes Tools\Takeout Zips\takeout-20260602T071913Z-11-025.zip,takeout-20260602T071913Z-11-025.zip,Takeout/Drive/Unorganized/Nov 2010 (1).MOV,C:\Users\thoma\Documents\Cyber Crimes Tools\Takeout Extracted\Takeout\Drive\Unorganized\Nov 2010 (1).MOV,73476894,2013-02-28 19:19:50,SkipLargeMediaEvenIfNamed
C:\Users\thoma\Documents\Cyber Crimes Tools\Takeout Zips\takeout-20260602T071913Z-11-025.zip,takeout-20260602T071913Z-11-025.zip,Takeout/Drive/Unorganized/Nov 2010 (1)(1).JPG,C:\Users\thoma\Documents\Cyber Crimes Tools\Takeout Extracted\Takeout\Drive\Unorganized\Nov 2010 (1)(1).JPG,747415,2013-02-28 19:15:56,ExtractNamedRelevant
C:\Users\thoma\Documents\Cyber Crimes Tools\Takeout Zips\takeout-20260602T071913Z-11-025.zip,takeout-20260602T071913Z-11-025.zip,Takeout/Drive/Unorganized/Race track - Dec 2010 (1).MOV,C:\Users\thoma\Documents\Cyber Crimes Tools\Takeout Extracted\Takeout\Drive\Unorganized\Race track - Dec 2010 (1).MOV,85812014,2013-02-28 21:33:58,SkipLargeMediaEvenIfNamed
C:\Users\thoma\Documents\Cyber Crimes Tools\Takeout Zips\takeout-20260602T071913Z-11-025.zip,takeout-20260602T071913Z-11-025.zip,Takeout/Drive/Unorganized/Race track - Dec 2010 (26).JPG,C:\Users\thoma\Documents\Cyber Crimes Tools\Takeout Extracted\Takeout\Drive\Unorganized\Race track - Dec 2010 (26).JPG,1664492,2013-02-28 21:37:10,ExtractNamedRelevant
C:\Users\thoma\Documents\Cyber Crimes Tools\Takeout Zips\takeout-20260602T071913Z-11-025.zip,takeout-20260602T071913Z-11-025.zip,Takeout/Drive/Unorganized/Race track - Dec 2010 (27).JPG,C:\Users\thoma\Documents\Cyber Crimes Tools\Takeout Extracted\Takeout\Drive\Unorganized\Race track - Dec 2010 (27).JPG,1635681,2013-02-28 21:37:16,ExtractNamedRelevant
C:\Users\thoma\Documents\Cyber Crimes Tools\Takeout Zips\takeout-20260602T071913Z-11-025.zip,takeout-20260602T071913Z-11-025.zip,Takeout/Drive/Unorganized/204_1447.JPG,C:\Users\thoma\Documents\Cyber Crimes Tools\Takeout Extracted\Takeout\Drive\Unorganized\204_1447.JPG,773751,2013-02-28 22:59:46,ExtractNamedRelevant
C:\Users\thoma\Documents\Cyber Crimes Tools\Takeout Zips\takeout-20260602T071913Z-11-025.zip,takeout-20260602T071913Z-11-025.zip,Takeout/Drive/Unorganized/172_0481.JPG,C:\Users\thoma\Documents\Cyber Crimes Tools\Takeout Extracted\Takeout\Drive\Unorganized\172_0481.JPG,957420,2013-02-28 19:15:38,ExtractNamedRelevant
C:\Users\thoma\Documents\Cyber Crimes Tools\Takeout Zips\takeout-20260602T071913Z-11-025.zip,takeout-20260602T071913Z-11-025.zip,Takeout/Drive/Unorganized/Race track - Dec 2010 (14).JPG,C:\Users\thoma\Documents\Cyber Crimes Tools\Takeout Extracted\Takeout\Drive\Unorganized\Race track - Dec 2010 (14).JPG,1395755,2013-02-28 21:34:28,ExtractNamedRelevant
C:\Users\thoma\Documents\Cyber Crimes Tools\Takeout Zips\takeout-20260602T071913Z-11-025.zip,takeout-20260602T071913Z-11-025.zip,Takeout/Drive/Unorganized/Race track - Dec 2010 (22).JPG,C:\Users\thoma\Documents\Cyber Crimes Tools\Takeout Extracted\Takeout\Drive\Unorganized\Race track - Dec 2010 (22).JPG,1112737,2013-02-28 21:36:46,ExtractNamedRelevant
C:\Users\thoma\Documents\Cyber Crimes Tools\Takeout Zips\takeout-20260602T071913Z-11-025.zip,takeout-20260602T071913Z-11-025.zip,Takeout/Drive/Unorganized/204_1510.JPG,C:\Users\thoma\Documents\Cyber Crimes Tools\Takeout Extracted\Takeout\Drive\Unorganized\204_1510.JPG,2584822,2013-02-28 23:28:18,ExtractNamedRelevant
C:\Users\thoma\Documents\Cyber Crimes Tools\Takeout Zips\takeout-20260602T071913Z-11-025.zip,takeout-20260602T071913Z-11-025.zip,Takeout/Drive/Unorganized/Race track - Dec 2010 (13).JPG,C:\Users\thoma\Documents\Cyber Crimes Tools\Takeout Extracted\Takeout\Drive\Unorganized\Race track - Dec 2010 (13).JPG,1786560,2013-02-28 21:34:22,ExtractNamedRelevant
C:\Users\thoma\Documents\Cyber Crimes Tools\Takeout Zips\takeout-20260602T071913Z-11-025.zip,takeout-20260602T071913Z-11-025.zip,Takeout/Drive/Unorganized/Race track - Dec 2010 (20).JPG,C:\Users\thoma\Documents\Cyber Crimes Tools\Takeout Extracted\Takeout\Drive\Unorganized\Race track - Dec 2010 (20).JPG,1454785,2013-02-28 21:36:36,ExtractNamedRelevant
C:\Users\thoma\Documents\Cyber Crimes Tools\Takeout Zips\takeout-20260602T071913Z-11-025.zip,takeout-20260602T071913Z-11-025.zip,Takeout/Drive/Unorganized/Race track - Dec 2010 (21).JPG,C:\Users\thoma\Documents\Cyber Crimes Tools\Takeout Extracted\Takeout\Drive\Unorganized\Race track - Dec 2010 (21).JPG,1547966,2013-02-28 21:36:42,ExtractNamedRelevant
C:\Users\thoma\Documents\Cyber Crimes Tools\Takeout Zips\takeout-20260602T071913Z-11-025.zip,takeout-20260602T071913Z-11-025.zip,Takeout/Drive/Unorganized/172_0474.JPG,C:\Users\thoma\Documents\Cyber Crimes Tools\Takeout Extracted\Takeout\Drive\Unorganized\172_0474.JPG,1544218,2013-02-28 19:14:54,ExtractNamedRelevant
C:\Users\thoma\Documents\Cyber Crimes Tools\Takeout Zips\takeout-20260602T071913Z-11-025.zip,takeout-20260602T071913Z-11-025.zip,Takeout/Drive/Unorganized/Race track - Dec 2010 (12).JPG,C:\Users\thoma\Documents\Cyber Crimes Tools\Takeout Extracted\Takeout\Drive\Unorganized\Race track - Dec 2010 (12).JPG,1299910,2013-02-28 21:34:14,ExtractNamedRelevant
C:\Users\thoma\Documents\Cyber Crimes Tools\Takeout Zips\takeout-20260602T071913Z-11-025.zip,takeout-20260602T071913Z-11-025.zip,Takeout/Drive/Unorganized/Race track - Dec 2010 (11).JPG,C:\Users\thoma\Documents\Cyber Crimes Tools\Takeout Extracted\Takeout\Drive\Unorganized\Race track - Dec 2010 (11).JPG,1278409,2013-02-28 21:34:08,ExtractNamedRelevant
C:\Users\thoma\Documents\Cyber Crimes Tools\Takeout Zips\takeout-20260602T071913Z-11-025.zip,takeout-20260602T071913Z-11-025.zip,Takeout/Drive/Unorganized/Road trip to Fl with Kameron-Nov 2010 (25).JPG,C:\Users\thoma\Documents\Cyber Crimes Tools\Takeout Extracted\Takeout\Drive\Unorganized\Road trip to Fl with Kameron-Nov 2010 (25).JPG,1044056,2013-02-28 22:00:04,ExtractNamedRelevant
C:\Users\thoma\Documents\Cyber Crimes Tools\Takeout Zips\takeout-20260602T071913Z-11-025.zip,takeout-20260602T071913Z-11-025.zip,Takeout/Drive/Unorganized/playtime - Sep 2010 (20).JPG,C:\Users\thoma\Documents\Cyber Crimes Tools\Takeout Extracted\Takeout\Drive\Unorganized\playtime - Sep 2010 (20).JPG,1027813,2013-02-28 21:28:54,ExtractNamedRelevant
C:\Users\thoma\Documents\Cyber Crimes Tools\Takeout Zips\takeout-20260602T071913Z-11-025.zip,takeout-20260602T071913Z-11-025.zip,Takeout/Drive/Unorganized/Race track - Dec 2010 (10).JPG,C:\Users\thoma\Documents\Cyber Crimes Tools\Takeout Extracted\Takeout\Drive\Unorganized\Race track - Dec 2010 (10).JPG,1497550,2013-02-28 21:34:04,ExtractNamedRelevant
C:\Users\thoma\Documents\Cyber Crimes Tools\Takeout Zips\takeout-20260602T071913Z-11-025.zip,takeout-20260602T071913Z-11-025.zip,Takeout/Drive/Unorganized/172_0479.JPG,C:\Users\thoma\Documents\Cyber Crimes Tools\Takeout Extracted\Takeout\Drive\Unorganized\172_0479.JPG,1545091,2013-02-28 19:15:28,ExtractNamedRelevant
C:\Users\thoma\Documents\Cyber Crimes Tools\Takeout Zips\takeout-20260602T071913Z-11-025.zip,takeout-20260602T071913Z-11-025.zip,Takeout/Drive/Unorganized/Race track - Dec 2010 (2).JPG,C:\Users\thoma\Documents\Cyber Crimes Tools\Takeout Extracted\Takeout\Drive\Unorganized\Race track - Dec 2010 (2).JPG,1040537,2013-02-28 21:35:02,ExtractNamedRelevant
C:\Users\thoma\Documents\Cyber Crimes Tools\Takeout Zips\takeout-20260602T071913Z-11-025.zip,takeout-20260602T071913Z-11-025.zip,Takeout/Drive/Unorganized/Race track - Dec 2010 (2).MOV,C:\Users\thoma\Documents\Cyber Crimes Tools\Takeout Extracted\Takeout\Drive\Unorganized\Race track - Dec 2010 (2).MOV,30053860,2013-02-28 21:36:30,SkipLargeMediaEvenIfNamed
C:\Users\thoma\Documents\Cyber Crimes Tools\Takeout Zips\takeout-20260602T071913Z-11-025.zip,takeout-20260602T071913Z-11-025.zip,Takeout/Drive/Unorganized/playtime - Sep 2010 (9).JPG,C:\Users\thoma\Documents\Cyber Crimes Tools\Takeout Extracted\Takeout\Drive\Unorganized\playtime - Sep 2010 (9).JPG,978713,2013-02-28 21:29:40,ExtractNamedRelevant
C:\Users\thoma\Documents\Cyber Crimes Tools\Takeout Zips\takeout-20260602T071913Z-11-025.zip,takeout-20260602T071913Z-11-025.zip,Takeout/Drive/Unorganized/Race track - Dec 2010 (1).JPG,C:\Users\thoma\Documents\Cyber Crimes Tools\Takeout Extracted\Takeout\Drive\Unorganized\Race track - Dec 2010 (1).JPG,1159915,2013-02-28 21:29:46,ExtractNamedRelevant
C:\Users\thoma\Documents\Cyber Crimes Tools\Takeout Zips\takeout-20260602T071913Z-11-025.zip,takeout-20260602T071913Z-11-025.zip,Takeout/Drive/Unorganized/Race track - Dec 2010 (17).JPG,C:\Users\thoma\Documents\Cyber Crimes Tools\Takeout Extracted\Takeout\Drive\Unorganized\Race track - Dec 2010 (17).JPG,1374932,2013-02-28 21:34:46,ExtractNamedRelevant
C:\Users\thoma\Documents\Cyber Crimes Tools\Takeout Zips\takeout-20260602T071913Z-11-025.zip,takeout-20260602T071913Z-11-025.zip,Takeout/Drive/Unorganized/Race track - Dec 2010 (18).JPG,C:\Users\thoma\Documents\Cyber Crimes Tools\Takeout Extracted\Takeout\Drive\Unorganized\Race track - Dec 2010 (18).JPG,1694124,2013-02-28 21:34:52,ExtractNamedRelevant
C:\Users\thoma\Documents\Cyber Crimes Tools\Takeout Zips\takeout-20260602T071913Z-11-025.zip,takeout-20260602T071913Z-11-025.zip,Takeout/Drive/Unorganized/Race track - Dec 2010 (15).JPG,C:\Users\thoma\Documents\Cyber Crimes Tools\Takeout Extracted\Takeout\Drive\Unorganized\Race track - Dec 2010 (15).JPG,1408798,2013-02-28 21:34:34,ExtractNamedRelevant
C:\Users\thoma\Documents\Cyber Crimes Tools\Takeout Zips\takeout-20260602T071913Z-11-025.zip,takeout-20260602T071913Z-11-025.zip,Takeout/Drive/Unorganized/Race track - Dec 2010 (19).JPG,C:\Users\thoma\Documents\Cyber Crimes Tools\Takeout Extracted\Takeout\Drive\Unorganized\Race track - Dec 2010 (19).JPG,1512086,2013-02-28 21:34:58,ExtractNamedRelevant
C:\Users\thoma\Documents\Cyber Crimes Tools\Takeout Zips\takeout-20260602T071913Z-11-025.zip,takeout-20260602T071913Z-11-025.zip,Takeout/Drive/Unorganized/172_0476.JPG,C:\Users\thoma\Documents\Cyber Crimes Tools\Takeout Extracted\Takeout\Drive\Unorganized\172_0476.JPG,1551604,2013-02-28 19:15:08,ExtractNamedRelevant
C:\Users\thoma\Documents\Cyber Crimes Tools\Takeout Zips\takeout-20260602T071913Z-11-025.zip,takeout-20260602T071913Z-11-025.zip,Takeout/Drive/Unorganized/playtime - Sep 2010 (5).JPG,C:\Users\thoma\Documents\Cyber Crimes Tools\Takeout Extracted\Takeout\Drive\Unorganized\playtime - Sep 2010 (5).JPG,1106595,2013-02-28 21:29:12,ExtractNamedRelevant
C:\Users\thoma\Documents\Cyber Crimes Tools\Takeout Zips\takeout-20260602T071913Z-11-025.zip,takeout-20260602T071913Z-11-025.zip,Takeout/Drive/Unorganized/Race track - Dec 2010 (16).JPG,C:\Users\thoma\Documents\Cyber Crimes Tools\Takeout Extracted\Takeout\Drive\Unorganized\Race track - Dec 2010 (16).JPG,1381948,2013-02-28 21:34:40,ExtractNamedRelevant
C:\Users\thoma\Documents\Cyber Crimes Tools\Takeout Zips\takeout-20260602T071913Z-11-025.zip,takeout-20260602T071913Z-11-025.zip,Takeout/Drive/Unorganized/NicollesHouse12-21-10 (23).JPG,C:\Users\thoma\Documents\Cyber Crimes Tools\Takeout Extracted\Takeout\Drive\Unorganized\NicollesHouse12-21-10 (23).JPG,1819081,2013-02-28 19:14:24,ExtractNamedRelevant
C:\Users\thoma\Documents\Cyber Crimes Tools\Takeout Zips\takeout-20260602T071913Z-11-025.zip,takeout-20260602T071913Z-11-025.zip,Takeout/Drive/Unorganized/playtime - Sep 2010 (6).JPG,C:\Users\thoma\Documents\Cyber Crimes Tools\Takeout Extracted\Takeout\Drive\Unorganized\playtime - Sep 2010 (6).JPG,968742,2013-02-28 21:29:18,ExtractNamedRelevant
C:\Users\thoma\Documents\Cyber Crimes Tools\Takeout Zips\takeout-20260602T071913Z-11-025.zip,takeout-20260602T071913Z-11-025.zip,Takeout/Drive/Unorganized/playtime - Sep 2010 (7).JPG,C:\Users\thoma\Documents\Cyber Crimes Tools\Takeout Extracted\Takeout\Drive\Unorganized\playtime - Sep 2010 (7).JPG,1063939,2013-02-28 21:29:22,ExtractNamedRelevant
C:\Users\thoma\Documents\Cyber Crimes Tools\Takeout Zips\takeout-20260602T071913Z-11-025.zip,takeout-20260602T071913Z-11-025.zip,Takeout/Drive/Unorganized/playtime - Sep 2010 (8).JPG,C:\Users\thoma\Documents\Cyber Crimes Tools\Takeout Extracted\Takeout\Drive\Unorganized\playtime - Sep 2010 (8).JPG,1053685,2013-02-28 21:29:26,ExtractNamedRelevant
C:\Users\thoma\Documents\Cyber Crimes Tools\Takeout Zips\takeout-20260602T071913Z-11-025.zip,takeout-20260602T071913Z-11-025.zip,Takeout/Drive/Unorganized/playtime - Sep 2010 (17).JPG,C:\Users\thoma\Documents\Cyber Crimes Tools\Takeout Extracted\Takeout\Drive\Unorganized\playtime - Sep 2010 (17).JPG,1039367,2013-02-28 21:24:42,ExtractNamedRelevant
C:\Users\thoma\Documents\Cyber Crimes Tools\Takeout Zips\takeout-20260602T071913Z-11-025.zip,takeout-20260602T071913Z-11-025.zip,Takeout/Drive/Unorganized/172_0478.JPG,C:\Users\thoma\Documents\Cyber Crimes Tools\Takeout Extracted\Takeout\Drive\Unorganized\172_0478.JPG,834910,2013-02-28 19:15:22,ExtractNamedRelevant
C:\Users\thoma\Documents\Cyber Crimes Tools\Takeout Zips\takeout-20260602T071913Z-11-025.zip,takeout-20260602T071913Z-11-025.zip,Takeout/Drive/Unorganized/playtime - Sep 2010 (4).JPG,C:\Users\thoma\Documents\Cyber Crimes Tools\Takeout Extracted\Takeout\Drive\Unorganized\playtime - Sep 2010 (4).JPG,1151842,2013-02-28 21:29:08,ExtractNamedRelevant
C:\Users\thoma\Documents\Cyber Crimes Tools\Takeout Zips\takeout-20260602T071913Z-11-025.zip,takeout-20260602T071913Z-11-025.zip,Takeout/Drive/Unorganized/NicollesHouse12-21-10 (19).JPG,C:\Users\thoma\Documents\Cyber Crimes Tools\Takeout Extracted\Takeout\Drive\Unorganized\NicollesHouse12-21-10 (19).JPG,2442104,2013-02-28 19:13:48,ExtractNamedRelevant
C:\Users\thoma\Documents\Cyber Crimes Tools\Takeout Zips\takeout-20260602T071913Z-11-025.zip,takeout-20260602T071913Z-11-025.zip,Takeout/Drive/Unorganized/172_0475.JPG,C:\Users\thoma\Documents\Cyber Crimes Tools\Takeout Extracted\Takeout\Drive\Unorganized\172_0475.JPG,1004437,2013-02-28 19:14:58,ExtractNamedRelevant
C:\Users\thoma\Documents\Cyber Crimes Tools\Takeout Zips\takeout-20260602T071913Z-11-025.zip,takeout-20260602T071913Z-11-025.zip,Takeout/Drive/Unorganized/172_0473.JPG,C:\Users\thoma\Documents\Cyber Crimes Tools\Takeout Extracted\Takeout\Drive\Unorganized\172_0473.JPG,1590464,2013-02-28 19:14:46,ExtractNamedRelevant
C:\Users\thoma\Documents\Cyber Crimes Tools\Takeout Zips\takeout-20260602T071913Z-11-025.zip,takeout-20260602T071913Z-11-025.zip,Takeout/Drive/Unorganized/playtime - Sep 2010 (3).JPG,C:\Users\thoma\Documents\Cyber Crimes Tools\Takeout Extracted\Takeout\Drive\Unorganized\playtime - Sep 2010 (3).JPG,1049929,2013-02-28 21:29:04,ExtractNamedRelevant
C:\Users\thoma\Documents\Cyber Crimes Tools\Takeout Zips\takeout-20260602T071913Z-11-025.zip,takeout-20260602T071913Z-11-025.zip,Takeout/Drive/Unorganized/172_0472.JPG,C:\Users\thoma\Documents\Cyber Crimes Tools\Takeout Extracted\Takeout\Drive\Unorganized\172_0472.JPG,947632,2013-02-28 19:14:40,ExtractNamedRelevant
C:\Users\thoma\Documents\Cyber Crimes Tools\Takeout Zips\takeout-20260602T071913Z-11-025.zip,takeout-20260602T071913Z-11-025.zip,Takeout/Drive/Unorganized/NicollesHouse12-21-10 (24).JPG,C:\Users\thoma\Documents\Cyber Crimes Tools\Takeout Extracted\Takeout\Drive\Unorganized\NicollesHouse12-21-10 (24).JPG,2243604,2013-02-28 19:14:32,ExtractNamedRelevant
C:\Users\thoma\Documents\Cyber Crimes Tools\Takeout Zips\takeout-20260602T071913Z-11-025.zip,takeout-20260602T071913Z-11-025.zip,Takeout/Drive/Unorganized/172_0471.JPG,C:\Users\thoma\Documents\Cyber Crimes Tools\Takeout Extracted\Takeout\Drive\Unorganized\172_0471.JPG,873561,2013-02-28 19:14:36,ExtractNamedRelevant
C:\Users\thoma\Documents\Cyber Crimes Tools\Takeout Zips\takeout-20260602T071913Z-11-025.zip,takeout-20260602T071913Z-11-025.zip,Takeout/Drive/Unorganized/playtime - Sep 2010 (2).MOV,C:\Users\thoma\Documents\Cyber Crimes Tools\Takeout Extracted\Takeout\Drive\Unorganized\playtime - Sep 2010 (2).MOV,80448407,2013-02-28 21:28:50,SkipLargeMediaEvenIfNamed
C:\Users\thoma\Documents\Cyber Crimes Tools\Takeout Zips\takeout-20260602T071913Z-11-025.zip,takeout-20260602T071913Z-11-025.zip,Takeout/Drive/Unorganized/Nov 2010  (8).JPG,C:\Users\thoma\Documents\Cyber Crimes Tools\Takeout Extracted\Takeout\Drive\Unorganized\Nov 2010  (8).JPG,947367,2013-02-28 21:01:40,ExtractNamedRelevant
C:\Users\thoma\Documents\Cyber Crimes Tools\Takeout Zips\takeout-20260602T071913Z-11-025.zip,takeout-20260602T071913Z-11-025.zip,Takeout/Drive/Unorganized/playtime - Sep 2010 (2).JPG,C:\Users\thoma\Documents\Cyber Crimes Tools\Takeout Extracted\Takeout\Drive\Unorganized\playtime - Sep 2010 (2).JPG,1085943,2013-02-28 21:24:56,ExtractNamedRelevant
C:\Users\thoma\Documents\Cyber Crimes Tools\Takeout Zips\takeout-20260602T071913Z-11-025.zip,takeout-20260602T071913Z-11-025.zip,Takeout/Drive/Unorganized/playtime - Sep 2010 (19).JPG,C:\Users\thoma\Documents\Cyber Crimes Tools\Takeout Extracted\Takeout\Drive\Unorganized\playtime - Sep 2010 (19).JPG,1105535,2013-02-28 21:24:50,ExtractNamedRelevant
C:\Users\thoma\Documents\Cyber Crimes Tools\Takeout Zips\takeout-20260602T071913Z-11-025.zip,takeout-20260602T071913Z-11-025.zip,Takeout/Drive/Unorganized/NicollesHouse12-21-10 (22).JPG,C:\Users\thoma\Documents\Cyber Crimes Tools\Takeout Extracted\Takeout\Drive\Unorganized\NicollesHouse12-21-10 (22).JPG,2022974,2013-02-28 19:14:16,ExtractNamedRelevant
C:\Users\thoma\Documents\Cyber Crimes Tools\Takeout Zips\takeout-20260602T071913Z-11-025.zip,takeout-20260602T071913Z-11-025.zip,Takeout/Drive/Unorganized/playtime - Sep 2010 (18).JPG,C:\Users\thoma\Documents\Cyber Crimes Tools\Takeout Extracted\Takeout\Drive\Unorganized\playtime - Sep 2010 (18).JPG,1050803,2013-02-28 21:24:46,ExtractNamedRelevant
C:\Users\thoma\Documents\Cyber Crimes Tools\Takeout Zips\takeout-20260602T071913Z-11-025.zip,takeout-20260602T071913Z-11-025.zip,Takeout/Drive/Unorganized/playtime - Sep 2010 (16).JPG,C:\Users\thoma\Documents\Cyber Crimes Tools\Takeout Extracted\Takeout\Drive\Unorganized\playtime - Sep 2010 (16).JPG,1032553,2013-02-28 21:24:38,ExtractNamedRelevant
C:\Users\thoma\Documents\Cyber Crimes Tools\Takeout Zips\takeout-20260602T071913Z-11-025.zip,takeout-20260602T071913Z-11-025.zip,Takeout/Drive/Unorganized/October 2010 (7).JPG,C:\Users\thoma\Documents\Cyber Crimes Tools\Takeout Extracted\Takeout\Drive\Unorganized\October 2010 (7).JPG,890486,2013-02-28 21:17:54,ExtractNamedRelevant
C:\Users\thoma\Documents\Cyber Crimes Tools\Takeout Zips\takeout-20260602T071913Z-11-025.zip,takeout-20260602T071913Z-11-025.zip,Takeout/Drive/Unorganized/231_2118.JPG,C:\Users\thoma\Documents\Cyber Crimes Tools\Takeout Extracted\Takeout\Drive\Unorganized\231_2118.JPG,884053,2013-03-01 01:35:42,ExtractNamedRelevant
C:\Users\thoma\Documents\Cyber Crimes Tools\Takeout Zips\takeout-20260602T071913Z-11-025.zip,takeout-20260602T071913Z-11-025.zip,Takeout/Drive/Unorganized/playtime - Sep 2010 (14).JPG,C:\Users\thoma\Documents\Cyber Crimes Tools\Takeout Extracted\Takeout\Drive\Unorganized\playtime - Sep 2010 (14).JPG,1099343,2013-02-28 21:24:28,ExtractNamedRelevant
C:\Users\thoma\Documents\Cyber Crimes Tools\Takeout Zips\takeout-20260602T071913Z-11-025.zip,takeout-20260602T071913Z-11-025.zip,Takeout/Drive/Unorganized/NicollesHouse12-21-10 (11).JPG,C:\Users\thoma\Documents\Cyber Crimes Tools\Takeout Extracted\Takeout\Drive\Unorganized\NicollesHouse12-21-10 (11).JPG,2730059,2013-02-28 19:12:38,ExtractNamedRelevant
C:\Users\thoma\Documents\Cyber Crimes Tools\Takeout Zips\takeout-20260602T071913Z-11-025.zip,takeout-20260602T071913Z-11-025.zip,Takeout/Drive/Unorganized/NicollesHouse12-21-10 (20).JPG,C:\Users\thoma\Documents\Cyber Crimes Tools\Takeout Extracted\Takeout\Drive\Unorganized\NicollesHouse12-21-10 (20).JPG,2477044,2013-02-28 19:13:56,ExtractNamedRelevant
C:\Users\thoma\Documents\Cyber Crimes Tools\Takeout Zips\takeout-20260602T071913Z-11-025.zip,takeout-20260602T071913Z-11-025.zip,Takeout/Drive/Unorganized/NicollesHouse12-21-10 (21).JPG,C:\Users\thoma\Documents\Cyber Crimes Tools\Takeout Extracted\Takeout\Drive\Unorganized\NicollesHouse12-21-10 (21).JPG,2675399,2013-02-28 19:14:08,ExtractNamedRelevant
C:\Users\thoma\Documents\Cyber Crimes Tools\Takeout Zips\takeout-20260602T071913Z-11-025.zip,takeout-20260602T071913Z-11-025.zip,Takeout/Drive/Unorganized/playtime - Sep 2010 (15).JPG,C:\Users\thoma\Documents\Cyber Crimes Tools\Takeout Extracted\Takeout\Drive\Unorganized\playtime - Sep 2010 (15).JPG,1068895,2013-02-28 21:24:32,ExtractNamedRelevant
C:\Users\thoma\Documents\Cyber Crimes Tools\Takeout Zips\takeout-20260602T071913Z-11-025.zip,takeout-20260602T071913Z-11-025.zip,Takeout/Drive/Unorganized/playtime - Sep 2010 (12).JPG,C:\Users\thoma\Documents\Cyber Crimes Tools\Takeout Extracted\Takeout\Drive\Unorganized\playtime - Sep 2010 (12).JPG,1115137,2013-02-28 21:24:18,ExtractNamedRelevant
C:\Users\thoma\Documents\Cyber Crimes Tools\Takeout Zips\takeout-20260602T071913Z-11-025.zip,takeout-20260602T071913Z-11-025.zip,Takeout/Drive/Unorganized/playtime - Sep 2010 (11).JPG,C:\Users\thoma\Documents\Cyber Crimes Tools\Takeout Extracted\Takeout\Drive\Unorganized\playtime - Sep 2010 (11).JPG,1071513,2013-02-28 21:24:14,ExtractNamedRelevant
C:\Users\thoma\Documents\Cyber Crimes Tools\Takeout Zips\takeout-20260602T071913Z-11-025.zip,takeout-20260602T071913Z-11-025.zip,Takeout/Drive/Unorganized/playtime - Sep 2010 (13).JPG,C:\Users\thoma\Documents\Cyber Crimes Tools\Takeout Extracted\Takeout\Drive\Unorganized\playtime - Sep 2010 (13).JPG,1035202,2013-02-28 21:24:24,ExtractNamedRelevant
C:\Users\thoma\Documents\Cyber Crimes Tools\Takeout Zips\takeout-20260602T071913Z-11-025.zip,takeout-20260602T071913Z-11-025.zip,Takeout/Drive/Unorganized/playtime - Sep 2010 (10).JPG,C:\Users\thoma\Documents\Cyber Crimes Tools\Takeout Extracted\Takeout\Drive\Unorganized\playtime - Sep 2010 (10).JPG,995411,2013-02-28 21:24:10,ExtractNamedRelevant
C:\Users\thoma\Documents\Cyber Crimes Tools\Takeout Zips\takeout-20260602T071913Z-11-025.zip,takeout-20260602T071913Z-11-025.zip,Takeout/Drive/Unorganized/playtime - Sep 2010 (1).JPG,C:\Users\thoma\Documents\Cyber Crimes Tools\Takeout Extracted\Takeout\Drive\Unorganized\playtime - Sep 2010 (1).JPG,1058552,2013-02-28 21:18:06,ExtractNamedRelevant
C:\Users\thoma\Documents\Cyber Crimes Tools\Takeout Zips\takeout-20260602T071913Z-11-025.zip,takeout-20260602T071913Z-11-025.zip,Takeout/Drive/Unorganized/October 2010 (9).JPG,C:\Users\thoma\Documents\Cyber Crimes Tools\Takeout Extracted\Takeout\Drive\Unorganized\October 2010 (9).JPG,944654,2013-02-28 21:18:02,ExtractNamedRelevant
C:\Users\thoma\Documents\Cyber Crimes Tools\Takeout Zips\takeout-20260602T071913Z-11-025.zip,takeout-20260602T071913Z-11-025.zip,Takeout/Drive/Unorganized/playtime - Sep 2010 (1).MOV,C:\Users\thoma\Documents\Cyber Crimes Tools\Takeout Extracted\Takeout\Drive\Unorganized\playtime - Sep 2010 (1).MOV,122108583,2013-02-28 21:24:04,SkipLargeMediaEvenIfNamed
C:\Users\thoma\Documents\Cyber Crimes Tools\Takeout Zips\takeout-20260602T071913Z-11-025.zip,takeout-20260602T071913Z-11-025.zip,Takeout/Drive/Unorganized/NicollesHouse12-21-10 (18).JPG,C:\Users\thoma\Documents\Cyber Crimes Tools\Takeout Extracted\Takeout\Drive\Unorganized\NicollesHouse12-21-10 (18).JPG,2968016,2013-02-28 19:13:38,ExtractNamedRelevant
C:\Users\thoma\Documents\Cyber Crimes Tools\Takeout Zips\takeout-20260602T071913Z-11-025.zip,takeout-20260602T071913Z-11-025.zip,Takeout/Drive/Unorganized/NicollesHouse12-21-10 (17).JPG,C:\Users\thoma\Documents\Cyber Crimes Tools\Takeout Extracted\Takeout\Drive\Unorganized\NicollesHouse12-21-10 (17).JPG,1941996,2013-02-28 19:13:28,ExtractNamedRelevant
C:\Users\thoma\Documents\Cyber Crimes Tools\Takeout Zips\takeout-20260602T071913Z-11-025.zip,takeout-20260602T071913Z-11-025.zip,Takeout/Drive/Unorganized/NicollesHouse12-21-10 (16).JPG,C:\Users\thoma\Documents\Cyber Crimes Tools\Takeout Extracted\Takeout\Drive\Unorganized\NicollesHouse12-21-10 (16).JPG,1855937,2013-02-28 19:13:20,ExtractNamedRelevant
C:\Users\thoma\Documents\Cyber Crimes Tools\Takeout Zips\takeout-20260602T071913Z-11-025.zip,takeout-20260602T071913Z-11-025.zip,Takeout/Drive/Unorganized/204_1455.JPG,C:\Users\thoma\Documents\Cyber Crimes Tools\Takeout Extracted\Takeout\Drive\Unorganized\204_1455.JPG,851048,2013-02-28 23:11:46,ExtractNamedRelevant
C:\Users\thoma\Documents\Cyber Crimes Tools\Takeout Zips\takeout-20260602T071913Z-11-025.zip,takeout-20260602T071913Z-11-025.zip,Takeout/Drive/Unorganized/October 2010 (8).JPG,C:\Users\thoma\Documents\Cyber Crimes Tools\Takeout Extracted\Takeout\Drive\Unorganized\October 2010 (8).JPG,911975,2013-02-28 21:17:58,ExtractNamedRelevant
C:\Users\thoma\Documents\Cyber Crimes Tools\Takeout Zips\takeout-20260602T071913Z-11-025.zip,takeout-20260602T071913Z-11-025.zip,Takeout/Drive/Unorganized/October 2010 (5).JPG,C:\Users\thoma\Documents\Cyber Crimes Tools\Takeout Extracted\Takeout\Drive\Unorganized\October 2010 (5).JPG,872674,2013-02-28 21:17:46,ExtractNamedRelevant
C:\Users\thoma\Documents\Cyber Crimes Tools\Takeout Zips\takeout-20260602T071913Z-11-025.zip,takeout-20260602T071913Z-11-025.zip,Takeout/Drive/Unorganized/October 2010 (6).JPG,C:\Users\thoma\Documents\Cyber Crimes Tools\Takeout Extracted\Takeout\Drive\Unorganized\October 2010 (6).JPG,903555,2013-02-28 21:17:50,ExtractNamedRelevant
C:\Users\thoma\Documents\Cyber Crimes Tools\Takeout Zips\takeout-20260602T071913Z-11-025.zip,takeout-20260602T071913Z-11-025.zip,Takeout/Drive/Unorganized/204_1471.JPG,C:\Users\thoma\Documents\Cyber Crimes Tools\Takeout Extracted\Takeout\Drive\Unorganized\204_1471.JPG,1045772,2013-02-28 23:13:00,ExtractNamedRelevant
C:\Users\thoma\Documents\Cyber Crimes Tools\Takeout Zips\takeout-20260602T071913Z-11-025.zip,takeout-20260602T071913Z-11-025.zip,Takeout/Drive/Unorganized/204_1409.JPG,C:\Users\thoma\Documents\Cyber Crimes Tools\Takeout Extracted\Takeout\Drive\Unorganized\204_1409.JPG,1019871,2013-02-28 22:56:24,ExtractNamedRelevant
C:\Users\thoma\Documents\Cyber Crimes Tools\Takeout Zips\takeout-20260602T071913Z-11-025.zip,takeout-20260602T071913Z-11-025.zip,Takeout/Drive/Unorganized/NicollesHouse12-21-10 (14).JPG,C:\Users\thoma\Documents\Cyber Crimes Tools\Takeout Extracted\Takeout\Drive\Unorganized\NicollesHouse12-21-10 (14).JPG,1721034,2013-02-28 19:13:02,ExtractNamedRelevant
C:\Users\thoma\Documents\Cyber Crimes Tools\Takeout Zips\takeout-20260602T071913Z-11-025.zip,takeout-20260602T071913Z-11-025.zip,Takeout/Drive/Unorganized/Nov 2010 (8).JPG,C:\Users\thoma\Documents\Cyber Crimes Tools\Takeout Extracted\Takeout\Drive\Unorganized\Nov 2010 (8).JPG,1044703,2013-02-28 21:02:26,ExtractNamedRelevant
C:\Users\thoma\Documents\Cyber Crimes Tools\Takeout Zips\takeout-20260602T071913Z-11-025.zip,takeout-20260602T071913Z-11-025.zip,Takeout/Drive/Unorganized/NicollesHouse12-21-10 (15).JPG,C:\Users\thoma\Documents\Cyber Crimes Tools\Takeout Extracted\Takeout\Drive\Unorganized\NicollesHouse12-21-10 (15).JPG,2152352,2013-02-28 19:13:12,ExtractNamedRelevant
C:\Users\thoma\Documents\Cyber Crimes Tools\Takeout Zips\takeout-20260602T071913Z-11-025.zip,takeout-20260602T071913Z-11-025.zip,Takeout/Drive/Unorganized/October 2010 (4).JPG,C:\Users\thoma\Documents\Cyber Crimes Tools\Takeout Extracted\Takeout\Drive\Unorganized\October 2010 (4).JPG,882145,2013-02-28 21:17:42,ExtractNamedRelevant
C:\Users\thoma\Documents\Cyber Crimes Tools\Takeout Zips\takeout-20260602T071913Z-11-025.zip,takeout-20260602T071913Z-11-025.zip,Takeout/Drive/Unorganized/NicollesHouse12-21-10 (13).JPG,C:\Users\thoma\Documents\Cyber Crimes Tools\Takeout Extracted\Takeout\Drive\Unorganized\NicollesHouse12-21-10 (13).JPG,2207989,2013-02-28 19:12:56,ExtractNamedRelevant
C:\Users\thoma\Documents\Cyber Crimes Tools\Takeout Zips\takeout-20260602T071913Z-11-025.zip,takeout-20260602T071913Z-11-025.zip,Takeout/Drive/Unorganized/October 2010 (3).JPG,C:\Users\thoma\Documents\Cyber Crimes Tools\Takeout Extracted\Takeout\Drive\Unorganized\October 2010 (3).JPG,807525,2013-02-28 21:17:38,ExtractNamedRelevant
C:\Users\thoma\Documents\Cyber Crimes Tools\Takeout Zips\takeout-20260602T071913Z-11-025.zip,takeout-20260602T071913Z-11-025.zip,Takeout/Drive/Unorganized/new pics 432.jpg,C:\Users\thoma\Documents\Cyber Crimes Tools\Takeout Extracted\Takeout\Drive\Unorganized\new pics 432.jpg,929920,2013-02-28 19:12:26,ExtractNamedRelevant
C:\Users\thoma\Documents\Cyber Crimes Tools\Takeout Zips\takeout-20260602T071913Z-11-025.zip,takeout-20260602T071913Z-11-025.zip,Takeout/Drive/Unorganized/IMG_3522.jpg,C:\Users\thoma\Documents\Cyber Crimes Tools\Takeout Extracted\Takeout\Drive\Unorganized\IMG_3522.jpg,2627636,2013-03-01 02:47:00,ExtractNamedRelevant
C:\Users\thoma\Documents\Cyber Crimes Tools\Takeout Zips\takeout-20260602T071913Z-11-025.zip,takeout-20260602T071913Z-11-025.zip,Takeout/Drive/Unorganized/DSC01996.JPG,C:\Users\thoma\Documents\Cyber Crimes Tools\Takeout Extracted\Takeout\Drive\Unorganized\DSC01996.JPG,2850971,2013-03-01 07:01:42,ExtractNamedRelevant
C:\Users\thoma\Documents\Cyber Crimes Tools\Takeout Zips\takeout-20260602T071913Z-11-025.zip,takeout-20260602T071913Z-11-025.zip,Takeout/Drive/Unorganized/IMG_3521.jpg,C:\Users\thoma\Documents\Cyber Crimes Tools\Takeout Extracted\Takeout\Drive\Unorganized\IMG_3521.jpg,2699731,2013-03-01 02:46:50,ExtractNamedRelevant
C:\Users\thoma\Documents\Cyber Crimes Tools\Takeout Zips\takeout-20260602T071913Z-11-025.zip,takeout-20260602T071913Z-11-025.zip,Takeout/Drive/Unorganized/IMG_3523.jpg,C:\Users\thoma\Documents\Cyber Crimes Tools\Takeout Extracted\Takeout\Drive\Unorganized\IMG_3523.jpg,2953985,2013-03-01 02:47:10,ExtractNamedRelevant
C:\Users\thoma\Documents\Cyber Crimes Tools\Takeout Zips\takeout-20260602T071913Z-11-025.zip,takeout-20260602T071913Z-11-025.zip,Takeout/Drive/Unorganized/new pics 396.jpg,C:\Users\thoma\Documents\Cyber Crimes Tools\Takeout Extracted\Takeout\Drive\Unorganized\new pics 396.jpg,825324,2013-02-28 19:11:12,ExtractNamedRelevant
C:\Users\thoma\Documents\Cyber Crimes Tools\Takeout Zips\takeout-20260602T071913Z-11-025.zip,takeout-20260602T071913Z-11-025.zip,Takeout/Drive/Unorganized/231_2088.JPG,C:\Users\thoma\Documents\Cyber Crimes Tools\Takeout Extracted\Takeout\Drive\Unorganized\231_2088.JPG,1078960,2013-03-01 01:34:36,ExtractNamedRelevant
C:\Users\thoma\Documents\Cyber Crimes Tools\Takeout Zips\takeout-20260602T071913Z-11-025.zip,takeout-20260602T071913Z-11-025.zip,Takeout/Drive/Unorganized/DSC01879.JPG,C:\Users\thoma\Documents\Cyber Crimes Tools\Takeout Extracted\Takeout\Drive\Unorganized\DSC01879.JPG,2461840,2013-03-01 06:53:30,ExtractNamedRelevant
C:\Users\thoma\Documents\Cyber Crimes Tools\Takeout Zips\takeout-20260602T071913Z-11-025.zip,takeout-20260602T071913Z-11-025.zip,Takeout/Drive/Unorganized/204_1589.JPG,C:\Users\thoma\Documents\Cyber Crimes Tools\Takeout Extracted\Takeout\Drive\Unorganized\204_1589.JPG,1446237,2013-02-28 23:40:50,ExtractNamedRelevant
C:\Users\thoma\Documents\Cyber Crimes Tools\Takeout Zips\takeout-20260602T071913Z-11-025.zip,takeout-20260602T071913Z-11-025.zip,Takeout/Drive/Unorganized/IMG_3524.jpg,C:\Users\thoma\Documents\Cyber Crimes Tools\Takeout Extracted\Takeout\Drive\Unorganized\IMG_3524.jpg,2302314,2013-03-01 02:47:18,ExtractNamedRelevant
C:\Users\thoma\Documents\Cyber Crimes Tools\Takeout Zips\takeout-20260602T071913Z-11-025.zip,takeout-20260602T071913Z-11-025.zip,Takeout/Drive/Unorganized/October 2010 (26).JPG,C:\Users\thoma\Documents\Cyber Crimes Tools\Takeout Extracted\Takeout\Drive\Unorganized\October 2010 (26).JPG,908934,2013-02-28 21:17:26,ExtractNamedRelevant
C:\Users\thoma\Documents\Cyber Crimes Tools\Takeout Zips\takeout-20260602T071913Z-11-025.zip,takeout-20260602T071913Z-11-025.zip,Takeout/Drive/Unorganized/231_2087.JPG,C:\Users\thoma\Documents\Cyber Crimes Tools\Takeout Extracted\Takeout\Drive\Unorganized\231_2087.JPG,963250,2013-03-01 01:34:32,ExtractNamedRelevant
C:\Users\thoma\Documents\Cyber Crimes Tools\Takeout Zips\takeout-20260602T071913Z-11-025.zip,takeout-20260602T071913Z-11-025.zip,Takeout/Drive/Unorganized/IMG_3514.jpg,C:\Users\thoma\Documents\Cyber Crimes Tools\Takeout Extracted\Takeout\Drive\Unorganized\IMG_3514.jpg,2694027,2013-03-01 02:45:56,ExtractNamedRelevant
C:\Users\thoma\Documents\Cyber Crimes Tools\Takeout Zips\takeout-20260602T071913Z-11-025.zip,takeout-20260602T071913Z-11-025.zip,Takeout/Drive/Unorganized/Beach Day_March 2011 (11).JPG,C:\Users\thoma\Documents\Cyber Crimes Tools\Takeout Extracted\Takeout\Drive\Unorganized\Beach Day_March 2011 (11).JPG,1208084,2013-03-01 06:33:34,ExtractNamedRelevant
C:\Users\thoma\Documents\Cyber Crimes Tools\Takeout Zips\takeout-20260602T071913Z-11-025.zip,takeout-20260602T071913Z-11-025.zip,Takeout/Drive/Unorganized/new pics 430.jpg,C:\Users\thoma\Documents\Cyber Crimes Tools\Takeout Extracted\Takeout\Drive\Unorganized\new pics 430.jpg,838708,2013-02-28 19:12:20,ExtractNamedRelevant
C:\Users\thoma\Documents\Cyber Crimes Tools\Takeout Zips\takeout-20260602T071913Z-11-025.zip,takeout-20260602T071913Z-11-025.zip,Takeout/Drive/Unorganized/204_1373.JPG,C:\Users\thoma\Documents\Cyber Crimes Tools\Takeout Extracted\Takeout\Drive\Unorganized\204_1373.JPG,965417,2013-02-28 22:27:46,ExtractNamedRelevant
C:\Users\thoma\Documents\Cyber Crimes Tools\Takeout Zips\takeout-20260602T071913Z-11-025.zip,takeout-20260602T071913Z-11-025.zip,Takeout/Drive/Unorganized/new pics 403.jpg,C:\Users\thoma\Documents\Cyber Crimes Tools\Takeout Extracted\Takeout\Drive\Unorganized\new pics 403.jpg,813294,2013-02-28 19:11:28,ExtractNamedRelevant
C:\Users\thoma\Documents\Cyber Crimes Tools\Takeout Zips\takeout-20260602T071913Z-11-025.zip,takeout-20260602T071913Z-11-025.zip,Takeout/Drive/Unorganized/new pics 385.jpg,C:\Users\thoma\Documents\Cyber Crimes Tools\Takeout Extracted\Takeout\Drive\Unorganized\new pics 385.jpg,838393,2013-02-28 19:10:42,ExtractNamedRelevant
C:\Users\thoma\Documents\Cyber Crimes Tools\Takeout Zips\takeout-20260602T071913Z-11-025.zip,takeout-20260602T071913Z-11-025.zip,Takeout/Drive/Unorganized/new pics 401.jpg,C:\Users\thoma\Documents\Cyber Crimes Tools\Takeout Extracted\Takeout\Drive\Unorganized\new pics 401.jpg,916976,2013-02-28 19:11:24,ExtractNamedRelevant
C:\Users\thoma\Documents\Cyber Crimes Tools\Takeout Zips\takeout-20260602T071913Z-11-025.zip,takeout-20260602T071913Z-11-025.zip,Takeout/Drive/Unorganized/new pics 398.jpg,C:\Users\thoma\Documents\Cyber Crimes Tools\Takeout Extracted\Takeout\Drive\Unorganized\new pics 398.jpg,881563,2013-02-28 19:11:18,ExtractNamedRelevant
C:\Users\thoma\Documents\Cyber Crimes Tools\Takeout Zips\takeout-20260602T071913Z-11-025.zip,takeout-20260602T071913Z-11-025.zip,Takeout/Drive/Unorganized/new pics 392.jpg,C:\Users\thoma\Documents\Cyber Crimes Tools\Takeout Extracted\Takeout\Drive\Unorganized\new pics 392.jpg,750735,2013-02-28 19:11:02,ExtractNamedRelevant
C:\Users\thoma\Documents\Cyber Crimes Tools\Takeout Zips\takeout-20260602T071913Z-11-025.zip,takeout-20260602T071913Z-11-025.zip,Takeout/Drive/Unorganized/new pics 395.jpg,C:\Users\thoma\Documents\Cyber Crimes Tools\Takeout Extracted\Takeout\Drive\Unorganized\new pics 395.jpg,825674,2013-02-28 19:11:08,ExtractNamedRelevant
C:\Users\thoma\Documents\Cyber Crimes Tools\Takeout Zips\takeout-20260602T071913Z-11-025.zip,takeout-20260602T071913Z-11-025.zip,Takeout/Drive/Unorganized/new pics 390.jpg,C:\Users\thoma\Documents\Cyber Crimes Tools\Takeout Extracted\Takeout\Drive\Unorganized\new pics 390.jpg,790809,2013-02-28 19:10:58,ExtractNamedRelevant
C:\Users\thoma\Documents\Cyber Crimes Tools\Takeout Zips\takeout-20260602T071913Z-11-025.zip,takeout-20260602T071913Z-11-025.zip,Takeout/Drive/Unorganized/new pics 388.jpg,C:\Users\thoma\Documents\Cyber Crimes Tools\Takeout Extracted\Takeout\Drive\Unorganized\new pics 388.jpg,1136291,2013-02-28 19:10:52,ExtractNamedRelevant
C:\Users\thoma\Documents\Cyber Crimes Tools\Takeout Zips\takeout-20260602T071913Z-11-025.zip,takeout-20260602T071913Z-11-025.zip,Takeout/Drive/Unorganized/new pics 378.jpg,C:\Users\thoma\Documents\Cyber Crimes Tools\Takeout Extracted\Takeout\Drive\Unorganized\new pics 378.jpg,838510,2013-02-28 19:10:26,ExtractNamedRelevant
C:\Users\thoma\Documents\Cyber Crimes Tools\Takeout Zips\takeout-20260602T071913Z-11-025.zip,takeout-20260602T071913Z-11-025.zip,Takeout/Drive/Unorganized/new pics 386.jpg,C:\Users\thoma\Documents\Cyber Crimes Tools\Takeout Extracted\Takeout\Drive\Unorganized\new pics 386.jpg,804080,2013-02-28 19:10:46,ExtractNamedRelevant
C:\Users\thoma\Documents\Cyber Crimes Tools\Takeout Zips\takeout-20260602T071913Z-11-025.zip,takeout-20260602T071913Z-11-025.zip,Takeout/Drive/Unorganized/new pics 375.jpg,C:\Users\thoma\Documents\Cyber Crimes Tools\Takeout Extracted\Takeout\Drive\Unorganized\new pics 375.jpg,818358,2013-02-28 19:10:16,ExtractNamedRelevant
C:\Users\thoma\Documents\Cyber Crimes Tools\Takeout Zips\takeout-20260602T071913Z-11-025.zip,takeout-20260602T071913Z-11-025.zip,Takeout/Drive/Unorganized/new pics 366.jpg,C:\Users\thoma\Documents\Cyber Crimes Tools\Takeout Extracted\Takeout\Drive\Unorganized\new pics 366.jpg,852171,2013-02-28 19:09:54,ExtractNamedRelevant
C:\Users\thoma\Documents\Cyber Crimes Tools\Takeout Zips\takeout-20260602T071913Z-11-025.zip,takeout-20260602T071913Z-11-025.zip,Takeout/Drive/Unorganized/new pics 376.jpg,C:\Users\thoma\Documents\Cyber Crimes Tools\Takeout Extracted\Takeout\Drive\Unorganized\new pics 376.jpg,851532,2013-02-28 19:10:20,ExtractNamedRelevant
C:\Users\thoma\Documents\Cyber Crimes Tools\Takeout Zips\takeout-20260602T071913Z-11-025.zip,takeout-20260602T071913Z-11-025.zip,Takeout/Drive/Unorganized/new pics 383.jpg,C:\Users\thoma\Documents\Cyber Crimes Tools\Takeout Extracted\Takeout\Drive\Unorganized\new pics 383.jpg,841423,2013-02-28 19:10:38,ExtractNamedRelevant
C:\Users\thoma\Documents\Cyber Crimes Tools\Takeout Zips\takeout-20260602T071913Z-11-025.zip,takeout-20260602T071913Z-11-025.zip,Takeout/Drive/Unorganized/new pics 380.jpg,C:\Users\thoma\Documents\Cyber Crimes Tools\Takeout Extracted\Takeout\Drive\Unorganized\new pics 380.jpg,825008,2013-02-28 19:10:30,ExtractNamedRelevant
C:\Users\thoma\Documents\Cyber Crimes Tools\Takeout Zips\takeout-20260602T071913Z-11-025.zip,takeout-20260602T071913Z-11-025.zip,Takeout/Drive/Unorganized/new pics 372.jpg,C:\Users\thoma\Documents\Cyber Crimes Tools\Takeout Extracted\Takeout\Drive\Unorganized\new pics 372.jpg,905296,2013-02-28 19:10:10,ExtractNamedRelevant
C:\Users\thoma\Documents\Cyber Crimes Tools\Takeout Zips\takeout-20260602T071913Z-11-025.zip,takeout-20260602T071913Z-11-025.zip,Takeout/Drive/Unorganized/new pics 370.jpg,C:\Users\thoma\Documents\Cyber Crimes Tools\Takeout Extracted\Takeout\Drive\Unorganized\new pics 370.jpg,827377,2013-02-28 19:10:04,ExtractNamedRelevant
C:\Users\thoma\Documents\Cyber Crimes Tools\Takeout Zips\takeout-20260602T071913Z-11-025.zip,takeout-20260602T071913Z-11-025.zip,Takeout/Drive/Unorganized/new pics 369.jpg,C:\Users\thoma\Documents\Cyber Crimes Tools\Takeout Extracted\Takeout\Drive\Unorganized\new pics 369.jpg,860152,2013-02-28 19:10:00,ExtractNamedRelevant
C:\Users\thoma\Documents\Cyber Crimes Tools\Takeout Zips\takeout-20260602T071913Z-11-025.zip,takeout-20260602T071913Z-11-025.zip,Takeout/Drive/Unorganized/new pics 365.jpg,C:\Users\thoma\Documents\Cyber Crimes Tools\Takeout Extracted\Takeout\Drive\Unorganized\new pics 365.jpg,807891,2013-02-28 19:09:50,ExtractNamedRelevant
C:\Users\thoma\Documents\Cyber Crimes Tools\Takeout Zips\takeout-20260602T071913Z-11-025.zip,takeout-20260602T071913Z-11-025.zip,Takeout/Drive/Unorganized/new pics 357.jpg,C:\Users\thoma\Documents\Cyber Crimes Tools\Takeout Extracted\Takeout\Drive\Unorganized\new pics 357.jpg,739962,2013-02-28 19:09:46,ExtractNamedRelevant
C:\Users\thoma\Documents\Cyber Crimes Tools\Takeout Zips\takeout-20260602T071913Z-11-025.zip,takeout-20260602T071913Z-11-025.zip,Takeout/Drive/Unorganized/new pics 341.jpg,C:\Users\thoma\Documents\Cyber Crimes Tools\Takeout Extracted\Takeout\Drive\Unorganized\new pics 341.jpg,1142388,2013-02-28 19:09:06,ExtractNamedRelevant
C:\Users\thoma\Documents\Cyber Crimes Tools\Takeout Zips\takeout-20260602T071913Z-11-025.zip,takeout-20260602T071913Z-11-025.zip,Takeout/Drive/Unorganized/new pics 354.jpg,C:\Users\thoma\Documents\Cyber Crimes Tools\Takeout Extracted\Takeout\Drive\Unorganized\new pics 354.jpg,763191,2013-02-28 19:09:40,ExtractNamedRelevant
C:\Users\thoma\Documents\Cyber Crimes Tools\Takeout Zips\takeout-20260602T071913Z-11-025.zip,takeout-20260602T071913Z-11-025.zip,Takeout/Drive/Unorganized/new pics 353.jpg,C:\Users\thoma\Documents\Cyber Crimes Tools\Takeout Extracted\Takeout\Drive\Unorganized\new pics 353.jpg,788010,2013-02-28 19:09:36,ExtractNamedRelevant
C:\Users\thoma\Documents\Cyber Crimes Tools\Takeout Zips\takeout-20260602T071913Z-11-025.zip,takeout-20260602T071913Z-11-025.zip,Takeout/Drive/Unorganized/new pics 350.jpg,C:\Users\thoma\Documents\Cyber Crimes Tools\Takeout Extracted\Takeout\Drive\Unorganized\new pics 350.jpg,856537,2013-02-28 19:09:32,ExtractNamedRelevant
C:\Users\thoma\Documents\Cyber Crimes Tools\Takeout Zips\takeout-20260602T071913Z-11-025.zip,takeout-20260602T071913Z-11-025.zip,Takeout/Drive/Unorganized/new pics 290.jpg,C:\Users\thoma\Documents\Cyber Crimes Tools\Takeout Extracted\Takeout\Drive\Unorganized\new pics 290.jpg,780373,2013-02-28 19:07:08,ExtractNamedRelevant
C:\Users\thoma\Documents\Cyber Crimes Tools\Takeout Zips\takeout-20260602T071913Z-11-025.zip,takeout-20260602T071913Z-11-025.zip,Takeout/Drive/Unorganized/new pics 347.jpg,C:\Users\thoma\Documents\Cyber Crimes Tools\Takeout Extracted\Takeout\Drive\Unorganized\new pics 347.jpg,901933,2013-02-28 19:09:24,ExtractNamedRelevant
C:\Users\thoma\Documents\Cyber Crimes Tools\Takeout Zips\takeout-20260602T071913Z-11-025.zip,takeout-20260602T071913Z-11-025.zip,Takeout/Drive/Unorganized/new pics 286.jpg,C:\Users\thoma\Documents\Cyber Crimes Tools\Takeout Extracted\Takeout\Drive\Unorganized\new pics 286.jpg,689933,2013-02-28 19:06:58,ExtractNamedRelevant
C:\Users\thoma\Documents\Cyber Crimes Tools\Takeout Zips\takeout-20260602T071913Z-11-025.zip,takeout-20260602T071913Z-11-025.zip,Takeout/Drive/Unorganized/new pics 326.jpg,C:\Users\thoma\Documents\Cyber Crimes Tools\Takeout Extracted\Takeout\Drive\Unorganized\new pics 326.jpg,757129,2013-02-28 19:08:54,ExtractNamedRelevant
C:\Users\thoma\Documents\Cyber Crimes Tools\Takeout Zips\takeout-20260602T071913Z-11-025.zip,takeout-20260602T071913Z-11-025.zip,Takeout/Drive/Unorganized/new pics 339.jpg,C:\Users\thoma\Documents\Cyber Crimes Tools\Takeout Extracted\Takeout\Drive\Unorganized\new pics 339.jpg,1089866,2013-02-28 19:09:00,ExtractNamedRelevant
C:\Users\thoma\Documents\Cyber Crimes Tools\Takeout Zips\takeout-20260602T071913Z-11-025.zip,takeout-20260602T071913Z-11-025.zip,Takeout/Drive/Unorganized/new pics 322.jpg,C:\Users\thoma\Documents\Cyber Crimes Tools\Takeout Extracted\Takeout\Drive\Unorganized\new pics 322.jpg,645345,2013-02-28 19:08:44,ExtractNamedRelevant
C:\Users\thoma\Documents\Cyber Crimes Tools\Takeout Zips\takeout-20260602T071913Z-11-025.zip,takeout-20260602T071913Z-11-025.zip,Takeout/Drive/Unorganized/new pics 345.jpg,C:\Users\thoma\Documents\Cyber Crimes Tools\Takeout Extracted\Takeout\Drive\Unorganized\new pics 345.jpg,996363,2013-02-28 19:09:18,ExtractNamedRelevant
C:\Users\thoma\Documents\Cyber Crimes Tools\Takeout Zips\takeout-20260602T071913Z-11-025.zip,takeout-20260602T071913Z-11-025.zip,Takeout/Drive/Unorganized/new pics 320.jpg,C:\Users\thoma\Documents\Cyber Crimes Tools\Takeout Extracted\Takeout\Drive\Unorganized\new pics 320.jpg,715986,2013-02-28 19:08:40,ExtractNamedRelevant
C:\Users\thoma\Documents\Cyber Crimes Tools\Takeout Zips\takeout-20260602T071913Z-11-025.zip,takeout-20260602T071913Z-11-025.zip,Takeout/Drive/Unorganized/new pics 343.jpg,C:\Users\thoma\Documents\Cyber Crimes Tools\Takeout Extracted\Takeout\Drive\Unorganized\new pics 343.jpg,1104862,2013-02-28 19:09:12,ExtractNamedRelevant
C:\Users\thoma\Documents\Cyber Crimes Tools\Takeout Zips\takeout-20260602T071913Z-11-025.zip,takeout-20260602T071913Z-11-025.zip,Takeout/Drive/Unorganized/new pics 324.jpg,C:\Users\thoma\Documents\Cyber Crimes Tools\Takeout Extracted\Takeout\Drive\Unorganized\new pics 324.jpg,649317,2013-02-28 19:08:50,ExtractNamedRelevant
C:\Users\thoma\Documents\Cyber Crimes Tools\Takeout Zips\takeout-20260602T071913Z-11-025.zip,takeout-20260602T071913Z-11-025.zip,Takeout/Drive/Unorganized/new pics 261.jpg,C:\Users\thoma\Documents\Cyber Crimes Tools\Takeout Extracted\Takeout\Drive\Unorganized\new pics 261.jpg,694033,2013-02-28 19:06:06,ExtractNamedRelevant
C:\Users\thoma\Documents\Cyber Crimes Tools\Takeout Zips\takeout-20260602T071913Z-11-025.zip,takeout-20260602T071913Z-11-025.zip,Takeout/Drive/Unorganized/new pics 318.jpg,C:\Users\thoma\Documents\Cyber Crimes Tools\Takeout Extracted\Takeout\Drive\Unorganized\new pics 318.jpg,681528,2013-02-28 19:08:36,ExtractNamedRelevant
C:\Users\thoma\Documents\Cyber Crimes Tools\Takeout Zips\takeout-20260602T071913Z-11-025.zip,takeout-20260602T071913Z-11-025.zip,Takeout/Drive/Unorganized/new pics 276.jpg,C:\Users\thoma\Documents\Cyber Crimes Tools\Takeout Extracted\Takeout\Drive\Unorganized\new pics 276.jpg,644089,2013-02-28 19:06:36,ExtractNamedRelevant
C:\Users\thoma\Documents\Cyber Crimes Tools\Takeout Zips\takeout-20260602T071913Z-11-025.zip,takeout-20260602T071913Z-11-025.zip,Takeout/Drive/Unorganized/new pics 315.jpg,C:\Users\thoma\Documents\Cyber Crimes Tools\Takeout Extracted\Takeout\Drive\Unorganized\new pics 315.jpg,724812,2013-02-28 19:08:28,ExtractNamedRelevant
C:\Users\thoma\Documents\Cyber Crimes Tools\Takeout Zips\takeout-20260602T071913Z-11-025.zip,takeout-20260602T071913Z-11-025.zip,Takeout/Drive/Unorganized/new pics 316.jpg,C:\Users\thoma\Documents\Cyber Crimes Tools\Takeout Extracted\Takeout\Drive\Unorganized\new pics 316.jpg,720067,2013-02-28 19:08:32,ExtractNamedRelevant
C:\Users\thoma\Documents\Cyber Crimes Tools\Takeout Zips\takeout-20260602T071913Z-11-025.zip,takeout-20260602T071913Z-11-025.zip,Takeout/Drive/Unorganized/new pics 255.jpg,C:\Users\thoma\Documents\Cyber Crimes Tools\Takeout Extracted\Takeout\Drive\Unorganized\new pics 255.jpg,1143738,2013-02-28 19:05:56,ExtractNamedRelevant
C:\Users\thoma\Documents\Cyber Crimes Tools\Takeout Zips\takeout-20260602T071913Z-11-025.zip,takeout-20260602T071913Z-11-025.zip,Takeout/Drive/Diagram template.pptx,C:\Users\thoma\Documents\Cyber Crimes Tools\Takeout Extracted\Takeout\Drive\Diagram template.pptx,2783513,2024-12-11 13:02:50,ExtractEvidenceType
C:\Users\thoma\Documents\Cyber Crimes Tools\Takeout Zips\takeout-20260602T071913Z-11-025.zip,takeout-20260602T071913Z-11-025.zip,Takeout/Drive/Unorganized/new pics 292.jpg,C:\Users\thoma\Documents\Cyber Crimes Tools\Takeout Extracted\Takeout\Drive\Unorganized\new pics 292.jpg,807559,2013-02-28 19:07:14,ExtractNamedRelevant
C:\Users\thoma\Documents\Cyber Crimes Tools\Takeout Zips\takeout-20260602T071913Z-11-025.zip,takeout-20260602T071913Z-11-025.zip,Takeout/Drive/Unorganized/new pics 288.jpg,C:\Users\thoma\Documents\Cyber Crimes Tools\Takeout Extracted\Takeout\Drive\Unorganized\new pics 288.jpg,700496,2013-02-28 19:07:04,ExtractNamedRelevant
C:\Users\thoma\Documents\Cyber Crimes Tools\Takeout Zips\takeout-20260602T071913Z-11-025.zip,takeout-20260602T071913Z-11-025.zip,Takeout/Drive/Unorganized/new pics 282.jpg,C:\Users\thoma\Documents\Cyber Crimes Tools\Takeout Extracted\Takeout\Drive\Unorganized\new pics 282.jpg,1166177,2013-02-28 19:06:52,ExtractNamedRelevant
C:\Users\thoma\Documents\Cyber Crimes Tools\Takeout Zips\takeout-20260602T071913Z-11-025.zip,takeout-20260602T071913Z-11-025.zip,Takeout/Drive/Unorganized/new pics 263.jpg,C:\Users\thoma\Documents\Cyber Crimes Tools\Takeout Extracted\Takeout\Drive\Unorganized\new pics 263.jpg,640023,2013-02-28 19:06:28,ExtractNamedRelevant
C:\Users\thoma\Documents\Cyber Crimes Tools\Takeout Zips\takeout-20260602T071913Z-11-025.zip,takeout-20260602T071913Z-11-025.zip,Takeout/Drive/Unorganized/new pics 243.jpg,C:\Users\thoma\Documents\Cyber Crimes Tools\Takeout Extracted\Takeout\Drive\Unorganized\new pics 243.jpg,935545,2013-02-28 19:05:26,ExtractNamedRelevant
C:\Users\thoma\Documents\Cyber Crimes Tools\Takeout Zips\takeout-20260602T071913Z-11-025.zip,takeout-20260602T071913Z-11-025.zip,Takeout/Drive/Unorganized/new pics 278.jpg,C:\Users\thoma\Documents\Cyber Crimes Tools\Takeout Extracted\Takeout\Drive\Unorganized\new pics 278.jpg,666145,2013-02-28 19:06:40,ExtractNamedRelevant
C:\Users\thoma\Documents\Cyber Crimes Tools\Takeout Zips\takeout-20260602T071913Z-11-025.zip,takeout-20260602T071913Z-11-025.zip,Takeout/Drive/Unorganized/new pics 281.jpg,C:\Users\thoma\Documents\Cyber Crimes Tools\Takeout Extracted\Takeout\Drive\Unorganized\new pics 281.jpg,704592,2013-02-28 19:06:46,ExtractNamedRelevant
C:\Users\thoma\Documents\Cyber Crimes Tools\Takeout Zips\takeout-20260602T071913Z-11-025.zip,takeout-20260602T071913Z-11-025.zip,Takeout/Drive/Unorganized/new pics 257.jpg,C:\Users\thoma\Documents\Cyber Crimes Tools\Takeout Extracted\Takeout\Drive\Unorganized\new pics 257.jpg,1131234,2013-02-28 19:06:02,ExtractNamedRelevant
C:\Users\thoma\Documents\Cyber Crimes Tools\Takeout Zips\takeout-20260602T071913Z-11-025.zip,takeout-20260602T071913Z-11-025.zip,Takeout/Drive/Unorganized/new pics 265.jpg,C:\Users\thoma\Documents\Cyber Crimes Tools\Takeout Extracted\Takeout\Drive\Unorganized\new pics 265.jpg,724591,2013-02-28 19:06:32,ExtractNamedRelevant
C:\Users\thoma\Documents\Cyber Crimes Tools\Takeout Zips\takeout-20260602T071913Z-11-025.zip,takeout-20260602T071913Z-11-025.zip,Takeout/Drive/Unorganized/new pics 249.jpg,C:\Users\thoma\Documents\Cyber Crimes Tools\Takeout Extracted\Takeout\Drive\Unorganized\new pics 249.jpg,1078831,2013-02-28 19:05:38,ExtractNamedRelevant
C:\Users\thoma\Documents\Cyber Crimes Tools\Takeout Zips\takeout-20260602T071913Z-11-025.zip,takeout-20260602T071913Z-11-025.zip,Takeout/Drive/Unorganized/Race track - Dec 2010 (40).JPG,C:\Users\thoma\Documents\Cyber Crimes Tools\Takeout Extracted\Takeout\Drive\Unorganized\Race track - Dec 2010 (40).JPG,1786866,2013-02-28 21:46:40,ExtractNamedRelevant
C:\Users\thoma\Documents\Cyber Crimes Tools\Takeout Zips\takeout-20260602T071913Z-11-025.zip,takeout-20260602T071913Z-11-025.zip,Takeout/Drive/Unorganized/new pics 253.jpg,C:\Users\thoma\Documents\Cyber Crimes Tools\Takeout Extracted\Takeout\Drive\Unorganized\new pics 253.jpg,748027,2013-02-28 19:05:50,ExtractNamedRelevant
C:\Users\thoma\Documents\Cyber Crimes Tools\Takeout Zips\takeout-20260602T071913Z-11-025.zip,takeout-20260602T071913Z-11-025.zip,Takeout/Drive/Unorganized/new pics 251.jpg,C:\Users\thoma\Documents\Cyber Crimes Tools\Takeout Extracted\Takeout\Drive\Unorganized\new pics 251.jpg,1003077,2013-02-28 19:05:44,ExtractNamedRelevant
C:\Users\thoma\Documents\Cyber Crimes Tools\Takeout Zips\takeout-20260602T071913Z-11-025.zip,takeout-20260602T071913Z-11-025.zip,Takeout/Drive/Unorganized/new pics 247.jpg,C:\Users\thoma\Documents\Cyber Crimes Tools\Takeout Extracted\Takeout\Drive\Unorganized\new pics 247.jpg,857980,2013-02-28 19:05:32,ExtractNamedRelevant
C:\Users\thoma\Documents\Cyber Crimes Tools\Takeout Zips\takeout-20260602T071913Z-11-025.zip,takeout-20260602T071913Z-11-025.zip,Takeout/Drive/Unorganized/new pics 312.jpg,C:\Users\thoma\Documents\Cyber Crimes Tools\Takeout Extracted\Takeout\Drive\Unorganized\new pics 312.jpg,606552,2013-02-28 19:08:22,ExtractNamedRelevant
C:\Users\thoma\Documents\Cyber Crimes Tools\Takeout Zips\takeout-20260602T071913Z-11-025.zip,takeout-20260602T071913Z-11-025.zip,Takeout/Drive/Unorganized/new pics 308.jpg,C:\Users\thoma\Documents\Cyber Crimes Tools\Takeout Extracted\Takeout\Drive\Unorganized\new pics 308.jpg,723316,2013-02-28 19:08:12,ExtractNamedRelevant
C:\Users\thoma\Documents\Cyber Crimes Tools\Takeout Zips\takeout-20260602T071913Z-11-025.zip,takeout-20260602T071913Z-11-025.zip,Takeout/Drive/Unorganized/new pics 306.jpg,C:\Users\thoma\Documents\Cyber Crimes Tools\Takeout Extracted\Takeout\Drive\Unorganized\new pics 306.jpg,799115,2013-02-28 19:08:08,ExtractNamedRelevant
C:\Users\thoma\Documents\Cyber Crimes Tools\Takeout Zips\takeout-20260602T071913Z-11-025.zip,takeout-20260602T071913Z-11-025.zip,Takeout/Drive/Unorganized/new pics 311.jpg,C:\Users\thoma\Documents\Cyber Crimes Tools\Takeout Extracted\Takeout\Drive\Unorganized\new pics 311.jpg,807324,2013-02-28 19:08:18,ExtractNamedRelevant
C:\Users\thoma\Documents\Cyber Crimes Tools\Takeout Zips\takeout-20260602T071913Z-11-025.zip,takeout-20260602T071913Z-11-025.zip,Takeout/Drive/Unorganized/new pics 239.jpg,C:\Users\thoma\Documents\Cyber Crimes Tools\Takeout Extracted\Takeout\Drive\Unorganized\new pics 239.jpg,1010590,2013-02-28 19:05:14,ExtractNamedRelevant
C:\Users\thoma\Documents\Cyber Crimes Tools\Takeout Zips\takeout-20260602T071913Z-11-025.zip,takeout-20260602T071913Z-11-025.zip,Takeout/Drive/Unorganized/Race track - Dec 2010 (29).JPG,C:\Users\thoma\Documents\Cyber Crimes Tools\Takeout Extracted\Takeout\Drive\Unorganized\Race track - Dec 2010 (29).JPG,1813547,2013-02-28 21:37:30,ExtractNamedRelevant
C:\Users\thoma\Documents\Cyber Crimes Tools\Takeout Zips\takeout-20260602T071913Z-11-025.zip,takeout-20260602T071913Z-11-025.zip,Takeout/Drive/Unorganized/new pics 302.jpg,C:\Users\thoma\Documents\Cyber Crimes Tools\Takeout Extracted\Takeout\Drive\Unorganized\new pics 302.jpg,857137,2013-02-28 19:07:56,ExtractNamedRelevant
C:\Users\thoma\Documents\Cyber Crimes Tools\Takeout Zips\takeout-20260602T071913Z-11-025.zip,takeout-20260602T071913Z-11-025.zip,Takeout/Drive/Unorganized/new pics 241.jpg,C:\Users\thoma\Documents\Cyber Crimes Tools\Takeout Extracted\Takeout\Drive\Unorganized\new pics 241.jpg,942632,2013-02-28 19:05:20,ExtractNamedRelevant
C:\Users\thoma\Documents\Cyber Crimes Tools\Takeout Zips\takeout-20260602T071913Z-11-025.zip,takeout-20260602T071913Z-11-025.zip,Takeout/Drive/Unorganized/new pics 304.jpg,C:\Users\thoma\Documents\Cyber Crimes Tools\Takeout Extracted\Takeout\Drive\Unorganized\new pics 304.jpg,860148,2013-02-28 19:08:04,ExtractNamedRelevant
C:\Users\thoma\Documents\Cyber Crimes Tools\Takeout Zips\takeout-20260602T071913Z-11-025.zip,takeout-20260602T071913Z-11-025.zip,Takeout/Drive/Unorganized/new pics 298.jpg,C:\Users\thoma\Documents\Cyber Crimes Tools\Takeout Extracted\Takeout\Drive\Unorganized\new pics 298.jpg,788839,2013-02-28 19:07:46,ExtractNamedRelevant
C:\Users\thoma\Documents\Cyber Crimes Tools\Takeout Zips\takeout-20260602T071913Z-11-025.zip,takeout-20260602T071913Z-11-025.zip,Takeout/Drive/Unorganized/new pics 300.jpg,C:\Users\thoma\Documents\Cyber Crimes Tools\Takeout Extracted\Takeout\Drive\Unorganized\new pics 300.jpg,751561,2013-02-28 19:07:50,ExtractNamedRelevant
C:\Users\thoma\Documents\Cyber Crimes Tools\Takeout Zips\takeout-20260602T071913Z-11-025.zip,takeout-20260602T071913Z-11-025.zip,Takeout/Drive/Unorganized/204_1394.MOV,C:\Users\thoma\Documents\Cyber Crimes Tools\Takeout Extracted\Takeout\Drive\Unorganized\204_1394.MOV,49129380,2013-02-28 22:39:40,SkipLargeMediaEvenIfNamed
C:\Users\thoma\Documents\Cyber Crimes Tools\Takeout Zips\takeout-20260602T071913Z-11-025.zip,takeout-20260602T071913Z-11-025.zip,Takeout/Drive/Unorganized/new pics 133.jpg,C:\Users\thoma\Documents\Cyber Crimes Tools\Takeout Extracted\Takeout\Drive\Unorganized\new pics 133.jpg,735605,2013-02-28 19:04:12,ExtractNamedRelevant
C:\Users\thoma\Documents\Cyber Crimes Tools\Takeout Zips\takeout-20260602T071913Z-11-025.zip,takeout-20260602T071913Z-11-025.zip,Takeout/Drive/Unorganized/new pics 237.jpg,C:\Users\thoma\Documents\Cyber Crimes Tools\Takeout Extracted\Takeout\Drive\Unorganized\new pics 237.jpg,978962,2013-02-28 19:05:08,ExtractNamedRelevant
C:\Users\thoma\Documents\Cyber Crimes Tools\Takeout Zips\takeout-20260602T071913Z-11-025.zip,takeout-20260602T071913Z-11-025.zip,Takeout/Drive/Unorganized/new pics 296.jpg,C:\Users\thoma\Documents\Cyber Crimes Tools\Takeout Extracted\Takeout\Drive\Unorganized\new pics 296.jpg,728148,2013-02-28 19:07:40,ExtractNamedRelevant
C:\Users\thoma\Documents\Cyber Crimes Tools\Takeout Zips\takeout-20260602T071913Z-11-025.zip,takeout-20260602T071913Z-11-025.zip,Takeout/Drive/Unorganized/new pics 235.jpg,C:\Users\thoma\Documents\Cyber Crimes Tools\Takeout Extracted\Takeout\Drive\Unorganized\new pics 235.jpg,855715,2013-02-28 19:05:04,ExtractNamedRelevant
C:\Users\thoma\Documents\Cyber Crimes Tools\Takeout Zips\takeout-20260602T071913Z-11-025.zip,takeout-20260602T071913Z-11-025.zip,Takeout/Drive/Unorganized/new pics 294.jpg,C:\Users\thoma\Documents\Cyber Crimes Tools\Takeout Extracted\Takeout\Drive\Unorganized\new pics 294.jpg,593926,2013-02-28 19:07:18,ExtractNamedRelevant
C:\Users\thoma\Documents\Cyber Crimes Tools\Takeout Zips\takeout-20260602T071913Z-11-025.zip,takeout-20260602T071913Z-11-025.zip,Takeout/Drive/Unorganized/new pics 233.jpg,C:\Users\thoma\Documents\Cyber Crimes Tools\Takeout Extracted\Takeout\Drive\Unorganized\new pics 233.jpg,938517,2013-02-28 19:04:58,ExtractNamedRelevant
C:\Users\thoma\Documents\Cyber Crimes Tools\Takeout Zips\takeout-20260602T071913Z-11-025.zip,takeout-20260602T071913Z-11-025.zip,Takeout/Drive/Unorganized/Race track - Dec 2010 (31).JPG,C:\Users\thoma\Documents\Cyber Crimes Tools\Takeout Extracted\Takeout\Drive\Unorganized\Race track - Dec 2010 (31).JPG,1747907,2013-02-28 21:39:34,ExtractNamedRelevant
C:\Users\thoma\Documents\Cyber Crimes Tools\Takeout Zips\takeout-20260602T071913Z-11-025.zip,takeout-20260602T071913Z-11-025.zip,Takeout/Drive/Unorganized/new pics 230.jpg,C:\Users\thoma\Documents\Cyber Crimes Tools\Takeout Extracted\Takeout\Drive\Unorganized\new pics 230.jpg,26060,2013-02-28 19:04:48,ExtractNamedRelevant
C:\Users\thoma\Documents\Cyber Crimes Tools\Takeout Zips\takeout-20260602T071913Z-11-025.zip,takeout-20260602T071913Z-11-025.zip,Takeout/Drive/Unorganized/new pics 224.jpg,C:\Users\thoma\Documents\Cyber Crimes Tools\Takeout Extracted\Takeout\Drive\Unorganized\new pics 224.jpg,29649,2013-02-28 19:04:32,ExtractNamedRelevant
C:\Users\thoma\Documents\Cyber Crimes Tools\Takeout Zips\takeout-20260602T071913Z-11-025.zip,takeout-20260602T071913Z-11-025.zip,Takeout/Drive/Unorganized/new pics 231.jpg,C:\Users\thoma\Documents\Cyber Crimes Tools\Takeout Extracted\Takeout\Drive\Unorganized\new pics 231.jpg,980775,2013-02-28 19:04:52,ExtractNamedRelevant
C:\Users\thoma\Documents\Cyber Crimes Tools\Takeout Zips\takeout-20260602T071913Z-11-025.zip,takeout-20260602T071913Z-11-025.zip,Takeout/Drive/Unorganized/new pics 228.jpg,C:\Users\thoma\Documents\Cyber Crimes Tools\Takeout Extracted\Takeout\Drive\Unorganized\new pics 228.jpg,27578,2013-02-28 19:04:42,ExtractNamedRelevant
C:\Users\thoma\Documents\Cyber Crimes Tools\Takeout Zips\takeout-20260602T071913Z-11-025.zip,takeout-20260602T071913Z-11-025.zip,Takeout/Drive/Unorganized/new pics 227.jpg,C:\Users\thoma\Documents\Cyber Crimes Tools\Takeout Extracted\Takeout\Drive\Unorganized\new pics 227.jpg,921327,2013-02-28 19:04:40,ExtractNamedRelevant
C:\Users\thoma\Documents\Cyber Crimes Tools\Takeout Zips\takeout-20260602T071913Z-11-025.zip,takeout-20260602T071913Z-11-025.zip,Takeout/Drive/Unorganized/new pics 229.jpg,C:\Users\thoma\Documents\Cyber Crimes Tools\Takeout Extracted\Takeout\Drive\Unorganized\new pics 229.jpg,924718,2013-02-28 19:04:46,ExtractNamedRelevant
C:\Users\thoma\Documents\Cyber Crimes Tools\Takeout Zips\takeout-20260602T071913Z-11-025.zip,takeout-20260602T071913Z-11-025.zip,Takeout/Drive/Unorganized/new pics 225.jpg,C:\Users\thoma\Documents\Cyber Crimes Tools\Takeout Extracted\Takeout\Drive\Unorganized\new pics 225.jpg,896318,2013-02-28 19:04:36,ExtractNamedRelevant
C:\Users\thoma\Documents\Cyber Crimes Tools\Takeout Zips\takeout-20260602T071913Z-11-025.zip,takeout-20260602T071913Z-11-025.zip,Takeout/Drive/Unorganized/204_1400.JPG,C:\Users\thoma\Documents\Cyber Crimes Tools\Takeout Extracted\Takeout\Drive\Unorganized\204_1400.JPG,1016506,2013-02-28 22:40:08,ExtractNamedRelevant
C:\Users\thoma\Documents\Cyber Crimes Tools\Takeout Zips\takeout-20260602T071913Z-11-025.zip,takeout-20260602T071913Z-11-025.zip,Takeout/Drive/Unorganized/NicollesHouse12-21-10 (12).JPG,C:\Users\thoma\Documents\Cyber Crimes Tools\Takeout Extracted\Takeout\Drive\Unorganized\NicollesHouse12-21-10 (12).JPG,2111664,2013-02-28 19:12:48,ExtractNamedRelevant
C:\Users\thoma\Documents\Cyber Crimes Tools\Takeout Zips\takeout-20260602T071913Z-11-025.zip,takeout-20260602T071913Z-11-025.zip,Takeout/Drive/Unorganized/new pics 222.jpg,C:\Users\thoma\Documents\Cyber Crimes Tools\Takeout Extracted\Takeout\Drive\Unorganized\new pics 222.jpg,28969,2013-02-28 19:04:24,ExtractNamedRelevant
C:\Users\thoma\Documents\Cyber Crimes Tools\Takeout Zips\takeout-20260602T071913Z-11-025.zip,takeout-20260602T071913Z-11-025.zip,Takeout/Drive/Unorganized/new pics 132.jpg,C:\Users\thoma\Documents\Cyber Crimes Tools\Takeout Extracted\Takeout\Drive\Unorganized\new pics 132.jpg,23605,2013-02-28 19:04:08,ExtractNamedRelevant
C:\Users\thoma\Documents\Cyber Crimes Tools\Takeout Zips\takeout-20260602T071913Z-11-025.zip,takeout-20260602T071913Z-11-025.zip,Takeout/Drive/Unorganized/new pics 223.jpg,C:\Users\thoma\Documents\Cyber Crimes Tools\Takeout Extracted\Takeout\Drive\Unorganized\new pics 223.jpg,1178390,2013-02-28 19:04:30,ExtractNamedRelevant
C:\Users\thoma\Documents\Cyber Crimes Tools\Takeout Zips\takeout-20260602T071913Z-11-025.zip,takeout-20260602T071913Z-11-025.zip,Takeout/Drive/Unorganized/new pics 232.jpg,C:\Users\thoma\Documents\Cyber Crimes Tools\Takeout Extracted\Takeout\Drive\Unorganized\new pics 232.jpg,27802,2013-02-28 19:04:54,ExtractNamedRelevant
C:\Users\thoma\Documents\Cyber Crimes Tools\Takeout Zips\takeout-20260602T071913Z-11-025.zip,takeout-20260602T071913Z-11-025.zip,Takeout/Drive/Unorganized/new pics 221.jpg,C:\Users\thoma\Documents\Cyber Crimes Tools\Takeout Extracted\Takeout\Drive\Unorganized\new pics 221.jpg,1180735,2013-02-28 19:04:24,ExtractNamedRelevant
C:\Users\thoma\Documents\Cyber Crimes Tools\Takeout Zips\takeout-20260602T071913Z-11-025.zip,takeout-20260602T071913Z-11-025.zip,Takeout/Drive/Unorganized/new pics 216.jpg,C:\Users\thoma\Documents\Cyber Crimes Tools\Takeout Extracted\Takeout\Drive\Unorganized\new pics 216.jpg,20535,2013-02-28 19:04:18,ExtractNamedRelevant
C:\Users\thoma\Documents\Cyber Crimes Tools\Takeout Zips\takeout-20260602T071913Z-11-025.zip,takeout-20260602T071913Z-11-025.zip,Takeout/Drive/Unorganized/new pics 134.jpg,C:\Users\thoma\Documents\Cyber Crimes Tools\Takeout Extracted\Takeout\Drive\Unorganized\new pics 134.jpg,24486,2013-02-28 19:04:14,ExtractNamedRelevant
C:\Users\thoma\Documents\Cyber Crimes Tools\Takeout Zips\takeout-20260602T071913Z-11-025.zip,takeout-20260602T071913Z-11-025.zip,Takeout/Drive/Unorganized/new pics 104.jpg,C:\Users\thoma\Documents\Cyber Crimes Tools\Takeout Extracted\Takeout\Drive\Unorganized\new pics 104.jpg,1161628,2013-02-28 19:03:14,ExtractNamedRelevant
C:\Users\thoma\Documents\Cyber Crimes Tools\Takeout Zips\takeout-20260602T071913Z-11-025.zip,takeout-20260602T071913Z-11-025.zip,Takeout/Drive/Unorganized/new pics 125.jpg,C:\Users\thoma\Documents\Cyber Crimes Tools\Takeout Extracted\Takeout\Drive\Unorganized\new pics 125.jpg,20772,2013-02-28 19:03:50,ExtractNamedRelevant
C:\Users\thoma\Documents\Cyber Crimes Tools\Takeout Zips\takeout-20260602T071913Z-11-025.zip,takeout-20260602T071913Z-11-025.zip,Takeout/Drive/Unorganized/new pics 130.jpg,C:\Users\thoma\Documents\Cyber Crimes Tools\Takeout Extracted\Takeout\Drive\Unorganized\new pics 130.jpg,834146,2013-02-28 19:04:04,ExtractNamedRelevant
C:\Users\thoma\Documents\Cyber Crimes Tools\Takeout Zips\takeout-20260602T071913Z-11-025.zip,takeout-20260602T071913Z-11-025.zip,Takeout/Drive/Unorganized/new pics 126.jpg,C:\Users\thoma\Documents\Cyber Crimes Tools\Takeout Extracted\Takeout\Drive\Unorganized\new pics 126.jpg,778107,2013-02-28 19:03:54,ExtractNamedRelevant
C:\Users\thoma\Documents\Cyber Crimes Tools\Takeout Zips\takeout-20260602T071913Z-11-025.zip,takeout-20260602T071913Z-11-025.zip,Takeout/Drive/Unorganized/new pics 131.jpg,C:\Users\thoma\Documents\Cyber Crimes Tools\Takeout Extracted\Takeout\Drive\Unorganized\new pics 131.jpg,916116,2013-02-28 19:04:08,ExtractNamedRelevant
C:\Users\thoma\Documents\Cyber Crimes Tools\Takeout Zips\takeout-20260602T071913Z-11-025.zip,takeout-20260602T071913Z-11-025.zip,Takeout/Drive/Unorganized/new pics 129.jpg,C:\Users\thoma\Documents\Cyber Crimes Tools\Takeout Extracted\Takeout\Drive\Unorganized\new pics 129.jpg,25697,2013-02-28 19:04:00,ExtractNamedRelevant
C:\Users\thoma\Documents\Cyber Crimes Tools\Takeout Zips\takeout-20260602T071913Z-11-025.zip,takeout-20260602T071913Z-11-025.zip,Takeout/Drive/Unorganized/new pics 098.jpg,C:\Users\thoma\Documents\Cyber Crimes Tools\Takeout Extracted\Takeout\Drive\Unorganized\new pics 098.jpg,1079050,2013-02-28 19:02:56,ExtractNamedRelevant
C:\Users\thoma\Documents\Cyber Crimes Tools\Takeout Zips\takeout-20260602T071913Z-11-025.zip,takeout-20260602T071913Z-11-025.zip,Takeout/Drive/Unorganized/new pics 128.jpg,C:\Users\thoma\Documents\Cyber Crimes Tools\Takeout Extracted\Takeout\Drive\Unorganized\new pics 128.jpg,22666,2013-02-28 19:03:58,ExtractNamedRelevant
C:\Users\thoma\Documents\Cyber Crimes Tools\Takeout Zips\takeout-20260602T071913Z-11-025.zip,takeout-20260602T071913Z-11-025.zip,Takeout/Drive/Unorganized/new pics 116.jpg,C:\Users\thoma\Documents\Cyber Crimes Tools\Takeout Extracted\Takeout\Drive\Unorganized\new pics 116.jpg,940426,2013-02-28 19:03:48,ExtractNamedRelevant
C:\Users\thoma\Documents\Cyber Crimes Tools\Takeout Zips\takeout-20260602T071913Z-11-025.zip,takeout-20260602T071913Z-11-025.zip,Takeout/Drive/Unorganized/new pics 127.jpg,C:\Users\thoma\Documents\Cyber Crimes Tools\Takeout Extracted\Takeout\Drive\Unorganized\new pics 127.jpg,718447,2013-02-28 19:03:58,ExtractNamedRelevant
C:\Users\thoma\Documents\Cyber Crimes Tools\Takeout Zips\takeout-20260602T071913Z-11-025.zip,takeout-20260602T071913Z-11-025.zip,Takeout/Drive/Unorganized/new pics 215.jpg,C:\Users\thoma\Documents\Cyber Crimes Tools\Takeout Extracted\Takeout\Drive\Unorganized\new pics 215.jpg,995773,2013-02-28 19:04:18,ExtractNamedRelevant
C:\Users\thoma\Documents\Cyber Crimes Tools\Takeout Zips\takeout-20260602T071913Z-11-025.zip,takeout-20260602T071913Z-11-025.zip,Takeout/Drive/Unorganized/new pics 114.jpg,C:\Users\thoma\Documents\Cyber Crimes Tools\Takeout Extracted\Takeout\Drive\Unorganized\new pics 114.jpg,956672,2013-02-28 19:03:42,ExtractNamedRelevant
C:\Users\thoma\Documents\Cyber Crimes Tools\Takeout Zips\takeout-20260602T071913Z-11-025.zip,takeout-20260602T071913Z-11-025.zip,Takeout/Drive/Unorganized/new pics 117.jpg,C:\Users\thoma\Documents\Cyber Crimes Tools\Takeout Extracted\Takeout\Drive\Unorganized\new pics 117.jpg,28284,2013-02-28 19:03:48,ExtractNamedRelevant
C:\Users\thoma\Documents\Cyber Crimes Tools\Takeout Zips\takeout-20260602T071913Z-11-025.zip,takeout-20260602T071913Z-11-025.zip,Takeout/Drive/Unorganized/new pics 113.jpg,C:\Users\thoma\Documents\Cyber Crimes Tools\Takeout Extracted\Takeout\Drive\Unorganized\new pics 113.jpg,29870,2013-02-28 19:03:38,ExtractNamedRelevant
C:\Users\thoma\Documents\Cyber Crimes Tools\Takeout Zips\takeout-20260602T071913Z-11-025.zip,takeout-20260602T071913Z-11-025.zip,Takeout/Drive/Unorganized/new pics 107.jpg,C:\Users\thoma\Documents\Cyber Crimes Tools\Takeout Extracted\Takeout\Drive\Unorganized\new pics 107.jpg,31212,2013-02-28 19:03:22,ExtractNamedRelevant
C:\Users\thoma\Documents\Cyber Crimes Tools\Takeout Zips\takeout-20260602T071913Z-11-025.zip,takeout-20260602T071913Z-11-025.zip,Takeout/Drive/Unorganized/new pics 110.jpg,C:\Users\thoma\Documents\Cyber Crimes Tools\Takeout Extracted\Takeout\Drive\Unorganized\new pics 110.jpg,919343,2013-02-28 19:03:30,ExtractNamedRelevant
C:\Users\thoma\Documents\Cyber Crimes Tools\Takeout Zips\takeout-20260602T071913Z-11-025.zip,takeout-20260602T071913Z-11-025.zip,Takeout/Drive/Unorganized/new pics 109.jpg,C:\Users\thoma\Documents\Cyber Crimes Tools\Takeout Extracted\Takeout\Drive\Unorganized\new pics 109.jpg,28786,2013-02-28 19:03:26,ExtractNamedRelevant
C:\Users\thoma\Documents\Cyber Crimes Tools\Takeout Zips\takeout-20260602T071913Z-11-025.zip,takeout-20260602T071913Z-11-025.zip,Takeout/Drive/Unorganized/new pics 108.jpg,C:\Users\thoma\Documents\Cyber Crimes Tools\Takeout Extracted\Takeout\Drive\Unorganized\new pics 108.jpg,956233,2013-02-28 19:03:26,ExtractNamedRelevant
C:\Users\thoma\Documents\Cyber Crimes Tools\Takeout Zips\takeout-20260602T071913Z-11-025.zip,takeout-20260602T071913Z-11-025.zip,Takeout/Drive/Unorganized/new pics 105.jpg,C:\Users\thoma\Documents\Cyber Crimes Tools\Takeout Extracted\Takeout\Drive\Unorganized\new pics 105.jpg,31510,2013-02-28 19:03:16,ExtractNamedRelevant
C:\Users\thoma\Documents\Cyber Crimes Tools\Takeout Zips\takeout-20260602T071913Z-11-025.zip,takeout-20260602T071913Z-11-025.zip,Takeout/Drive/Unorganized/new pics 103.jpg,C:\Users\thoma\Documents\Cyber Crimes Tools\Takeout Extracted\Takeout\Drive\Unorganized\new pics 103.jpg,34741,2013-02-28 19:03:10,ExtractNamedRelevant
C:\Users\thoma\Documents\Cyber Crimes Tools\Takeout Zips\takeout-20260602T071913Z-11-025.zip,takeout-20260602T071913Z-11-025.zip,Takeout/Drive/Unorganized/new pics 102.jpg,C:\Users\thoma\Documents\Cyber Crimes Tools\Takeout Extracted\Takeout\Drive\Unorganized\new pics 102.jpg,1222261,2013-02-28 19:03:08,ExtractNamedRelevant
C:\Users\thoma\Documents\Cyber Crimes Tools\Takeout Zips\takeout-20260602T071913Z-11-025.zip,takeout-20260602T071913Z-11-025.zip,Takeout/Drive/Unorganized/new pics 096.jpg,C:\Users\thoma\Documents\Cyber Crimes Tools\Takeout Extracted\Takeout\Drive\Unorganized\new pics 096.jpg,28901,2013-02-28 19:02:46,ExtractNamedRelevant
C:\Users\thoma\Documents\Cyber Crimes Tools\Takeout Zips\takeout-20260602T071913Z-11-025.zip,takeout-20260602T071913Z-11-025.zip,Takeout/Drive/Unorganized/new pics 075.jpg,C:\Users\thoma\Documents\Cyber Crimes Tools\Takeout Extracted\Takeout\Drive\Unorganized\new pics 075.jpg,22638,2013-02-28 19:01:36,ExtractNamedRelevant
C:\Users\thoma\Documents\Cyber Crimes Tools\Takeout Zips\takeout-20260602T071913Z-11-025.zip,takeout-20260602T071913Z-11-025.zip,Takeout/Drive/Unorganized/new pics 069.jpg,C:\Users\thoma\Documents\Cyber Crimes Tools\Takeout Extracted\Takeout\Drive\Unorganized\new pics 069.jpg,22954,2013-02-28 19:01:20,ExtractNamedRelevant
C:\Users\thoma\Documents\Cyber Crimes Tools\Takeout Zips\takeout-20260602T071913Z-11-025.zip,takeout-20260602T071913Z-11-025.zip,Takeout/Drive/Unorganized/new pics 101.jpg,C:\Users\thoma\Documents\Cyber Crimes Tools\Takeout Extracted\Takeout\Drive\Unorganized\new pics 101.jpg,33140,2013-02-28 19:03:04,ExtractNamedRelevant
C:\Users\thoma\Documents\Cyber Crimes Tools\Takeout Zips\takeout-20260602T071913Z-11-025.zip,takeout-20260602T071913Z-11-025.zip,Takeout/Drive/Unorganized/new pics 094.jpg,C:\Users\thoma\Documents\Cyber Crimes Tools\Takeout Extracted\Takeout\Drive\Unorganized\new pics 094.jpg,965068,2013-02-28 19:02:44,ExtractNamedRelevant
C:\Users\thoma\Documents\Cyber Crimes Tools\Takeout Zips\takeout-20260602T071913Z-11-025.zip,takeout-20260602T071913Z-11-025.zip,Takeout/Drive/Unorganized/new pics 106.jpg,C:\Users\thoma\Documents\Cyber Crimes Tools\Takeout Extracted\Takeout\Drive\Unorganized\new pics 106.jpg,987803,2013-02-28 19:03:20,ExtractNamedRelevant
C:\Users\thoma\Documents\Cyber Crimes Tools\Takeout Zips\takeout-20260602T071913Z-11-025.zip,takeout-20260602T071913Z-11-025.zip,Takeout/Drive/Unorganized/new pics 071.jpg,C:\Users\thoma\Documents\Cyber Crimes Tools\Takeout Extracted\Takeout\Drive\Unorganized\new pics 071.jpg,23896,2013-02-28 19:01:26,ExtractNamedRelevant
C:\Users\thoma\Documents\Cyber Crimes Tools\Takeout Zips\takeout-20260602T071913Z-11-025.zip,takeout-20260602T071913Z-11-025.zip,Takeout/Drive/Unorganized/new pics 093.jpg,C:\Users\thoma\Documents\Cyber Crimes Tools\Takeout Extracted\Takeout\Drive\Unorganized\new pics 093.jpg,26779,2013-02-28 19:02:38,ExtractNamedRelevant
C:\Users\thoma\Documents\Cyber Crimes Tools\Takeout Zips\takeout-20260602T071913Z-11-025.zip,takeout-20260602T071913Z-11-025.zip,Takeout/Drive/Unorganized/new pics 095.jpg,C:\Users\thoma\Documents\Cyber Crimes Tools\Takeout Extracted\Takeout\Drive\Unorganized\new pics 095.jpg,26671,2013-02-28 19:02:44,ExtractNamedRelevant
C:\Users\thoma\Documents\Cyber Crimes Tools\Takeout Zips\takeout-20260602T071913Z-11-025.zip,takeout-20260602T071913Z-11-025.zip,Takeout/Drive/Unorganized/new pics 091.jpg,C:\Users\thoma\Documents\Cyber Crimes Tools\Takeout Extracted\Takeout\Drive\Unorganized\new pics 091.jpg,31107,2013-02-28 19:02:34,ExtractNamedRelevant
C:\Users\thoma\Documents\Cyber Crimes Tools\Takeout Zips\takeout-20260602T071913Z-11-025.zip,takeout-20260602T071913Z-11-025.zip,Takeout/Drive/Unorganized/new pics 092.jpg,C:\Users\thoma\Documents\Cyber Crimes Tools\Takeout Extracted\Takeout\Drive\Unorganized\new pics 092.jpg,964894,2013-02-28 19:02:38,ExtractNamedRelevant
C:\Users\thoma\Documents\Cyber Crimes Tools\Takeout Zips\takeout-20260602T071913Z-11-025.zip,takeout-20260602T071913Z-11-025.zip,Takeout/Drive/Unorganized/new pics 097.jpg,C:\Users\thoma\Documents\Cyber Crimes Tools\Takeout Extracted\Takeout\Drive\Unorganized\new pics 097.jpg,1061386,2013-02-28 19:02:50,ExtractNamedRelevant
C:\Users\thoma\Documents\Cyber Crimes Tools\Takeout Zips\takeout-20260602T071913Z-11-025.zip,takeout-20260602T071913Z-11-025.zip,Takeout/Drive/Unorganized/new pics 099.jpg,C:\Users\thoma\Documents\Cyber Crimes Tools\Takeout Extracted\Takeout\Drive\Unorganized\new pics 099.jpg,29297,2013-02-28 19:02:56,ExtractNamedRelevant
C:\Users\thoma\Documents\Cyber Crimes Tools\Takeout Zips\takeout-20260602T071913Z-11-025.zip,takeout-20260602T071913Z-11-025.zip,Takeout/Drive/Unorganized/new pics 100.jpg,C:\Users\thoma\Documents\Cyber Crimes Tools\Takeout Extracted\Takeout\Drive\Unorganized\new pics 100.jpg,1233231,2013-02-28 19:03:02,ExtractNamedRelevant
C:\Users\thoma\Documents\Cyber Crimes Tools\Takeout Zips\takeout-20260602T071913Z-11-025.zip,takeout-20260602T071913Z-11-025.zip,Takeout/Drive/Unorganized/new pics 090.jpg,C:\Users\thoma\Documents\Cyber Crimes Tools\Takeout Extracted\Takeout\Drive\Unorganized\new pics 090.jpg,1199429,2013-02-28 19:02:32,ExtractNamedRelevant
C:\Users\thoma\Documents\Cyber Crimes Tools\Takeout Zips\takeout-20260602T071913Z-11-025.zip,takeout-20260602T071913Z-11-025.zip,Takeout/Drive/Unorganized/new pics 089.jpg,C:\Users\thoma\Documents\Cyber Crimes Tools\Takeout Extracted\Takeout\Drive\Unorganized\new pics 089.jpg,27766,2013-02-28 19:02:28,ExtractNamedRelevant
C:\Users\thoma\Documents\Cyber Crimes Tools\Takeout Zips\takeout-20260602T071913Z-11-025.zip,takeout-20260602T071913Z-11-025.zip,Takeout/Drive/Unorganized/new pics 087.jpg,C:\Users\thoma\Documents\Cyber Crimes Tools\Takeout Extracted\Takeout\Drive\Unorganized\new pics 087.jpg,28719,2013-02-28 19:02:22,ExtractNamedRelevant
C:\Users\thoma\Documents\Cyber Crimes Tools\Takeout Zips\takeout-20260602T071913Z-11-025.zip,takeout-20260602T071913Z-11-025.zip,Takeout/Drive/Unorganized/new pics 086.jpg,C:\Users\thoma\Documents\Cyber Crimes Tools\Takeout Extracted\Takeout\Drive\Unorganized\new pics 086.jpg,1088836,2013-02-28 19:02:18,ExtractNamedRelevant
C:\Users\thoma\Documents\Cyber Crimes Tools\Takeout Zips\takeout-20260602T071913Z-11-025.zip,takeout-20260602T071913Z-11-025.zip,Takeout/Drive/Unorganized/new pics 085.jpg,C:\Users\thoma\Documents\Cyber Crimes Tools\Takeout Extracted\Takeout\Drive\Unorganized\new pics 085.jpg,29794,2013-02-28 19:02:12,ExtractNamedRelevant
C:\Users\thoma\Documents\Cyber Crimes Tools\Takeout Zips\takeout-20260602T071913Z-11-025.zip,takeout-20260602T071913Z-11-025.zip,Takeout/Drive/Unorganized/new pics 084.jpg,C:\Users\thoma\Documents\Cyber Crimes Tools\Takeout Extracted\Takeout\Drive\Unorganized\new pics 084.jpg,1093472,2013-02-28 19:02:12,ExtractNamedRelevant
C:\Users\thoma\Documents\Cyber Crimes Tools\Takeout Zips\takeout-20260602T071913Z-11-025.zip,takeout-20260602T071913Z-11-025.zip,Takeout/Drive/Unorganized/new pics 082.jpg,C:\Users\thoma\Documents\Cyber Crimes Tools\Takeout Extracted\Takeout\Drive\Unorganized\new pics 082.jpg,777173,2013-02-28 19:01:56,ExtractNamedRelevant
C:\Users\thoma\Documents\Cyber Crimes Tools\Takeout Zips\takeout-20260602T071913Z-11-025.zip,takeout-20260602T071913Z-11-025.zip,Takeout/Drive/Unorganized/new pics 083.jpg,C:\Users\thoma\Documents\Cyber Crimes Tools\Takeout Extracted\Takeout\Drive\Unorganized\new pics 083.jpg,23579,2013-02-28 19:01:58,ExtractNamedRelevant
C:\Users\thoma\Documents\Cyber Crimes Tools\Takeout Zips\takeout-20260602T071913Z-11-025.zip,takeout-20260602T071913Z-11-025.zip,Takeout/Drive/Unorganized/new pics 080.jpg,C:\Users\thoma\Documents\Cyber Crimes Tools\Takeout Extracted\Takeout\Drive\Unorganized\new pics 080.jpg,900663,2013-02-28 19:01:52,ExtractNamedRelevant
C:\Users\thoma\Documents\Cyber Crimes Tools\Takeout Zips\takeout-20260602T071913Z-11-025.zip,takeout-20260602T071913Z-11-025.zip,Takeout/Drive/Unorganized/new pics 079.jpg,C:\Users\thoma\Documents\Cyber Crimes Tools\Takeout Extracted\Takeout\Drive\Unorganized\new pics 079.jpg,793264,2013-02-28 19:01:48,ExtractNamedRelevant
C:\Users\thoma\Documents\Cyber Crimes Tools\Takeout Zips\takeout-20260602T071913Z-11-025.zip,takeout-20260602T071913Z-11-025.zip,Takeout/Drive/Unorganized/new pics 078.jpg,C:\Users\thoma\Documents\Cyber Crimes Tools\Takeout Extracted\Takeout\Drive\Unorganized\new pics 078.jpg,24340,2013-02-28 19:01:44,ExtractNamedRelevant
C:\Users\thoma\Documents\Cyber Crimes Tools\Takeout Zips\takeout-20260602T071913Z-11-025.zip,takeout-20260602T071913Z-11-025.zip,Takeout/Drive/Unorganized/new pics 077.jpg,C:\Users\thoma\Documents\Cyber Crimes Tools\Takeout Extracted\Takeout\Drive\Unorganized\new pics 077.jpg,24510,2013-02-28 19:01:42,ExtractNamedRelevant
C:\Users\thoma\Documents\Cyber Crimes Tools\Takeout Zips\takeout-20260602T071913Z-11-025.zip,takeout-20260602T071913Z-11-025.zip,Takeout/Drive/Unorganized/new pics 058.jpg,C:\Users\thoma\Documents\Cyber Crimes Tools\Takeout Extracted\Takeout\Drive\Unorganized\new pics 058.jpg,928652,2013-02-28 19:00:58,ExtractNamedRelevant
C:\Users\thoma\Documents\Cyber Crimes Tools\Takeout Zips\takeout-20260602T071913Z-11-025.zip,takeout-20260602T071913Z-11-025.zip,Takeout/Drive/Unorganized/new pics 081.jpg,C:\Users\thoma\Documents\Cyber Crimes Tools\Takeout Extracted\Takeout\Drive\Unorganized\new pics 081.jpg,25341,2013-02-28 19:01:52,ExtractNamedRelevant
C:\Users\thoma\Documents\Cyber Crimes Tools\Takeout Zips\takeout-20260602T071913Z-11-025.zip,takeout-20260602T071913Z-11-025.zip,Takeout/Drive/Unorganized/new pics 072.jpg,C:\Users\thoma\Documents\Cyber Crimes Tools\Takeout Extracted\Takeout\Drive\Unorganized\new pics 072.jpg,834103,2013-02-28 19:01:30,ExtractNamedRelevant
C:\Users\thoma\Documents\Cyber Crimes Tools\Takeout Zips\takeout-20260602T071913Z-11-025.zip,takeout-20260602T071913Z-11-025.zip,Takeout/Drive/Unorganized/new pics 074.jpg,C:\Users\thoma\Documents\Cyber Crimes Tools\Takeout Extracted\Takeout\Drive\Unorganized\new pics 074.jpg,849029,2013-02-28 19:01:36,ExtractNamedRelevant
C:\Users\thoma\Documents\Cyber Crimes Tools\Takeout Zips\takeout-20260602T071913Z-11-025.zip,takeout-20260602T071913Z-11-025.zip,Takeout/Drive/Unorganized/new pics 076.jpg,C:\Users\thoma\Documents\Cyber Crimes Tools\Takeout Extracted\Takeout\Drive\Unorganized\new pics 076.jpg,875135,2013-02-28 19:01:42,ExtractNamedRelevant
C:\Users\thoma\Documents\Cyber Crimes Tools\Takeout Zips\takeout-20260602T071913Z-11-025.zip,takeout-20260602T071913Z-11-025.zip,Takeout/Drive/Unorganized/new pics 073.jpg,C:\Users\thoma\Documents\Cyber Crimes Tools\Takeout Extracted\Takeout\Drive\Unorganized\new pics 073.jpg,26019,2013-02-28 19:01:30,ExtractNamedRelevant
C:\Users\thoma\Documents\Cyber Crimes Tools\Takeout Zips\takeout-20260602T071913Z-11-025.zip,takeout-20260602T071913Z-11-025.zip,Takeout/Drive/Unorganized/new pics 070.jpg,C:\Users\thoma\Documents\Cyber Crimes Tools\Takeout Extracted\Takeout\Drive\Unorganized\new pics 070.jpg,946400,2013-02-28 19:01:24,ExtractNamedRelevant
C:\Users\thoma\Documents\Cyber Crimes Tools\Takeout Zips\takeout-20260602T071913Z-11-025.zip,takeout-20260602T071913Z-11-025.zip,Takeout/Drive/Unorganized/new pics 067.jpg,C:\Users\thoma\Documents\Cyber Crimes Tools\Takeout Extracted\Takeout\Drive\Unorganized\new pics 067.jpg,847233,2013-02-28 19:01:16,ExtractNamedRelevant
C:\Users\thoma\Documents\Cyber Crimes Tools\Takeout Zips\takeout-20260602T071913Z-11-025.zip,takeout-20260602T071913Z-11-025.zip,Takeout/Drive/Unorganized/new pics 068.jpg,C:\Users\thoma\Documents\Cyber Crimes Tools\Takeout Extracted\Takeout\Drive\Unorganized\new pics 068.jpg,613556,2013-02-28 19:01:20,ExtractNamedRelevant
C:\Users\thoma\Documents\Cyber Crimes Tools\Takeout Zips\takeout-20260602T071913Z-11-025.zip,takeout-20260602T071913Z-11-025.zip,Takeout/Drive/Unorganized/new pics 065.jpg,C:\Users\thoma\Documents\Cyber Crimes Tools\Takeout Extracted\Takeout\Drive\Unorganized\new pics 065.jpg,25525,2013-02-28 19:01:10,ExtractNamedRelevant
C:\Users\thoma\Documents\Cyber Crimes Tools\Takeout Zips\takeout-20260602T071913Z-11-025.zip,takeout-20260602T071913Z-11-025.zip,Takeout/Drive/Unorganized/new pics 042.jpg,C:\Users\thoma\Documents\Cyber Crimes Tools\Takeout Extracted\Takeout\Drive\Unorganized\new pics 042.jpg,20720,2013-02-28 19:00:16,ExtractNamedRelevant
C:\Users\thoma\Documents\Cyber Crimes Tools\Takeout Zips\takeout-20260602T071913Z-11-025.zip,takeout-20260602T071913Z-11-025.zip,Takeout/Drive/Unorganized/new pics 066.jpg,C:\Users\thoma\Documents\Cyber Crimes Tools\Takeout Extracted\Takeout\Drive\Unorganized\new pics 066.jpg,22787,2013-02-28 19:01:12,ExtractNamedRelevant
C:\Users\thoma\Documents\Cyber Crimes Tools\Takeout Zips\takeout-20260602T071913Z-11-025.zip,takeout-20260602T071913Z-11-025.zip,Takeout/Drive/Unorganized/new pics 064.jpg,C:\Users\thoma\Documents\Cyber Crimes Tools\Takeout Extracted\Takeout\Drive\Unorganized\new pics 064.jpg,883288,2013-02-28 19:01:10,ExtractNamedRelevant
C:\Users\thoma\Documents\Cyber Crimes Tools\Takeout Zips\takeout-20260602T071913Z-11-025.zip,takeout-20260602T071913Z-11-025.zip,Takeout/Drive/Unorganized/new pics 063.jpg,C:\Users\thoma\Documents\Cyber Crimes Tools\Takeout Extracted\Takeout\Drive\Unorganized\new pics 063.jpg,805130,2013-02-28 19:01:04,ExtractNamedRelevant
C:\Users\thoma\Documents\Cyber Crimes Tools\Takeout Zips\takeout-20260602T071913Z-11-025.zip,takeout-20260602T071913Z-11-025.zip,Takeout/Drive/Unorganized/new pics 062.jpg,C:\Users\thoma\Documents\Cyber Crimes Tools\Takeout Extracted\Takeout\Drive\Unorganized\new pics 062.jpg,21788,2013-02-28 19:01:02,ExtractNamedRelevant
C:\Users\thoma\Documents\Cyber Crimes Tools\Takeout Zips\takeout-20260602T071913Z-11-025.zip,takeout-20260602T071913Z-11-025.zip,Takeout/Drive/Unorganized/new pics 056.jpg,C:\Users\thoma\Documents\Cyber Crimes Tools\Takeout Extracted\Takeout\Drive\Unorganized\new pics 056.jpg,856931,2013-02-28 19:00:54,ExtractNamedRelevant
C:\Users\thoma\Documents\Cyber Crimes Tools\Takeout Zips\takeout-20260602T071913Z-11-025.zip,takeout-20260602T071913Z-11-025.zip,Takeout/Drive/Unorganized/new pics 059.jpg,C:\Users\thoma\Documents\Cyber Crimes Tools\Takeout Extracted\Takeout\Drive\Unorganized\new pics 059.jpg,25711,2013-02-28 19:01:00,ExtractNamedRelevant
C:\Users\thoma\Documents\Cyber Crimes Tools\Takeout Zips\takeout-20260602T071913Z-11-025.zip,takeout-20260602T071913Z-11-025.zip,Takeout/Drive/Unorganized/new pics 055.jpg,C:\Users\thoma\Documents\Cyber Crimes Tools\Takeout Extracted\Takeout\Drive\Unorganized\new pics 055.jpg,879720,2013-02-28 19:00:50,ExtractNamedRelevant
C:\Users\thoma\Documents\Cyber Crimes Tools\Takeout Zips\takeout-20260602T071913Z-11-025.zip,takeout-20260602T071913Z-11-025.zip,Takeout/Drive/Unorganized/new pics 033.jpg,C:\Users\thoma\Documents\Cyber Crimes Tools\Takeout Extracted\Takeout\Drive\Unorganized\new pics 033.jpg,660033,2013-02-28 18:59:58,ExtractNamedRelevant
C:\Users\thoma\Documents\Cyber Crimes Tools\Takeout Zips\takeout-20260602T071913Z-11-025.zip,takeout-20260602T071913Z-11-025.zip,Takeout/Drive/Unorganized/new pics 057.jpg,C:\Users\thoma\Documents\Cyber Crimes Tools\Takeout Extracted\Takeout\Drive\Unorganized\new pics 057.jpg,23444,2013-02-28 19:00:54,ExtractNamedRelevant
C:\Users\thoma\Documents\Cyber Crimes Tools\Takeout Zips\takeout-20260602T071913Z-11-025.zip,takeout-20260602T071913Z-11-025.zip,Takeout/Drive/Unorganized/new pics 052.jpg,C:\Users\thoma\Documents\Cyber Crimes Tools\Takeout Extracted\Takeout\Drive\Unorganized\new pics 052.jpg,785931,2013-02-28 19:00:44,ExtractNamedRelevant
C:\Users\thoma\Documents\Cyber Crimes Tools\Takeout Zips\takeout-20260602T071913Z-11-025.zip,takeout-20260602T071913Z-11-025.zip,Takeout/Drive/Unorganized/new pics 054.jpg,C:\Users\thoma\Documents\Cyber Crimes Tools\Takeout Extracted\Takeout\Drive\Unorganized\new pics 054.jpg,25318,2013-02-28 19:00:46,ExtractNamedRelevant
C:\Users\thoma\Documents\Cyber Crimes Tools\Takeout Zips\takeout-20260602T071913Z-11-025.zip,takeout-20260602T071913Z-11-025.zip,Takeout/Drive/Unorganized/new pics 053.jpg,C:\Users\thoma\Documents\Cyber Crimes Tools\Takeout Extracted\Takeout\Drive\Unorganized\new pics 053.jpg,23394,2013-02-28 19:00:44,ExtractNamedRelevant
C:\Users\thoma\Documents\Cyber Crimes Tools\Takeout Zips\takeout-20260602T071913Z-11-025.zip,takeout-20260602T071913Z-11-025.zip,Takeout/Drive/Unorganized/new pics 048.jpg,C:\Users\thoma\Documents\Cyber Crimes Tools\Takeout Extracted\Takeout\Drive\Unorganized\new pics 048.jpg,870824,2013-02-28 19:00:34,ExtractNamedRelevant
C:\Users\thoma\Documents\Cyber Crimes Tools\Takeout Zips\takeout-20260602T071913Z-11-025.zip,takeout-20260602T071913Z-11-025.zip,Takeout/Drive/Unorganized/new pics 047.jpg,C:\Users\thoma\Documents\Cyber Crimes Tools\Takeout Extracted\Takeout\Drive\Unorganized\new pics 047.jpg,24393,2013-02-28 19:00:30,ExtractNamedRelevant
C:\Users\thoma\Documents\Cyber Crimes Tools\Takeout Zips\takeout-20260602T071913Z-11-025.zip,takeout-20260602T071913Z-11-025.zip,Takeout/Drive/Unorganized/new pics 045.jpg,C:\Users\thoma\Documents\Cyber Crimes Tools\Takeout Extracted\Takeout\Drive\Unorganized\new pics 045.jpg,21434,2013-02-28 19:00:26,ExtractNamedRelevant
C:\Users\thoma\Documents\Cyber Crimes Tools\Takeout Zips\takeout-20260602T071913Z-11-025.zip,takeout-20260602T071913Z-11-025.zip,Takeout/Drive/Unorganized/new pics 050.jpg,C:\Users\thoma\Documents\Cyber Crimes Tools\Takeout Extracted\Takeout\Drive\Unorganized\new pics 050.jpg,765708,2013-02-28 19:00:38,ExtractNamedRelevant
C:\Users\thoma\Documents\Cyber Crimes Tools\Takeout Zips\takeout-20260602T071913Z-11-025.zip,takeout-20260602T071913Z-11-025.zip,Takeout/Drive/Unorganized/new pics 046.jpg,C:\Users\thoma\Documents\Cyber Crimes Tools\Takeout Extracted\Takeout\Drive\Unorganized\new pics 046.jpg,884886,2013-02-28 19:00:30,ExtractNamedRelevant
C:\Users\thoma\Documents\Cyber Crimes Tools\Takeout Zips\takeout-20260602T071913Z-11-025.zip,takeout-20260602T071913Z-11-025.zip,Takeout/Drive/Unorganized/new pics 049.jpg,C:\Users\thoma\Documents\Cyber Crimes Tools\Takeout Extracted\Takeout\Drive\Unorganized\new pics 049.jpg,25047,2013-02-28 19:00:36,ExtractNamedRelevant
C:\Users\thoma\Documents\Cyber Crimes Tools\Takeout Zips\takeout-20260602T071913Z-11-025.zip,takeout-20260602T071913Z-11-025.zip,Takeout/Drive/Unorganized/new pics 044.jpg,C:\Users\thoma\Documents\Cyber Crimes Tools\Takeout Extracted\Takeout\Drive\Unorganized\new pics 044.jpg,699394,2013-02-28 19:00:24,ExtractNamedRelevant
C:\Users\thoma\Documents\Cyber Crimes Tools\Takeout Zips\takeout-20260602T071913Z-11-025.zip,takeout-20260602T071913Z-11-025.zip,Takeout/Drive/Unorganized/new pics 043.jpg,C:\Users\thoma\Documents\Cyber Crimes Tools\Takeout Extracted\Takeout\Drive\Unorganized\new pics 043.jpg,661907,2013-02-28 19:00:20,ExtractNamedRelevant
C:\Users\thoma\Documents\Cyber Crimes Tools\Takeout Zips\takeout-20260602T071913Z-11-025.zip,takeout-20260602T071913Z-11-025.zip,Takeout/Drive/Unorganized/new pics 051.jpg,C:\Users\thoma\Documents\Cyber Crimes Tools\Takeout Extracted\Takeout\Drive\Unorganized\new pics 051.jpg,24220,2013-02-28 19:00:40,ExtractNamedRelevant
C:\Users\thoma\Documents\Cyber Crimes Tools\Takeout Zips\takeout-20260602T071913Z-11-025.zip,takeout-20260602T071913Z-11-025.zip,Takeout/Drive/Unorganized/new pics 041.jpg,C:\Users\thoma\Documents\Cyber Crimes Tools\Takeout Extracted\Takeout\Drive\Unorganized\new pics 041.jpg,20391,2013-02-28 19:00:16,ExtractNamedRelevant
C:\Users\thoma\Documents\Cyber Crimes Tools\Takeout Zips\takeout-20260602T071913Z-11-025.zip,takeout-20260602T071913Z-11-025.zip,Takeout/Drive/Unorganized/new pics 039.jpg,C:\Users\thoma\Documents\Cyber Crimes Tools\Takeout Extracted\Takeout\Drive\Unorganized\new pics 039.jpg,20957,2013-02-28 19:00:12,ExtractNamedRelevant
C:\Users\thoma\Documents\Cyber Crimes Tools\Takeout Zips\takeout-20260602T071913Z-11-025.zip,takeout-20260602T071913Z-11-025.zip,Takeout/Drive/Unorganized/new pics 037.jpg,C:\Users\thoma\Documents\Cyber Crimes Tools\Takeout Extracted\Takeout\Drive\Unorganized\new pics 037.jpg,19440,2013-02-28 19:00:06,ExtractNamedRelevant
C:\Users\thoma\Documents\Cyber Crimes Tools\Takeout Zips\takeout-20260602T071913Z-11-025.zip,takeout-20260602T071913Z-11-025.zip,Takeout/Drive/Unorganized/new pics 006.jpg,C:\Users\thoma\Documents\Cyber Crimes Tools\Takeout Extracted\Takeout\Drive\Unorganized\new pics 006.jpg,668507,2013-02-28 18:59:14,ExtractNamedRelevant
C:\Users\thoma\Documents\Cyber Crimes Tools\Takeout Zips\takeout-20260602T071913Z-11-025.zip,takeout-20260602T071913Z-11-025.zip,Takeout/Drive/Unorganized/new pics 036.jpg,C:\Users\thoma\Documents\Cyber Crimes Tools\Takeout Extracted\Takeout\Drive\Unorganized\new pics 036.jpg,647288,2013-02-28 19:00:06,ExtractNamedRelevant
C:\Users\thoma\Documents\Cyber Crimes Tools\Takeout Zips\takeout-20260602T071913Z-11-025.zip,takeout-20260602T071913Z-11-025.zip,Takeout/Drive/Unorganized/new pics 040.jpg,C:\Users\thoma\Documents\Cyber Crimes Tools\Takeout Extracted\Takeout\Drive\Unorganized\new pics 040.jpg,671658,2013-02-28 19:00:16,ExtractNamedRelevant
C:\Users\thoma\Documents\Cyber Crimes Tools\Takeout Zips\takeout-20260602T071913Z-11-025.zip,takeout-20260602T071913Z-11-025.zip,Takeout/Drive/Unorganized/Nov 2010  (12).JPG,C:\Users\thoma\Documents\Cyber Crimes Tools\Takeout Extracted\Takeout\Drive\Unorganized\Nov 2010  (12).JPG,1230129,2013-02-28 20:55:04,ExtractNamedRelevant
C:\Users\thoma\Documents\Cyber Crimes Tools\Takeout Zips\takeout-20260602T071913Z-11-025.zip,takeout-20260602T071913Z-11-025.zip,Takeout/Drive/Unorganized/new pics 032.jpg,C:\Users\thoma\Documents\Cyber Crimes Tools\Takeout Extracted\Takeout\Drive\Unorganized\new pics 032.jpg,17645,2013-02-28 18:59:54,ExtractNamedRelevant
C:\Users\thoma\Documents\Cyber Crimes Tools\Takeout Zips\takeout-20260602T071913Z-11-025.zip,takeout-20260602T071913Z-11-025.zip,Takeout/Drive/Unorganized/new pics 038.jpg,C:\Users\thoma\Documents\Cyber Crimes Tools\Takeout Extracted\Takeout\Drive\Unorganized\new pics 038.jpg,689530,2013-02-28 19:00:10,ExtractNamedRelevant
C:\Users\thoma\Documents\Cyber Crimes Tools\Takeout Zips\takeout-20260602T071913Z-11-025.zip,takeout-20260602T071913Z-11-025.zip,Takeout/Drive/Unorganized/Oct 2010 (4).JPG,C:\Users\thoma\Documents\Cyber Crimes Tools\Takeout Extracted\Takeout\Drive\Unorganized\Oct 2010 (4).JPG,841294,2013-02-28 21:15:38,ExtractNamedRelevant
C:\Users\thoma\Documents\Cyber Crimes Tools\Takeout Zips\takeout-20260602T071913Z-11-025.zip,takeout-20260602T071913Z-11-025.zip,Takeout/Drive/Unorganized/new pics 034.jpg,C:\Users\thoma\Documents\Cyber Crimes Tools\Takeout Extracted\Takeout\Drive\Unorganized\new pics 034.jpg,20840,2013-02-28 19:00:00,ExtractNamedRelevant
C:\Users\thoma\Documents\Cyber Crimes Tools\Takeout Zips\takeout-20260602T071913Z-11-025.zip,takeout-20260602T071913Z-11-025.zip,Takeout/Drive/Unorganized/new pics 030.jpg,C:\Users\thoma\Documents\Cyber Crimes Tools\Takeout Extracted\Takeout\Drive\Unorganized\new pics 030.jpg,21949,2013-02-28 18:59:50,ExtractNamedRelevant
C:\Users\thoma\Documents\Cyber Crimes Tools\Takeout Zips\takeout-20260602T071913Z-11-025.zip,takeout-20260602T071913Z-11-025.zip,Takeout/Drive/Unorganized/new pics 007.jpg,C:\Users\thoma\Documents\Cyber Crimes Tools\Takeout Extracted\Takeout\Drive\Unorganized\new pics 007.jpg,22044,2013-02-28 18:59:14,ExtractNamedRelevant
C:\Users\thoma\Documents\Cyber Crimes Tools\Takeout Zips\takeout-20260602T071913Z-11-025.zip,takeout-20260602T071913Z-11-025.zip,Takeout/Drive/Unorganized/new pics 029.jpg,C:\Users\thoma\Documents\Cyber Crimes Tools\Takeout Extracted\Takeout\Drive\Unorganized\new pics 029.jpg,679605,2013-02-28 18:59:48,ExtractNamedRelevant
C:\Users\thoma\Documents\Cyber Crimes Tools\Takeout Zips\takeout-20260602T071913Z-11-025.zip,takeout-20260602T071913Z-11-025.zip,Takeout/Drive/Unorganized/new pics 028.jpg,C:\Users\thoma\Documents\Cyber Crimes Tools\Takeout Extracted\Takeout\Drive\Unorganized\new pics 028.jpg,20762,2013-02-28 18:59:46,ExtractNamedRelevant
C:\Users\thoma\Documents\Cyber Crimes Tools\Takeout Zips\takeout-20260602T071913Z-11-025.zip,takeout-20260602T071913Z-11-025.zip,Takeout/Drive/Unorganized/October 2010 (11).JPG,C:\Users\thoma\Documents\Cyber Crimes Tools\Takeout Extracted\Takeout\Drive\Unorganized\October 2010 (11).JPG,901531,2013-02-28 21:16:20,ExtractNamedRelevant
C:\Users\thoma\Documents\Cyber Crimes Tools\Takeout Zips\takeout-20260602T071913Z-11-025.zip,takeout-20260602T071913Z-11-025.zip,Takeout/Drive/Unorganized/new pics 031.jpg,C:\Users\thoma\Documents\Cyber Crimes Tools\Takeout Extracted\Takeout\Drive\Unorganized\new pics 031.jpg,758176,2013-02-28 18:59:54,ExtractNamedRelevant
C:\Users\thoma\Documents\Cyber Crimes Tools\Takeout Zips\takeout-20260602T071913Z-11-025.zip,takeout-20260602T071913Z-11-025.zip,Takeout/Drive/Unorganized/new pics 019.jpg,C:\Users\thoma\Documents\Cyber Crimes Tools\Takeout Extracted\Takeout\Drive\Unorganized\new pics 019.jpg,25038,2013-02-28 18:59:44,ExtractNamedRelevant
C:\Users\thoma\Documents\Cyber Crimes Tools\Takeout Zips\takeout-20260602T071913Z-11-025.zip,takeout-20260602T071913Z-11-025.zip,Takeout/Drive/Unorganized/Race track - Dec 2010 (49).JPG,C:\Users\thoma\Documents\Cyber Crimes Tools\Takeout Extracted\Takeout\Drive\Unorganized\Race track - Dec 2010 (49).JPG,1814389,2013-02-28 21:47:48,ExtractNamedRelevant
C:\Users\thoma\Documents\Cyber Crimes Tools\Takeout Zips\takeout-20260602T071913Z-11-025.zip,takeout-20260602T071913Z-11-025.zip,Takeout/Drive/Unorganized/new pics 035.jpg,C:\Users\thoma\Documents\Cyber Crimes Tools\Takeout Extracted\Takeout\Drive\Unorganized\new pics 035.jpg,701804,2013-02-28 19:00:02,ExtractNamedRelevant
C:\Users\thoma\Documents\Cyber Crimes Tools\Takeout Zips\takeout-20260602T071913Z-11-025.zip,takeout-20260602T071913Z-11-025.zip,Takeout/Drive/Unorganized/new pics 016.jpg,C:\Users\thoma\Documents\Cyber Crimes Tools\Takeout Extracted\Takeout\Drive\Unorganized\new pics 016.jpg,1157877,2013-02-28 18:59:38,ExtractNamedRelevant
C:\Users\thoma\Documents\Cyber Crimes Tools\Takeout Zips\takeout-20260602T071913Z-11-025.zip,takeout-20260602T071913Z-11-025.zip,Takeout/Drive/Unorganized/new pics 012.jpg,C:\Users\thoma\Documents\Cyber Crimes Tools\Takeout Extracted\Takeout\Drive\Unorganized\new pics 012.jpg,23450,2013-02-28 18:59:22,ExtractNamedRelevant
C:\Users\thoma\Documents\Cyber Crimes Tools\Takeout Zips\takeout-20260602T071913Z-11-025.zip,takeout-20260602T071913Z-11-025.zip,Takeout/Drive/Unorganized/new pics 013.jpg,C:\Users\thoma\Documents\Cyber Crimes Tools\Takeout Extracted\Takeout\Drive\Unorganized\new pics 013.jpg,1090180,2013-02-28 18:59:26,ExtractNamedRelevant
C:\Users\thoma\Documents\Cyber Crimes Tools\Takeout Zips\takeout-20260602T071913Z-11-025.zip,takeout-20260602T071913Z-11-025.zip,Takeout/Drive/Unorganized/new pics 015.jpg,C:\Users\thoma\Documents\Cyber Crimes Tools\Takeout Extracted\Takeout\Drive\Unorganized\new pics 015.jpg,23683,2013-02-28 18:59:32,ExtractNamedRelevant
C:\Users\thoma\Documents\Cyber Crimes Tools\Takeout Zips\takeout-20260602T071913Z-11-025.zip,takeout-20260602T071913Z-11-025.zip,Takeout/Drive/Unorganized/new pics 017.jpg,C:\Users\thoma\Documents\Cyber Crimes Tools\Takeout Extracted\Takeout\Drive\Unorganized\new pics 017.jpg,26773,2013-02-28 18:59:38,ExtractNamedRelevant
C:\Users\thoma\Documents\Cyber Crimes Tools\Takeout Zips\takeout-20260602T071913Z-11-025.zip,takeout-20260602T071913Z-11-025.zip,Takeout/Drive/Unorganized/new pics 018.jpg,C:\Users\thoma\Documents\Cyber Crimes Tools\Takeout Extracted\Takeout\Drive\Unorganized\new pics 018.jpg,1075120,2013-02-28 18:59:44,ExtractNamedRelevant
C:\Users\thoma\Documents\Cyber Crimes Tools\Takeout Zips\takeout-20260602T071913Z-11-025.zip,takeout-20260602T071913Z-11-025.zip,Takeout/Drive/Unorganized/new pics 014.jpg,C:\Users\thoma\Documents\Cyber Crimes Tools\Takeout Extracted\Takeout\Drive\Unorganized\new pics 014.jpg,1060166,2013-02-28 18:59:32,ExtractNamedRelevant
C:\Users\thoma\Documents\Cyber Crimes Tools\Takeout Zips\takeout-20260602T071913Z-11-025.zip,takeout-20260602T071913Z-11-025.zip,Takeout/Drive/Unorganized/new pics 009.jpg,C:\Users\thoma\Documents\Cyber Crimes Tools\Takeout Extracted\Takeout\Drive\Unorganized\new pics 009.jpg,22558,2013-02-28 18:59:20,ExtractNamedRelevant
C:\Users\thoma\Documents\Cyber Crimes Tools\Takeout Zips\takeout-20260602T071913Z-11-025.zip,takeout-20260602T071913Z-11-025.zip,Takeout/Drive/Unorganized/new pics 004.jpg,C:\Users\thoma\Documents\Cyber Crimes Tools\Takeout Extracted\Takeout\Drive\Unorganized\new pics 004.jpg,753478,2013-02-28 18:59:10,ExtractNamedRelevant
C:\Users\thoma\Documents\Cyber Crimes Tools\Takeout Zips\takeout-20260602T071913Z-11-025.zip,takeout-20260602T071913Z-11-025.zip,Takeout/Drive/Unorganized/new pics 003.jpg,C:\Users\thoma\Documents\Cyber Crimes Tools\Takeout Extracted\Takeout\Drive\Unorganized\new pics 003.jpg,24417,2013-02-28 18:59:06,ExtractNamedRelevant
C:\Users\thoma\Documents\Cyber Crimes Tools\Takeout Zips\takeout-20260602T071913Z-11-025.zip,takeout-20260602T071913Z-11-025.zip,Takeout/Drive/Unorganized/new pics 008.jpg,C:\Users\thoma\Documents\Cyber Crimes Tools\Takeout Extracted\Takeout\Drive\Unorganized\new pics 008.jpg,921524,2013-02-28 18:59:20,ExtractNamedRelevant
C:\Users\thoma\Documents\Cyber Crimes Tools\Takeout Zips\takeout-20260602T071913Z-11-025.zip,takeout-20260602T071913Z-11-025.zip,Takeout/Drive/Unorganized/new pics 005.jpg,C:\Users\thoma\Documents\Cyber Crimes Tools\Takeout Extracted\Takeout\Drive\Unorganized\new pics 005.jpg,22691,2013-02-28 18:59:10,ExtractNamedRelevant
C:\Users\thoma\Documents\Cyber Crimes Tools\Takeout Zips\takeout-20260602T071913Z-11-025.zip,takeout-20260602T071913Z-11-025.zip,Takeout/Drive/Unorganized/Micah_s field trip to Home Depot-Dec 2010 (9).JPG,C:\Users\thoma\Documents\Cyber Crimes Tools\Takeout Extracted\Takeout\Drive\Unorganized\Micah_s field trip to Home Depot-Dec 2010 (9).JPG,1141062,2013-02-28 18:58:46,ExtractNamedRelevant
C:\Users\thoma\Documents\Cyber Crimes Tools\Takeout Zips\takeout-20260602T071913Z-11-025.zip,takeout-20260602T071913Z-11-025.zip,Takeout/Drive/Unorganized/moving out of SB apartment Oct 2010 (1).MOV,C:\Users\thoma\Documents\Cyber Crimes Tools\Takeout Extracted\Takeout\Drive\Unorganized\moving out of SB apartment Oct 2010 (1).MOV,1462845,2013-02-28 18:58:56,ExtractNamedRelevant
C:\Users\thoma\Documents\Cyber Crimes Tools\Takeout Zips\takeout-20260602T071913Z-11-025.zip,takeout-20260602T071913Z-11-025.zip,Takeout/Drive/Unorganized/new pics 226.jpg,C:\Users\thoma\Documents\Cyber Crimes Tools\Takeout Extracted\Takeout\Drive\Unorganized\new pics 226.jpg,29202,2013-02-28 19:04:36,ExtractNamedRelevant
C:\Users\thoma\Documents\Cyber Crimes Tools\Takeout Zips\takeout-20260602T071913Z-11-025.zip,takeout-20260602T071913Z-11-025.zip,Takeout/Drive/Unorganized/moving out of SB apartment Oct 2010 (2).JPG,C:\Users\thoma\Documents\Cyber Crimes Tools\Takeout Extracted\Takeout\Drive\Unorganized\moving out of SB apartment Oct 2010 (2).JPG,1015244,2013-02-28 18:59:02,ExtractNamedRelevant
C:\Users\thoma\Documents\Cyber Crimes Tools\Takeout Zips\takeout-20260602T071913Z-11-025.zip,takeout-20260602T071913Z-11-025.zip,Takeout/Drive/Unorganized/moving out of SB apartment Oct 2010 (1).JPG,C:\Users\thoma\Documents\Cyber Crimes Tools\Takeout Extracted\Takeout\Drive\Unorganized\moving out of SB apartment Oct 2010 (1).JPG,1204521,2013-02-28 18:58:52,ExtractNamedRelevant
C:\Users\thoma\Documents\Cyber Crimes Tools\Takeout Zips\takeout-20260602T071913Z-11-025.zip,takeout-20260602T071913Z-11-025.zip,Takeout/Drive/Unorganized/Marriot World Center Orlando_Dec 2010 (90).JPG,C:\Users\thoma\Documents\Cyber Crimes Tools\Takeout Extracted\Takeout\Drive\Unorganized\Marriot World Center Orlando_Dec 2010 (90).JPG,2023417,2013-02-28 18:56:54,ExtractNamedRelevant
C:\Users\thoma\Documents\Cyber Crimes Tools\Takeout Zips\takeout-20260602T071913Z-11-025.zip,takeout-20260602T071913Z-11-025.zip,Takeout/Drive/Unorganized/Micah_s field trip to Home Depot-Dec 2010 (4).JPG,C:\Users\thoma\Documents\Cyber Crimes Tools\Takeout Extracted\Takeout\Drive\Unorganized\Micah_s field trip to Home Depot-Dec 2010 (4).JPG,895075,2013-02-28 18:58:22,ExtractNamedRelevant
C:\Users\thoma\Documents\Cyber Crimes Tools\Takeout Zips\takeout-20260602T071913Z-11-025.zip,takeout-20260602T071913Z-11-025.zip,Takeout/Drive/Unorganized/Micah_s field trip to Home Depot-Dec 2010 (10).JPG,C:\Users\thoma\Documents\Cyber Crimes Tools\Takeout Extracted\Takeout\Drive\Unorganized\Micah_s field trip to Home Depot-Dec 2010 (10).JPG,1036775,2013-02-28 18:57:14,ExtractNamedRelevant
C:\Users\thoma\Documents\Cyber Crimes Tools\Takeout Zips\takeout-20260602T071913Z-11-025.zip,takeout-20260602T071913Z-11-025.zip,Takeout/Drive/Unorganized/Micah_s field trip to Home Depot-Dec 2010 (3).JPG,C:\Users\thoma\Documents\Cyber Crimes Tools\Takeout Extracted\Takeout\Drive\Unorganized\Micah_s field trip to Home Depot-Dec 2010 (3).JPG,1066492,2013-02-28 18:58:18,ExtractNamedRelevant
C:\Users\thoma\Documents\Cyber Crimes Tools\Takeout Zips\takeout-20260602T071913Z-11-025.zip,takeout-20260602T071913Z-11-025.zip,Takeout/Drive/Unorganized/Micah_s field trip to Home Depot-Dec 2010 (19).JPG,C:\Users\thoma\Documents\Cyber Crimes Tools\Takeout Extracted\Takeout\Drive\Unorganized\Micah_s field trip to Home Depot-Dec 2010 (19).JPG,2222941,2013-02-28 18:58:08,ExtractNamedRelevant
C:\Users\thoma\Documents\Cyber Crimes Tools\Takeout Zips\takeout-20260602T071913Z-11-025.zip,takeout-20260602T071913Z-11-025.zip,Takeout/Drive/Unorganized/Micah_s field trip to Home Depot-Dec 2010 (6).JPG,C:\Users\thoma\Documents\Cyber Crimes Tools\Takeout Extracted\Takeout\Drive\Unorganized\Micah_s field trip to Home Depot-Dec 2010 (6).JPG,981510,2013-02-28 18:58:32,ExtractNamedRelevant
C:\Users\thoma\Documents\Cyber Crimes Tools\Takeout Zips\takeout-20260602T071913Z-11-025.zip,takeout-20260602T071913Z-11-025.zip,Takeout/Drive/Unorganized/Micah_s field trip to Home Depot-Dec 2010 (2).JPG,C:\Users\thoma\Documents\Cyber Crimes Tools\Takeout Extracted\Takeout\Drive\Unorganized\Micah_s field trip to Home Depot-Dec 2010 (2).JPG,874953,2013-02-28 18:58:12,ExtractNamedRelevant
C:\Users\thoma\Documents\Cyber Crimes Tools\Takeout Zips\takeout-20260602T071913Z-11-025.zip,takeout-20260602T071913Z-11-025.zip,Takeout/Drive/Unorganized/Micah_s field trip to Home Depot-Dec 2010 (7).JPG,C:\Users\thoma\Documents\Cyber Crimes Tools\Takeout Extracted\Takeout\Drive\Unorganized\Micah_s field trip to Home Depot-Dec 2010 (7).JPG,976851,2013-02-28 18:58:36,ExtractNamedRelevant
C:\Users\thoma\Documents\Cyber Crimes Tools\Takeout Zips\takeout-20260602T071913Z-11-025.zip,takeout-20260602T071913Z-11-025.zip,Takeout/Drive/Unorganized/Micah_s field trip to Home Depot-Dec 2010 (5).JPG,C:\Users\thoma\Documents\Cyber Crimes Tools\Takeout Extracted\Takeout\Drive\Unorganized\Micah_s field trip to Home Depot-Dec 2010 (5).JPG,942853,2013-02-28 18:58:28,ExtractNamedRelevant
C:\Users\thoma\Documents\Cyber Crimes Tools\Takeout Zips\takeout-20260602T071913Z-11-025.zip,takeout-20260602T071913Z-11-025.zip,Takeout/Drive/Unorganized/new pics 002.jpg,C:\Users\thoma\Documents\Cyber Crimes Tools\Takeout Extracted\Takeout\Drive\Unorganized\new pics 002.jpg,754889,2013-02-28 18:59:04,ExtractNamedRelevant
C:\Users\thoma\Documents\Cyber Crimes Tools\Takeout Zips\takeout-20260602T071913Z-11-025.zip,takeout-20260602T071913Z-11-025.zip,Takeout/Drive/Unorganized/Micah_s field trip to Home Depot-Dec 2010 (8).JPG,C:\Users\thoma\Documents\Cyber Crimes Tools\Takeout Extracted\Takeout\Drive\Unorganized\Micah_s field trip to Home Depot-Dec 2010 (8).JPG,1060724,2013-02-28 18:58:40,ExtractNamedRelevant
C:\Users\thoma\Documents\Cyber Crimes Tools\Takeout Zips\takeout-20260602T071913Z-11-025.zip,takeout-20260602T071913Z-11-025.zip,Takeout/Drive/Unorganized/Micah_s field trip to Home Depot-Dec 2010 (17).JPG,C:\Users\thoma\Documents\Cyber Crimes Tools\Takeout Extracted\Takeout\Drive\Unorganized\Micah_s field trip to Home Depot-Dec 2010 (17).JPG,1390338,2013-02-28 18:57:50,ExtractNamedRelevant
C:\Users\thoma\Documents\Cyber Crimes Tools\Takeout Zips\takeout-20260602T071913Z-11-025.zip,takeout-20260602T071913Z-11-025.zip,Takeout/Drive/Unorganized/Marriot World Center Orlando_Dec 2010 (79).JPG,C:\Users\thoma\Documents\Cyber Crimes Tools\Takeout Extracted\Takeout\Drive\Unorganized\Marriot World Center Orlando_Dec 2010 (79).JPG,1992674,2013-02-28 18:55:18,ExtractNamedRelevant
C:\Users\thoma\Documents\Cyber Crimes Tools\Takeout Zips\takeout-20260602T071913Z-11-025.zip,takeout-20260602T071913Z-11-025.zip,Takeout/Drive/Unorganized/Micah_s field trip to Home Depot-Dec 2010 (15).JPG,C:\Users\thoma\Documents\Cyber Crimes Tools\Takeout Extracted\Takeout\Drive\Unorganized\Micah_s field trip to Home Depot-Dec 2010 (15).JPG,1144263,2013-02-28 18:57:38,ExtractNamedRelevant
C:\Users\thoma\Documents\Cyber Crimes Tools\Takeout Zips\takeout-20260602T071913Z-11-025.zip,takeout-20260602T071913Z-11-025.zip,Takeout/Drive/Unorganized/Micah_s field trip to Home Depot-Dec 2010 (18).JPG,C:\Users\thoma\Documents\Cyber Crimes Tools\Takeout Extracted\Takeout\Drive\Unorganized\Micah_s field trip to Home Depot-Dec 2010 (18).JPG,2703407,2013-02-28 18:58:00,ExtractNamedRelevant
C:\Users\thoma\Documents\Cyber Crimes Tools\Takeout Zips\takeout-20260602T071913Z-11-025.zip,takeout-20260602T071913Z-11-025.zip,Takeout/Drive/Unorganized/Micah_s field trip to Home Depot-Dec 2010 (16).JPG,C:\Users\thoma\Documents\Cyber Crimes Tools\Takeout Extracted\Takeout\Drive\Unorganized\Micah_s field trip to Home Depot-Dec 2010 (16).JPG,1518957,2013-02-28 18:57:44,ExtractNamedRelevant
C:\Users\thoma\Documents\Cyber Crimes Tools\Takeout Zips\takeout-20260602T071913Z-11-025.zip,takeout-20260602T071913Z-11-025.zip,Takeout/Drive/Unorganized/Marriot World Center Orlando_Dec 2010 (91).JPG,C:\Users\thoma\Documents\Cyber Crimes Tools\Takeout Extracted\Takeout\Drive\Unorganized\Marriot World Center Orlando_Dec 2010 (91).JPG,1657427,2013-02-28 18:57:00,ExtractNamedRelevant
C:\Users\thoma\Documents\Cyber Crimes Tools\Takeout Zips\takeout-20260602T071913Z-11-025.zip,takeout-20260602T071913Z-11-025.zip,Takeout/Drive/Unorganized/Micah_s field trip to Home Depot-Dec 2010 (14).JPG,C:\Users\thoma\Documents\Cyber Crimes Tools\Takeout Extracted\Takeout\Drive\Unorganized\Micah_s field trip to Home Depot-Dec 2010 (14).JPG,980068,2013-02-28 18:57:34,ExtractNamedRelevant
C:\Users\thoma\Documents\Cyber Crimes Tools\Takeout Zips\takeout-20260602T071913Z-11-025.zip,takeout-20260602T071913Z-11-025.zip,Takeout/Drive/Unorganized/Micah_s field trip to Home Depot-Dec 2010 (13).JPG,C:\Users\thoma\Documents\Cyber Crimes Tools\Takeout Extracted\Takeout\Drive\Unorganized\Micah_s field trip to Home Depot-Dec 2010 (13).JPG,983420,2013-02-28 18:57:28,ExtractNamedRelevant
C:\Users\thoma\Documents\Cyber Crimes Tools\Takeout Zips\takeout-20260602T071913Z-11-025.zip,takeout-20260602T071913Z-11-025.zip,Takeout/Drive/Unorganized/Micah_s field trip to Home Depot-Dec 2010 (12).JPG,C:\Users\thoma\Documents\Cyber Crimes Tools\Takeout Extracted\Takeout\Drive\Unorganized\Micah_s field trip to Home Depot-Dec 2010 (12).JPG,1065483,2013-02-28 18:57:24,ExtractNamedRelevant
C:\Users\thoma\Documents\Cyber Crimes Tools\Takeout Zips\takeout-20260602T071913Z-11-025.zip,takeout-20260602T071913Z-11-025.zip,Takeout/Drive/Unorganized/Marriot World Center Orlando_Dec 2010 (85).JPG,C:\Users\thoma\Documents\Cyber Crimes Tools\Takeout Extracted\Takeout\Drive\Unorganized\Marriot World Center Orlando_Dec 2010 (85).JPG,2222783,2013-02-28 18:56:10,ExtractNamedRelevant
C:\Users\thoma\Documents\Cyber Crimes Tools\Takeout Zips\takeout-20260602T071913Z-11-025.zip,takeout-20260602T071913Z-11-025.zip,Takeout/Drive/Unorganized/Micah_s field trip to Home Depot-Dec 2010 (1).JPG,C:\Users\thoma\Documents\Cyber Crimes Tools\Takeout Extracted\Takeout\Drive\Unorganized\Micah_s field trip to Home Depot-Dec 2010 (1).JPG,2582280,2013-02-28 18:57:10,ExtractNamedRelevant
C:\Users\thoma\Documents\Cyber Crimes Tools\Takeout Zips\takeout-20260602T071913Z-11-025.zip,takeout-20260602T071913Z-11-025.zip,Takeout/Drive/Unorganized/Micah_s field trip to Home Depot-Dec 2010 (11).JPG,C:\Users\thoma\Documents\Cyber Crimes Tools\Takeout Extracted\Takeout\Drive\Unorganized\Micah_s field trip to Home Depot-Dec 2010 (11).JPG,1083987,2013-02-28 18:57:20,ExtractNamedRelevant
C:\Users\thoma\Documents\Cyber Crimes Tools\Takeout Zips\takeout-20260602T071913Z-11-025.zip,takeout-20260602T071913Z-11-025.zip,Takeout/Drive/Unorganized/Marriot World Center Orlando_Dec 2010 (89).JPG,C:\Users\thoma\Documents\Cyber Crimes Tools\Takeout Extracted\Takeout\Drive\Unorganized\Marriot World Center Orlando_Dec 2010 (89).JPG,2069764,2013-02-28 18:56:44,ExtractNamedRelevant
C:\Users\thoma\Documents\Cyber Crimes Tools\Takeout Zips\takeout-20260602T071913Z-11-025.zip,takeout-20260602T071913Z-11-025.zip,Takeout/Drive/Unorganized/Race track - Dec 2010 (38).JPG,C:\Users\thoma\Documents\Cyber Crimes Tools\Takeout Extracted\Takeout\Drive\Unorganized\Race track - Dec 2010 (38).JPG,1788034,2013-02-28 21:40:22,ExtractNamedRelevant
C:\Users\thoma\Documents\Cyber Crimes Tools\Takeout Zips\takeout-20260602T071913Z-11-025.zip,takeout-20260602T071913Z-11-025.zip,Takeout/Drive/Unorganized/Marriot World Center Orlando_Dec 2010 (88).JPG,C:\Users\thoma\Documents\Cyber Crimes Tools\Takeout Extracted\Takeout\Drive\Unorganized\Marriot World Center Orlando_Dec 2010 (88).JPG,2115140,2013-02-28 18:56:36,ExtractNamedRelevant
C:\Users\thoma\Documents\Cyber Crimes Tools\Takeout Zips\takeout-20260602T071913Z-11-025.zip,takeout-20260602T071913Z-11-025.zip,Takeout/Drive/Unorganized/Marriot World Center Orlando_Dec 2010 (80).JPG,C:\Users\thoma\Documents\Cyber Crimes Tools\Takeout Extracted\Takeout\Drive\Unorganized\Marriot World Center Orlando_Dec 2010 (80).JPG,2006842,2013-02-28 18:55:26,ExtractNamedRelevant
C:\Users\thoma\Documents\Cyber Crimes Tools\Takeout Zips\takeout-20260602T071913Z-11-025.zip,takeout-20260602T071913Z-11-025.zip,Takeout/Drive/Unorganized/Marriot World Center Orlando_Dec 2010 (87).JPG,C:\Users\thoma\Documents\Cyber Crimes Tools\Takeout Extracted\Takeout\Drive\Unorganized\Marriot World Center Orlando_Dec 2010 (87).JPG,2332254,2013-02-28 18:56:28,ExtractNamedRelevant
C:\Users\thoma\Documents\Cyber Crimes Tools\Takeout Zips\takeout-20260602T071913Z-11-025.zip,takeout-20260602T071913Z-11-025.zip,Takeout/Drive/Unorganized/Nov 2010  (4).JPG,C:\Users\thoma\Documents\Cyber Crimes Tools\Takeout Extracted\Takeout\Drive\Unorganized\Nov 2010  (4).JPG,1157913,2013-02-28 21:01:16,ExtractNamedRelevant
C:\Users\thoma\Documents\Cyber Crimes Tools\Takeout Zips\takeout-20260602T071913Z-11-025.zip,takeout-20260602T071913Z-11-025.zip,Takeout/Drive/Unorganized/Marriot World Center Orlando_Dec 2010 (81).JPG,C:\Users\thoma\Documents\Cyber Crimes Tools\Takeout Extracted\Takeout\Drive\Unorganized\Marriot World Center Orlando_Dec 2010 (81).JPG,1999087,2013-02-28 18:55:36,ExtractNamedRelevant
C:\Users\thoma\Documents\Cyber Crimes Tools\Takeout Zips\takeout-20260602T071913Z-11-025.zip,takeout-20260602T071913Z-11-025.zip,Takeout/Drive/Unorganized/231_2083.JPG,C:\Users\thoma\Documents\Cyber Crimes Tools\Takeout Extracted\Takeout\Drive\Unorganized\231_2083.JPG,1042116,2013-03-01 01:34:24,ExtractNamedRelevant
C:\Users\thoma\Documents\Cyber Crimes Tools\Takeout Zips\takeout-20260602T071913Z-11-025.zip,takeout-20260602T071913Z-11-025.zip,Takeout/Drive/Unorganized/Marriot World Center Orlando_Dec 2010 (78).JPG,C:\Users\thoma\Documents\Cyber Crimes Tools\Takeout Extracted\Takeout\Drive\Unorganized\Marriot World Center Orlando_Dec 2010 (78).JPG,2232118,2013-02-28 18:55:10,ExtractNamedRelevant
C:\Users\thoma\Documents\Cyber Crimes Tools\Takeout Zips\takeout-20260602T071913Z-11-025.zip,takeout-20260602T071913Z-11-025.zip,Takeout/Drive/Unorganized/Marriot World Center Orlando_Dec 2010 (77).JPG,C:\Users\thoma\Documents\Cyber Crimes Tools\Takeout Extracted\Takeout\Drive\Unorganized\Marriot World Center Orlando_Dec 2010 (77).JPG,2477958,2013-02-28 18:55:02,ExtractNamedRelevant
C:\Users\thoma\Documents\Cyber Crimes Tools\Takeout Zips\takeout-20260602T071913Z-11-025.zip,takeout-20260602T071913Z-11-025.zip,Takeout/Drive/Unorganized/Marriot World Center Orlando_Dec 2010 (73).JPG,C:\Users\thoma\Documents\Cyber Crimes Tools\Takeout Extracted\Takeout\Drive\Unorganized\Marriot World Center Orlando_Dec 2010 (73).JPG,2159126,2013-02-28 18:54:26,ExtractNamedRelevant
C:\Users\thoma\Documents\Cyber Crimes Tools\Takeout Zips\takeout-20260602T071913Z-11-025.zip,takeout-20260602T071913Z-11-025.zip,Takeout/Drive/Unorganized/Marriot World Center Orlando_Dec 2010 (86).JPG,C:\Users\thoma\Documents\Cyber Crimes Tools\Takeout Extracted\Takeout\Drive\Unorganized\Marriot World Center Orlando_Dec 2010 (86).JPG,2292987,2013-02-28 18:56:20,ExtractNamedRelevant
C:\Users\thoma\Documents\Cyber Crimes Tools\Takeout Zips\takeout-20260602T071913Z-11-025.zip,takeout-20260602T071913Z-11-025.zip,Takeout/Drive/Unorganized/Marriot World Center Orlando_Dec 2010 (83).JPG,C:\Users\thoma\Documents\Cyber Crimes Tools\Takeout Extracted\Takeout\Drive\Unorganized\Marriot World Center Orlando_Dec 2010 (83).JPG,2147337,2013-02-28 18:55:54,ExtractNamedRelevant
C:\Users\thoma\Documents\Cyber Crimes Tools\Takeout Zips\takeout-20260602T071913Z-11-025.zip,takeout-20260602T071913Z-11-025.zip,Takeout/Drive/Unorganized/Marriot World Center Orlando_Dec 2010 (82).JPG,C:\Users\thoma\Documents\Cyber Crimes Tools\Takeout Extracted\Takeout\Drive\Unorganized\Marriot World Center Orlando_Dec 2010 (82).JPG,2008859,2013-02-28 18:55:46,ExtractNamedRelevant
C:\Users\thoma\Documents\Cyber Crimes Tools\Takeout Zips\takeout-20260602T071913Z-11-025.zip,takeout-20260602T071913Z-11-025.zip,Takeout/Drive/Unorganized/Marriot World Center Orlando_Dec 2010 (74).JPG,C:\Users\thoma\Documents\Cyber Crimes Tools\Takeout Extracted\Takeout\Drive\Unorganized\Marriot World Center Orlando_Dec 2010 (74).JPG,2209627,2013-02-28 18:54:36,ExtractNamedRelevant
C:\Users\thoma\Documents\Cyber Crimes Tools\Takeout Zips\takeout-20260602T071913Z-11-025.zip,takeout-20260602T071913Z-11-025.zip,Takeout/Drive/Unorganized/Marriot World Center Orlando_Dec 2010 (76).JPG,C:\Users\thoma\Documents\Cyber Crimes Tools\Takeout Extracted\Takeout\Drive\Unorganized\Marriot World Center Orlando_Dec 2010 (76).JPG,2188449,2013-02-28 18:54:52,ExtractNamedRelevant
C:\Users\thoma\Documents\Cyber Crimes Tools\Takeout Zips\takeout-20260602T071913Z-11-025.zip,takeout-20260602T071913Z-11-025.zip,Takeout/Drive/Unorganized/Marriot World Center Orlando_Dec 2010 (68).JPG,C:\Users\thoma\Documents\Cyber Crimes Tools\Takeout Extracted\Takeout\Drive\Unorganized\Marriot World Center Orlando_Dec 2010 (68).JPG,2078117,2013-02-28 18:53:46,ExtractNamedRelevant
C:\Users\thoma\Documents\Cyber Crimes Tools\Takeout Zips\takeout-20260602T071913Z-11-025.zip,takeout-20260602T071913Z-11-025.zip,Takeout/Drive/Unorganized/Marriot World Center Orlando_Dec 2010 (65).JPG,C:\Users\thoma\Documents\Cyber Crimes Tools\Takeout Extracted\Takeout\Drive\Unorganized\Marriot World Center Orlando_Dec 2010 (65).JPG,2055605,2013-02-28 18:53:22,ExtractNamedRelevant
C:\Users\thoma\Documents\Cyber Crimes Tools\Takeout Zips\takeout-20260602T071913Z-11-025.zip,takeout-20260602T071913Z-11-025.zip,Takeout/Drive/Unorganized/Marriot World Center Orlando_Dec 2010 (70).JPG,C:\Users\thoma\Documents\Cyber Crimes Tools\Takeout Extracted\Takeout\Drive\Unorganized\Marriot World Center Orlando_Dec 2010 (70).JPG,2337103,2013-02-28 18:54:02,ExtractNamedRelevant
C:\Users\thoma\Documents\Cyber Crimes Tools\Takeout Zips\takeout-20260602T071913Z-11-025.zip,takeout-20260602T071913Z-11-025.zip,Takeout/Drive/Unorganized/Marriot World Center Orlando_Dec 2010 (67).JPG,C:\Users\thoma\Documents\Cyber Crimes Tools\Takeout Extracted\Takeout\Drive\Unorganized\Marriot World Center Orlando_Dec 2010 (67).JPG,2121958,2013-02-28 18:53:38,ExtractNamedRelevant
C:\Users\thoma\Documents\Cyber Crimes Tools\Takeout Zips\takeout-20260602T071913Z-11-025.zip,takeout-20260602T071913Z-11-025.zip,Takeout/Drive/Unorganized/Oct 2010.JPG,C:\Users\thoma\Documents\Cyber Crimes Tools\Takeout Extracted\Takeout\Drive\Unorganized\Oct 2010.JPG,1707591,2013-02-28 21:16:08,ExtractNamedRelevant
C:\Users\thoma\Documents\Cyber Crimes Tools\Takeout Zips\takeout-20260602T071913Z-11-025.zip,takeout-20260602T071913Z-11-025.zip,Takeout/Drive/Unorganized/Marriot World Center Orlando_Dec 2010 (84).JPG,C:\Users\thoma\Documents\Cyber Crimes Tools\Takeout Extracted\Takeout\Drive\Unorganized\Marriot World Center Orlando_Dec 2010 (84).JPG,2272714,2013-02-28 18:56:02,ExtractNamedRelevant
C:\Users\thoma\Documents\Cyber Crimes Tools\Takeout Zips\takeout-20260602T071913Z-11-025.zip,takeout-20260602T071913Z-11-025.zip,Takeout/Drive/Unorganized/Marriot World Center Orlando_Dec 2010 (75).JPG,C:\Users\thoma\Documents\Cyber Crimes Tools\Takeout Extracted\Takeout\Drive\Unorganized\Marriot World Center Orlando_Dec 2010 (75).JPG,2436554,2013-02-28 18:54:44,ExtractNamedRelevant
C:\Users\thoma\Documents\Cyber Crimes Tools\Takeout Zips\takeout-20260602T071913Z-11-025.zip,takeout-20260602T071913Z-11-025.zip,Takeout/Drive/Unorganized/new pics 431.jpg,C:\Users\thoma\Documents\Cyber Crimes Tools\Takeout Extracted\Takeout\Drive\Unorganized\new pics 431.jpg,24266,2013-02-28 19:12:22,ExtractNamedRelevant
C:\Users\thoma\Documents\Cyber Crimes Tools\Takeout Zips\takeout-20260602T071913Z-11-025.zip,takeout-20260602T071913Z-11-025.zip,Takeout/Drive/Unorganized/Marriot World Center Orlando_Dec 2010 (72).JPG,C:\Users\thoma\Documents\Cyber Crimes Tools\Takeout Extracted\Takeout\Drive\Unorganized\Marriot World Center Orlando_Dec 2010 (72).JPG,2162436,2013-02-28 18:54:18,ExtractNamedRelevant
C:\Users\thoma\Documents\Cyber Crimes Tools\Takeout Zips\takeout-20260602T071913Z-11-025.zip,takeout-20260602T071913Z-11-025.zip,Takeout/Drive/Unorganized/Marriot World Center Orlando_Dec 2010 (69).JPG,C:\Users\thoma\Documents\Cyber Crimes Tools\Takeout Extracted\Takeout\Drive\Unorganized\Marriot World Center Orlando_Dec 2010 (69).JPG,2253667,2013-02-28 18:53:54,ExtractNamedRelevant
C:\Users\thoma\Documents\Cyber Crimes Tools\Takeout Zips\takeout-20260602T071913Z-11-025.zip,takeout-20260602T071913Z-11-025.zip,Takeout/Drive/Unorganized/Marriot World Center Orlando_Dec 2010 (66).JPG,C:\Users\thoma\Documents\Cyber Crimes Tools\Takeout Extracted\Takeout\Drive\Unorganized\Marriot World Center Orlando_Dec 2010 (66).JPG,2074220,2013-02-28 18:53:30,ExtractNamedRelevant
C:\Users\thoma\Documents\Cyber Crimes Tools\Takeout Zips\takeout-20260602T071913Z-11-025.zip,takeout-20260602T071913Z-11-025.zip,Takeout/Drive/Unorganized/Marriot World Center Orlando_Dec 2010 (71).JPG,C:\Users\thoma\Documents\Cyber Crimes Tools\Takeout Extracted\Takeout\Drive\Unorganized\Marriot World Center Orlando_Dec 2010 (71).JPG,2256988,2013-02-28 18:54:10,ExtractNamedRelevant
C:\Users\thoma\Documents\Cyber Crimes Tools\Takeout Zips\takeout-20260602T071913Z-11-025.zip,takeout-20260602T071913Z-11-025.zip,Takeout/Drive/Unorganized/October 2010 (27).JPG,C:\Users\thoma\Documents\Cyber Crimes Tools\Takeout Extracted\Takeout\Drive\Unorganized\October 2010 (27).JPG,846884,2013-02-28 21:17:30,ExtractNamedRelevant
C:\Users\thoma\Documents\Cyber Crimes Tools\Takeout Zips\takeout-20260602T071913Z-11-025.zip,takeout-20260602T071913Z-11-025.zip,Takeout/Drive/Unorganized/October 2010 (28).JPG,C:\Users\thoma\Documents\Cyber Crimes Tools\Takeout Extracted\Takeout\Drive\Unorganized\October 2010 (28).JPG,891427,2013-02-28 21:17:34,ExtractNamedRelevant
C:\Users\thoma\Documents\Cyber Crimes Tools\Takeout Zips\takeout-20260602T071913Z-11-025.zip,takeout-20260602T071913Z-11-025.zip,Takeout/Drive/Unorganized/DSC01991.JPG,C:\Users\thoma\Documents\Cyber Crimes Tools\Takeout Extracted\Takeout\Drive\Unorganized\DSC01991.JPG,2906044,2013-03-01 07:00:50,ExtractNamedRelevant
C:\Users\thoma\Documents\Cyber Crimes Tools\Takeout Zips\takeout-20260602T071913Z-11-025.zip,takeout-20260602T071913Z-11-025.zip,Takeout/Drive/Unorganized/DSC01992.JPG,C:\Users\thoma\Documents\Cyber Crimes Tools\Takeout Extracted\Takeout\Drive\Unorganized\DSC01992.JPG,2825230,2013-03-01 07:01:00,ExtractNamedRelevant
C:\Users\thoma\Documents\Cyber Crimes Tools\Takeout Zips\takeout-20260602T071913Z-11-025.zip,takeout-20260602T071913Z-11-025.zip,Takeout/Drive/Unorganized/231_2084.JPG,C:\Users\thoma\Documents\Cyber Crimes Tools\Takeout Extracted\Takeout\Drive\Unorganized\231_2084.JPG,1034140,2013-03-01 01:34:28,ExtractNamedRelevant
C:\Users\thoma\Documents\Cyber Crimes Tools\Takeout Zips\takeout-20260602T071913Z-11-025.zip,takeout-20260602T071913Z-11-025.zip,Takeout/Drive/Unorganized/IMG_3513.jpg,C:\Users\thoma\Documents\Cyber Crimes Tools\Takeout Extracted\Takeout\Drive\Unorganized\IMG_3513.jpg,1569640,2013-03-01 02:45:46,ExtractNamedRelevant
C:\Users\thoma\Documents\Cyber Crimes Tools\Takeout Zips\takeout-20260602T071913Z-11-025.zip,takeout-20260602T071913Z-11-025.zip,Takeout/Drive/Unorganized/DSC01989.JPG,C:\Users\thoma\Documents\Cyber Crimes Tools\Takeout Extracted\Takeout\Drive\Unorganized\DSC01989.JPG,2978892,2013-03-01 07:00:26,ExtractNamedRelevant
C:\Users\thoma\Documents\Cyber Crimes Tools\Takeout Zips\takeout-20260602T071913Z-11-025.zip,takeout-20260602T071913Z-11-025.zip,Takeout/Drive/Unorganized/IMG_3520.jpg,C:\Users\thoma\Documents\Cyber Crimes Tools\Takeout Extracted\Takeout\Drive\Unorganized\IMG_3520.jpg,2411943,2013-03-01 02:46:40,ExtractNamedRelevant
C:\Users\thoma\Documents\Cyber Crimes Tools\Takeout Zips\takeout-20260602T071913Z-11-025.zip,takeout-20260602T071913Z-11-025.zip,Takeout/Drive/Unorganized/204_1587.JPG,C:\Users\thoma\Documents\Cyber Crimes Tools\Takeout Extracted\Takeout\Drive\Unorganized\204_1587.JPG,2463048,2013-02-28 23:40:36,ExtractNamedRelevant
C:\Users\thoma\Documents\Cyber Crimes Tools\Takeout Zips\takeout-20260602T071913Z-11-025.zip,takeout-20260602T071913Z-11-025.zip,Takeout/Drive/Unorganized/IMG_3512.JPG,C:\Users\thoma\Documents\Cyber Crimes Tools\Takeout Extracted\Takeout\Drive\Unorganized\IMG_3512.JPG,3086839,2013-03-01 02:45:40,ExtractNamedRelevant
C:\Users\thoma\Documents\Cyber Crimes Tools\Takeout Zips\takeout-20260602T071913Z-11-025.zip,takeout-20260602T071913Z-11-025.zip,Takeout/Drive/Unorganized/new pics 426.jpg,C:\Users\thoma\Documents\Cyber Crimes Tools\Takeout Extracted\Takeout\Drive\Unorganized\new pics 426.jpg,707416,2013-02-28 19:12:12,ExtractNamedRelevant
C:\Users\thoma\Documents\Cyber Crimes Tools\Takeout Zips\takeout-20260602T071913Z-11-025.zip,takeout-20260602T071913Z-11-025.zip,Takeout/Drive/Unorganized/204_1586.JPG,C:\Users\thoma\Documents\Cyber Crimes Tools\Takeout Extracted\Takeout\Drive\Unorganized\204_1586.JPG,2873481,2013-02-28 23:40:26,ExtractNamedRelevant
C:\Users\thoma\Documents\Cyber Crimes Tools\Takeout Zips\takeout-20260602T071913Z-11-025.zip,takeout-20260602T071913Z-11-025.zip,Takeout/Drive/Unorganized/231_2075.JPG,C:\Users\thoma\Documents\Cyber Crimes Tools\Takeout Extracted\Takeout\Drive\Unorganized\231_2075.JPG,1270926,2013-03-01 01:34:06,ExtractNamedRelevant
C:\Users\thoma\Documents\Cyber Crimes Tools\Takeout Zips\takeout-20260602T071913Z-11-025.zip,takeout-20260602T071913Z-11-025.zip,Takeout/Drive/Unorganized/Marriot World Center Orlando_Dec 2010 (64).JPG,C:\Users\thoma\Documents\Cyber Crimes Tools\Takeout Extracted\Takeout\Drive\Unorganized\Marriot World Center Orlando_Dec 2010 (64).JPG,2148338,2013-02-28 18:53:14,ExtractNamedRelevant
C:\Users\thoma\Documents\Cyber Crimes Tools\Takeout Zips\takeout-20260602T071913Z-11-025.zip,takeout-20260602T071913Z-11-025.zip,Takeout/Drive/Unorganized/new pics 427.jpg,C:\Users\thoma\Documents\Cyber Crimes Tools\Takeout Extracted\Takeout\Drive\Unorganized\new pics 427.jpg,21199,2013-02-28 19:12:14,ExtractNamedRelevant
C:\Users\thoma\Documents\Cyber Crimes Tools\Takeout Zips\takeout-20260602T071913Z-11-025.zip,takeout-20260602T071913Z-11-025.zip,Takeout/Drive/Unorganized/204_1588.JPG,C:\Users\thoma\Documents\Cyber Crimes Tools\Takeout Extracted\Takeout\Drive\Unorganized\204_1588.JPG,2442031,2013-02-28 23:40:44,ExtractNamedRelevant
C:\Users\thoma\Documents\Cyber Crimes Tools\Takeout Zips\takeout-20260602T071913Z-11-025.zip,takeout-20260602T071913Z-11-025.zip,Takeout/Drive/Unorganized/231_2076.JPG,C:\Users\thoma\Documents\Cyber Crimes Tools\Takeout Extracted\Takeout\Drive\Unorganized\231_2076.JPG,1024019,2013-03-01 01:34:10,ExtractNamedRelevant
C:\Users\thoma\Documents\Cyber Crimes Tools\Takeout Zips\takeout-20260602T071913Z-11-025.zip,takeout-20260602T071913Z-11-025.zip,Takeout/Drive/Unorganized/231_2079.JPG,C:\Users\thoma\Documents\Cyber Crimes Tools\Takeout Extracted\Takeout\Drive\Unorganized\231_2079.JPG,989887,2013-03-01 01:34:14,ExtractNamedRelevant
C:\Users\thoma\Documents\Cyber Crimes Tools\Takeout Zips\takeout-20260602T071913Z-11-025.zip,takeout-20260602T071913Z-11-025.zip,Takeout/Drive/Unorganized/231_2082.JPG,C:\Users\thoma\Documents\Cyber Crimes Tools\Takeout Extracted\Takeout\Drive\Unorganized\231_2082.JPG,969264,2013-03-01 01:34:18,ExtractNamedRelevant
C:\Users\thoma\Documents\Cyber Crimes Tools\Takeout Zips\takeout-20260602T071913Z-11-025.zip,takeout-20260602T071913Z-11-025.zip,Takeout/Drive/Unorganized/October 2010 (25).JPG,C:\Users\thoma\Documents\Cyber Crimes Tools\Takeout Extracted\Takeout\Drive\Unorganized\October 2010 (25).JPG,1004408,2013-02-28 21:17:22,ExtractNamedRelevant
C:\Users\thoma\Documents\Cyber Crimes Tools\Takeout Zips\takeout-20260602T071913Z-11-025.zip,takeout-20260602T071913Z-11-025.zip,Takeout/Drive/Unorganized/IMG_3510.jpg,C:\Users\thoma\Documents\Cyber Crimes Tools\Takeout Extracted\Takeout\Drive\Unorganized\IMG_3510.jpg,2104106,2013-03-01 02:45:20,ExtractNamedRelevant
C:\Users\thoma\Documents\Cyber Crimes Tools\Takeout Zips\takeout-20260602T071913Z-11-025.zip,takeout-20260602T071913Z-11-025.zip,Takeout/Drive/Unorganized/DSC01988.JPG,C:\Users\thoma\Documents\Cyber Crimes Tools\Takeout Extracted\Takeout\Drive\Unorganized\DSC01988.JPG,2946440,2013-03-01 07:00:16,ExtractNamedRelevant
C:\Users\thoma\Documents\Cyber Crimes Tools\Takeout Zips\takeout-20260602T071913Z-11-025.zip,takeout-20260602T071913Z-11-025.zip,Takeout/Drive/Unorganized/DSC01990.JPG,C:\Users\thoma\Documents\Cyber Crimes Tools\Takeout Extracted\Takeout\Drive\Unorganized\DSC01990.JPG,2994275,2013-03-01 07:00:38,ExtractNamedRelevant
C:\Users\thoma\Documents\Cyber Crimes Tools\Takeout Zips\takeout-20260602T071913Z-11-025.zip,takeout-20260602T071913Z-11-025.zip,Takeout/Drive/Unorganized/204_1584.JPG,C:\Users\thoma\Documents\Cyber Crimes Tools\Takeout Extracted\Takeout\Drive\Unorganized\204_1584.JPG,2249131,2013-02-28 23:40:12,ExtractNamedRelevant
C:\Users\thoma\Documents\Cyber Crimes Tools\Takeout Zips\takeout-20260602T071913Z-11-025.zip,takeout-20260602T071913Z-11-025.zip,Takeout/Drive/Unorganized/Marriot World Center Orlando_Dec 2010 (63).JPG,C:\Users\thoma\Documents\Cyber Crimes Tools\Takeout Extracted\Takeout\Drive\Unorganized\Marriot World Center Orlando_Dec 2010 (63).JPG,1976498,2013-02-28 18:53:06,ExtractNamedRelevant
C:\Users\thoma\Documents\Cyber Crimes Tools\Takeout Zips\takeout-20260602T071913Z-11-025.zip,takeout-20260602T071913Z-11-025.zip,Takeout/Drive/Unorganized/204_1585.JPG,C:\Users\thoma\Documents\Cyber Crimes Tools\Takeout Extracted\Takeout\Drive\Unorganized\204_1585.JPG,1217602,2013-02-28 23:40:16,ExtractNamedRelevant
C:\Users\thoma\Documents\Cyber Crimes Tools\Takeout Zips\takeout-20260602T071913Z-11-025.zip,takeout-20260602T071913Z-11-025.zip,Takeout/Drive/Unorganized/October 2010 (24).JPG,C:\Users\thoma\Documents\Cyber Crimes Tools\Takeout Extracted\Takeout\Drive\Unorganized\October 2010 (24).JPG,877590,2013-02-28 21:17:18,ExtractNamedRelevant
C:\Users\thoma\Documents\Cyber Crimes Tools\Takeout Zips\takeout-20260602T071913Z-11-025.zip,takeout-20260602T071913Z-11-025.zip,Takeout/Drive/Unorganized/new pics 425.jpg,C:\Users\thoma\Documents\Cyber Crimes Tools\Takeout Extracted\Takeout\Drive\Unorganized\new pics 425.jpg,23545,2013-02-28 19:12:08,ExtractNamedRelevant
C:\Users\thoma\Documents\Cyber Crimes Tools\Takeout Zips\takeout-20260602T071913Z-11-025.zip,takeout-20260602T071913Z-11-025.zip,Takeout/Drive/Unorganized/Marriot World Center Orlando_Dec 2010 (61).JPG,C:\Users\thoma\Documents\Cyber Crimes Tools\Takeout Extracted\Takeout\Drive\Unorganized\Marriot World Center Orlando_Dec 2010 (61).JPG,1439660,2013-02-28 18:52:50,ExtractNamedRelevant
C:\Users\thoma\Documents\Cyber Crimes Tools\Takeout Zips\takeout-20260602T071913Z-11-025.zip,takeout-20260602T071913Z-11-025.zip,Takeout/Drive/Movies/VIDEO_TS/VTS_05_0.IFO,C:\Users\thoma\Documents\Cyber Crimes Tools\Takeout Extracted\Takeout\Drive\Movies\VIDEO_TS\VTS_05_0.IFO,18432,2011-03-14 18:03:58,ExtractNamedRelevant
C:\Users\thoma\Documents\Cyber Crimes Tools\Takeout Zips\takeout-20260602T071913Z-11-025.zip,takeout-20260602T071913Z-11-025.zip,Takeout/Drive/Pictures/2009/2009 169.jpg,C:\Users\thoma\Documents\Cyber Crimes Tools\Takeout Extracted\Takeout\Drive\Pictures\2009\2009 169.jpg,26071,2013-02-27 11:08:52,ExtractNamedRelevant
C:\Users\thoma\Documents\Cyber Crimes Tools\Takeout Zips\takeout-20260602T071913Z-11-025.zip,takeout-20260602T071913Z-11-025.zip,Takeout/Drive/Unorganized/October 2010 (22).JPG,C:\Users\thoma\Documents\Cyber Crimes Tools\Takeout Extracted\Takeout\Drive\Unorganized\October 2010 (22).JPG,937496,2013-02-28 21:17:08,ExtractNamedRelevant
C:\Users\thoma\Documents\Cyber Crimes Tools\Takeout Zips\takeout-20260602T071913Z-11-025.zip,takeout-20260602T071913Z-11-025.zip,Takeout/Drive/Unorganized/IMG_3509.jpg,C:\Users\thoma\Documents\Cyber Crimes Tools\Takeout Extracted\Takeout\Drive\Unorganized\IMG_3509.jpg,1026353,2013-03-01 02:45:12,ExtractNamedRelevant
C:\Users\thoma\Documents\Cyber Crimes Tools\Takeout Zips\takeout-20260602T071913Z-11-025.zip,takeout-20260602T071913Z-11-025.zip,Takeout/Drive/Unorganized/204_1583.JPG,C:\Users\thoma\Documents\Cyber Crimes Tools\Takeout Extracted\Takeout\Drive\Unorganized\204_1583.JPG,2088119,2013-02-28 23:40:04,ExtractNamedRelevant
C:\Users\thoma\Documents\Cyber Crimes Tools\Takeout Zips\takeout-20260602T071913Z-11-025.zip,takeout-20260602T071913Z-11-025.zip,Takeout/Drive/Unorganized/Marriot World Center Orlando_Dec 2010 (62).JPG,C:\Users\thoma\Documents\Cyber Crimes Tools\Takeout Extracted\Takeout\Drive\Unorganized\Marriot World Center Orlando_Dec 2010 (62).JPG,2097815,2013-02-28 18:52:58,ExtractNamedRelevant
C:\Users\thoma\Documents\Cyber Crimes Tools\Takeout Zips\takeout-20260602T071913Z-11-025.zip,takeout-20260602T071913Z-11-025.zip,Takeout/Drive/Unorganized/IMG_3511.JPG,C:\Users\thoma\Documents\Cyber Crimes Tools\Takeout Extracted\Takeout\Drive\Unorganized\IMG_3511.JPG,2690555,2013-03-01 02:45:30,ExtractNamedRelevant
C:\Users\thoma\Documents\Cyber Crimes Tools\Takeout Zips\takeout-20260602T071913Z-11-025.zip,takeout-20260602T071913Z-11-025.zip,Takeout/Drive/Unorganized/DSC01986.JPG,C:\Users\thoma\Documents\Cyber Crimes Tools\Takeout Extracted\Takeout\Drive\Unorganized\DSC01986.JPG,2850809,2013-03-01 07:00:04,ExtractNamedRelevant
C:\Users\thoma\Documents\Cyber Crimes Tools\Takeout Zips\takeout-20260602T071913Z-11-025.zip,takeout-20260602T071913Z-11-025.zip,Takeout/Drive/Unorganized/204_1582.JPG,C:\Users\thoma\Documents\Cyber Crimes Tools\Takeout Extracted\Takeout\Drive\Unorganized\204_1582.JPG,2420302,2013-02-28 23:39:56,ExtractNamedRelevant
C:\Users\thoma\Documents\Cyber Crimes Tools\Takeout Zips\takeout-20260602T071913Z-11-025.zip,takeout-20260602T071913Z-11-025.zip,Takeout/Drive/Unorganized/DSC01985.JPG,C:\Users\thoma\Documents\Cyber Crimes Tools\Takeout Extracted\Takeout\Drive\Unorganized\DSC01985.JPG,2812221,2013-03-01 06:59:54,ExtractNamedRelevant
C:\Users\thoma\Documents\Cyber Crimes Tools\Takeout Zips\takeout-20260602T071913Z-11-025.zip,takeout-20260602T071913Z-11-025.zip,Takeout/Drive/Unorganized/IMGP0003(1).JPG,C:\Users\thoma\Documents\Cyber Crimes Tools\Takeout Extracted\Takeout\Drive\Unorganized\IMGP0003(1).JPG,1473822,2013-03-01 02:45:08,ExtractNamedRelevant
C:\Users\thoma\Documents\Cyber Crimes Tools\Takeout Zips\takeout-20260602T071913Z-11-025.zip,takeout-20260602T071913Z-11-025.zip,Takeout/Drive/Unorganized/204_1581.JPG,C:\Users\thoma\Documents\Cyber Crimes Tools\Takeout Extracted\Takeout\Drive\Unorganized\204_1581.JPG,2831400,2013-02-28 23:39:48,ExtractNamedRelevant
C:\Users\thoma\Documents\Cyber Crimes Tools\Takeout Zips\takeout-20260602T071913Z-11-025.zip,takeout-20260602T071913Z-11-025.zip,Takeout/Drive/Unorganized/October 2010 (21).JPG,C:\Users\thoma\Documents\Cyber Crimes Tools\Takeout Extracted\Takeout\Drive\Unorganized\October 2010 (21).JPG,851286,2013-02-28 21:17:04,ExtractNamedRelevant
C:\Users\thoma\Documents\Cyber Crimes Tools\Takeout Zips\takeout-20260602T071913Z-11-025.zip,takeout-20260602T071913Z-11-025.zip,Takeout/Drive/Unorganized/172_0477.JPG,C:\Users\thoma\Documents\Cyber Crimes Tools\Takeout Extracted\Takeout\Drive\Unorganized\172_0477.JPG,835261,2013-02-28 19:15:12,ExtractNamedRelevant
C:\Users\thoma\Documents\Cyber Crimes Tools\Takeout Zips\takeout-20260602T071913Z-11-025.zip,takeout-20260602T071913Z-11-025.zip,Takeout/Drive/Unorganized/new pics 418.jpg,C:\Users\thoma\Documents\Cyber Crimes Tools\Takeout Extracted\Takeout\Drive\Unorganized\new pics 418.jpg,802497,2013-02-28 19:11:52,ExtractNamedRelevant
C:\Users\thoma\Documents\Cyber Crimes Tools\Takeout Zips\takeout-20260602T071913Z-11-025.zip,takeout-20260602T071913Z-11-025.zip,Takeout/Drive/Unorganized/Nov 2010 (6).JPG,C:\Users\thoma\Documents\Cyber Crimes Tools\Takeout Extracted\Takeout\Drive\Unorganized\Nov 2010 (6).JPG,914626,2013-02-28 21:02:16,ExtractNamedRelevant
C:\Users\thoma\Documents\Cyber Crimes Tools\Takeout Zips\takeout-20260602T071913Z-11-025.zip,takeout-20260602T071913Z-11-025.zip,Takeout/Drive/Unorganized/new pics 424.jpg,C:\Users\thoma\Documents\Cyber Crimes Tools\Takeout Extracted\Takeout\Drive\Unorganized\new pics 424.jpg,787013,2013-02-28 19:12:08,ExtractNamedRelevant
C:\Users\thoma\Documents\Cyber Crimes Tools\Takeout Zips\takeout-20260602T071913Z-11-025.zip,takeout-20260602T071913Z-11-025.zip,Takeout/Drive/Unorganized/new pics 416.jpg,C:\Users\thoma\Documents\Cyber Crimes Tools\Takeout Extracted\Takeout\Drive\Unorganized\new pics 416.jpg,30153,2013-02-28 19:11:48,ExtractNamedRelevant
C:\Users\thoma\Documents\Cyber Crimes Tools\Takeout Zips\takeout-20260602T071913Z-11-025.zip,takeout-20260602T071913Z-11-025.zip,Takeout/Drive/Unorganized/October 2010 (23).JPG,C:\Users\thoma\Documents\Cyber Crimes Tools\Takeout Extracted\Takeout\Drive\Unorganized\October 2010 (23).JPG,945624,2013-02-28 21:17:12,ExtractNamedRelevant
C:\Users\thoma\Documents\Cyber Crimes Tools\Takeout Zips\takeout-20260602T071913Z-11-025.zip,takeout-20260602T071913Z-11-025.zip,Takeout/Drive/Pictures/2009/Trip To Oregon 2009/Oregon Trip Oct 2009 (39).JPG,C:\Users\thoma\Documents\Cyber Crimes Tools\Takeout Extracted\Takeout\Drive\Pictures\2009\Trip To Oregon 2009\Oregon Trip Oct 2009 (39).JPG,2019462,2013-02-27 12:18:38,ExtractNamedRelevant
C:\Users\thoma\Documents\Cyber Crimes Tools\Takeout Zips\takeout-20260602T071913Z-11-025.zip,takeout-20260602T071913Z-11-025.zip,Takeout/Drive/Pictures/2011/DSC01874.JPG,C:\Users\thoma\Documents\Cyber Crimes Tools\Takeout Extracted\Takeout\Drive\Pictures\2011\DSC01874.JPG,2581392,2013-02-28 02:53:02,ExtractNamedRelevant
C:\Users\thoma\Documents\Cyber Crimes Tools\Takeout Zips\takeout-20260602T071913Z-11-025.zip,takeout-20260602T071913Z-11-025.zip,Takeout/Drive/Pictures/2011/Rosh Hashana Sep  28 2011 (2).JPG,C:\Users\thoma\Documents\Cyber Crimes Tools\Takeout Extracted\Takeout\Drive\Pictures\2011\Rosh Hashana Sep  28 2011 (2).JPG,1202487,2013-02-28 11:24:02,ExtractNamedRelevant
C:\Users\thoma\Documents\Cyber Crimes Tools\Takeout Zips\takeout-20260602T071913Z-11-025.zip,takeout-20260602T071913Z-11-025.zip,Takeout/Drive/Unorganized/Marriot World Center Orlando_Dec 2010 (51).JPG,C:\Users\thoma\Documents\Cyber Crimes Tools\Takeout Extracted\Takeout\Drive\Unorganized\Marriot World Center Orlando_Dec 2010 (51).JPG,1188495,2013-02-28 18:51:46,ExtractNamedRelevant
C:\Users\thoma\Documents\Cyber Crimes Tools\Takeout Zips\takeout-20260602T071913Z-11-025.zip,takeout-20260602T071913Z-11-025.zip,Takeout/Drive/Pictures/2009/Trip To Oregon 2009/Oregon Trip Oct 2009 (4).JPG,C:\Users\thoma\Documents\Cyber Crimes Tools\Takeout Extracted\Takeout\Drive\Pictures\2009\Trip To Oregon 2009\Oregon Trip Oct 2009 (4).JPG,2508737,2013-02-27 12:18:50,ExtractNamedRelevant
C:\Users\thoma\Documents\Cyber Crimes Tools\Takeout Zips\takeout-20260602T071913Z-11-025.zip,takeout-20260602T071913Z-11-025.zip,Takeout/Drive/Pictures/2011/Grandpa visiting-Mar 31 (5).JPG,C:\Users\thoma\Documents\Cyber Crimes Tools\Takeout Extracted\Takeout\Drive\Pictures\2011\Grandpa visiting-Mar 31 (5).JPG,2039627,2013-02-28 06:34:54,ExtractNamedRelevant
C:\Users\thoma\Documents\Cyber Crimes Tools\Takeout Zips\takeout-20260602T071913Z-11-025.zip,takeout-20260602T071913Z-11-025.zip,Takeout/Drive/Unorganized/Marriot World Center Orlando_Dec 2010 (52).JPG,C:\Users\thoma\Documents\Cyber Crimes Tools\Takeout Extracted\Takeout\Drive\Unorganized\Marriot World Center Orlando_Dec 2010 (52).JPG,1161125,2013-02-28 18:51:52,ExtractNamedRelevant
C:\Users\thoma\Documents\Cyber Crimes Tools\Takeout Zips\takeout-20260602T071913Z-11-025.zip,takeout-20260602T071913Z-11-025.zip,Takeout/Drive/Pictures/2010/Elijah at 17 months (38).JPG,C:\Users\thoma\Documents\Cyber Crimes Tools\Takeout Extracted\Takeout\Drive\Pictures\2010\Elijah at 17 months (38).JPG,1480474,2013-02-27 13:36:36,ExtractNamedRelevant
C:\Users\thoma\Documents\Cyber Crimes Tools\Takeout Zips\takeout-20260602T071913Z-11-025.zip,takeout-20260602T071913Z-11-025.zip,Takeout/Drive/Unorganized/Marriot World Center Orlando_Dec 2010 (50).JPG,C:\Users\thoma\Documents\Cyber Crimes Tools\Takeout Extracted\Takeout\Drive\Unorganized\Marriot World Center Orlando_Dec 2010 (50).JPG,1177203,2013-02-28 18:51:42,ExtractNamedRelevant
C:\Users\thoma\Documents\Cyber Crimes Tools\Takeout Zips\takeout-20260602T071913Z-11-025.zip,takeout-20260602T071913Z-11-025.zip,Takeout/Drive/Unorganized/Marriot World Center Orlando_Dec 2010 (53).JPG,C:\Users\thoma\Documents\Cyber Crimes Tools\Takeout Extracted\Takeout\Drive\Unorganized\Marriot World Center Orlando_Dec 2010 (53).JPG,1253801,2013-02-28 18:51:58,ExtractNamedRelevant
C:\Users\thoma\Documents\Cyber Crimes Tools\Takeout Zips\takeout-20260602T071913Z-11-025.zip,takeout-20260602T071913Z-11-025.zip,Takeout/Drive/Unorganized/Marriot World Center Orlando_Dec 2010 (49).JPG,C:\Users\thoma\Documents\Cyber Crimes Tools\Takeout Extracted\Takeout\Drive\Unorganized\Marriot World Center Orlando_Dec 2010 (49).JPG,1198494,2013-02-28 18:51:36,ExtractNamedRelevant
C:\Users\thoma\Documents\Cyber Crimes Tools\Takeout Zips\takeout-20260602T071913Z-11-025.zip,takeout-20260602T071913Z-11-025.zip,Takeout/Drive/Unorganized/Loving the coconut-Dec 2010 (9).JPG,C:\Users\thoma\Documents\Cyber Crimes Tools\Takeout Extracted\Takeout\Drive\Unorganized\Loving the coconut-Dec 2010 (9).JPG,903151,2013-02-28 18:51:08,ExtractNamedRelevant
C:\Users\thoma\Documents\Cyber Crimes Tools\Takeout Zips\takeout-20260602T071913Z-11-025.zip,takeout-20260602T071913Z-11-025.zip,Takeout/Drive/Unorganized/Loving the coconut-Dec 2010 (8).JPG,C:\Users\thoma\Documents\Cyber Crimes Tools\Takeout Extracted\Takeout\Drive\Unorganized\Loving the coconut-Dec 2010 (8).JPG,878222,2013-02-28 18:51:04,ExtractNamedRelevant
C:\Users\thoma\Documents\Cyber Crimes Tools\Takeout Zips\takeout-20260602T071913Z-11-025.zip,takeout-20260602T071913Z-11-025.zip,Takeout/Drive/Unorganized/Marriot Wold Center Orlando_Dec 2010 (1).JPG,C:\Users\thoma\Documents\Cyber Crimes Tools\Takeout Extracted\Takeout\Drive\Unorganized\Marriot Wold Center Orlando_Dec 2010 (1).JPG,1261819,2013-02-28 18:51:14,ExtractNamedRelevant
C:\Users\thoma\Documents\Cyber Crimes Tools\Takeout Zips\takeout-20260602T071913Z-11-025.zip,takeout-20260602T071913Z-11-025.zip,Takeout/Drive/Unorganized/Marriot World Center Orlando_Dec 2010 (47).JPG,C:\Users\thoma\Documents\Cyber Crimes Tools\Takeout Extracted\Takeout\Drive\Unorganized\Marriot World Center Orlando_Dec 2010 (47).JPG,1674128,2013-02-28 18:51:32,ExtractNamedRelevant
C:\Users\thoma\Documents\Cyber Crimes Tools\Takeout Zips\takeout-20260602T071913Z-11-025.zip,takeout-20260602T071913Z-11-025.zip,Takeout/Drive/Unorganized/Marriot Wold Center Orlando_Dec 2010 (2).JPG,C:\Users\thoma\Documents\Cyber Crimes Tools\Takeout Extracted\Takeout\Drive\Unorganized\Marriot Wold Center Orlando_Dec 2010 (2).JPG,1242329,2013-02-28 18:51:20,ExtractNamedRelevant
C:\Users\thoma\Documents\Cyber Crimes Tools\Takeout Zips\takeout-20260602T071913Z-11-025.zip,takeout-20260602T071913Z-11-025.zip,Takeout/Drive/Unorganized/Marriot World Center Orlando_Dec 2010 (46).JPG,C:\Users\thoma\Documents\Cyber Crimes Tools\Takeout Extracted\Takeout\Drive\Unorganized\Marriot World Center Orlando_Dec 2010 (46).JPG,1364883,2013-02-28 18:51:24,ExtractNamedRelevant
C:\Users\thoma\Documents\Cyber Crimes Tools\Takeout Zips\takeout-20260602T071913Z-11-025.zip,takeout-20260602T071913Z-11-025.zip,"Takeout/Drive/Unorganized/Los Olivos, Ca June 2010 (4).jpg","C:\Users\thoma\Documents\Cyber Crimes Tools\Takeout Extracted\Takeout\Drive\Unorganized\Los Olivos, Ca June 2010 (4).jpg",1130196,2013-02-28 18:49:42,ExtractNamedRelevant
C:\Users\thoma\Documents\Cyber Crimes Tools\Takeout Zips\takeout-20260602T071913Z-11-025.zip,takeout-20260602T071913Z-11-025.zip,Takeout/Drive/Unorganized/119_0317.JPG,C:\Users\thoma\Documents\Cyber Crimes Tools\Takeout Extracted\Takeout\Drive\Unorganized\119_0317.JPG,1038414,2013-02-28 18:49:12,ExtractNamedRelevant
C:\Users\thoma\Documents\Cyber Crimes Tools\Takeout Zips\takeout-20260602T071913Z-11-025.zip,takeout-20260602T071913Z-11-025.zip,Takeout/Drive/Unorganized/Loving the coconut-Dec 2010 (6).JPG,C:\Users\thoma\Documents\Cyber Crimes Tools\Takeout Extracted\Takeout\Drive\Unorganized\Loving the coconut-Dec 2010 (6).JPG,835170,2013-02-28 18:50:56,ExtractNamedRelevant
C:\Users\thoma\Documents\Cyber Crimes Tools\Takeout Zips\takeout-20260602T071913Z-11-025.zip,takeout-20260602T071913Z-11-025.zip,Takeout/Drive/Unorganized/Loving the coconut-Dec 2010 (5).JPG,C:\Users\thoma\Documents\Cyber Crimes Tools\Takeout Extracted\Takeout\Drive\Unorganized\Loving the coconut-Dec 2010 (5).JPG,912431,2013-02-28 18:50:52,ExtractNamedRelevant
C:\Users\thoma\Documents\Cyber Crimes Tools\Takeout Zips\takeout-20260602T071913Z-11-025.zip,takeout-20260602T071913Z-11-025.zip,Takeout/Drive/Unorganized/Loving the coconut-Dec 2010 (4).JPG,C:\Users\thoma\Documents\Cyber Crimes Tools\Takeout Extracted\Takeout\Drive\Unorganized\Loving the coconut-Dec 2010 (4).JPG,895165,2013-02-28 18:50:48,ExtractNamedRelevant
C:\Users\thoma\Documents\Cyber Crimes Tools\Takeout Zips\takeout-20260602T071913Z-11-025.zip,takeout-20260602T071913Z-11-025.zip,Takeout/Drive/Unorganized/Loving the coconut-Dec 2010 (2).JPG,C:\Users\thoma\Documents\Cyber Crimes Tools\Takeout Extracted\Takeout\Drive\Unorganized\Loving the coconut-Dec 2010 (2).JPG,875321,2013-02-28 18:50:40,ExtractNamedRelevant
C:\Users\thoma\Documents\Cyber Crimes Tools\Takeout Zips\takeout-20260602T071913Z-11-025.zip,takeout-20260602T071913Z-11-025.zip,Takeout/Drive/Unorganized/Loving the coconut-Dec 2010 (3).JPG,C:\Users\thoma\Documents\Cyber Crimes Tools\Takeout Extracted\Takeout\Drive\Unorganized\Loving the coconut-Dec 2010 (3).JPG,880165,2013-02-28 18:50:44,ExtractNamedRelevant
C:\Users\thoma\Documents\Cyber Crimes Tools\Takeout Zips\takeout-20260602T071913Z-11-025.zip,takeout-20260602T071913Z-11-025.zip,Takeout/Drive/Unorganized/Loving the coconut-Dec 2010 (13).JPG,C:\Users\thoma\Documents\Cyber Crimes Tools\Takeout Extracted\Takeout\Drive\Unorganized\Loving the coconut-Dec 2010 (13).JPG,900112,2013-02-28 18:50:36,ExtractNamedRelevant
C:\Users\thoma\Documents\Cyber Crimes Tools\Takeout Zips\takeout-20260602T071913Z-11-025.zip,takeout-20260602T071913Z-11-025.zip,Takeout/Drive/Unorganized/Loving the coconut-Dec 2010 (10).JPG,C:\Users\thoma\Documents\Cyber Crimes Tools\Takeout Extracted\Takeout\Drive\Unorganized\Loving the coconut-Dec 2010 (10).JPG,913097,2013-02-28 18:50:24,ExtractNamedRelevant
C:\Users\thoma\Documents\Cyber Crimes Tools\Takeout Zips\takeout-20260602T071913Z-11-025.zip,takeout-20260602T071913Z-11-025.zip,Takeout/Drive/Unorganized/Loving the coconut-Dec 2010 (12).JPG,C:\Users\thoma\Documents\Cyber Crimes Tools\Takeout Extracted\Takeout\Drive\Unorganized\Loving the coconut-Dec 2010 (12).JPG,871008,2013-02-28 18:50:30,ExtractNamedRelevant
C:\Users\thoma\Documents\Cyber Crimes Tools\Takeout Zips\takeout-20260602T071913Z-11-025.zip,takeout-20260602T071913Z-11-025.zip,Takeout/Drive/Unorganized/Loving the coconut-Dec 2010 (1).JPG,C:\Users\thoma\Documents\Cyber Crimes Tools\Takeout Extracted\Takeout\Drive\Unorganized\Loving the coconut-Dec 2010 (1).JPG,879583,2013-02-28 18:50:20,ExtractNamedRelevant
C:\Users\thoma\Documents\Cyber Crimes Tools\Takeout Zips\takeout-20260602T071913Z-11-025.zip,takeout-20260602T071913Z-11-025.zip,"Takeout/Drive/Unorganized/Los Olivos, Ca June 2010 (8).jpg","C:\Users\thoma\Documents\Cyber Crimes Tools\Takeout Extracted\Takeout\Drive\Unorganized\Los Olivos, Ca June 2010 (8).jpg",963227,2013-02-28 18:50:14,ExtractNamedRelevant
C:\Users\thoma\Documents\Cyber Crimes Tools\Takeout Zips\takeout-20260602T071913Z-11-025.zip,takeout-20260602T071913Z-11-025.zip,Takeout/Drive/Unorganized/Loving the coconut-Dec 2010 (11).JPG,C:\Users\thoma\Documents\Cyber Crimes Tools\Takeout Extracted\Takeout\Drive\Unorganized\Loving the coconut-Dec 2010 (11).JPG,861529,2013-02-28 18:50:28,ExtractNamedRelevant
C:\Users\thoma\Documents\Cyber Crimes Tools\Takeout Zips\takeout-20260602T071913Z-11-025.zip,takeout-20260602T071913Z-11-025.zip,Takeout/Drive/Unorganized/119_0319.JPG,C:\Users\thoma\Documents\Cyber Crimes Tools\Takeout Extracted\Takeout\Drive\Unorganized\119_0319.JPG,663852,2013-02-28 18:49:22,ExtractNamedRelevant
C:\Users\thoma\Documents\Cyber Crimes Tools\Takeout Zips\takeout-20260602T071913Z-11-025.zip,takeout-20260602T071913Z-11-025.zip,"Takeout/Drive/Unorganized/Los Olivos, Ca June 2010 (6).jpg","C:\Users\thoma\Documents\Cyber Crimes Tools\Takeout Extracted\Takeout\Drive\Unorganized\Los Olivos, Ca June 2010 (6).jpg",990369,2013-02-28 18:50:06,ExtractNamedRelevant
C:\Users\thoma\Documents\Cyber Crimes Tools\Takeout Zips\takeout-20260602T071913Z-11-025.zip,takeout-20260602T071913Z-11-025.zip,"Takeout/Drive/Unorganized/Los Olivos, Ca June 2010 (2).jpg","C:\Users\thoma\Documents\Cyber Crimes Tools\Takeout Extracted\Takeout\Drive\Unorganized\Los Olivos, Ca June 2010 (2).jpg",1032544,2013-02-28 18:49:32,ExtractNamedRelevant
C:\Users\thoma\Documents\Cyber Crimes Tools\Takeout Zips\takeout-20260602T071913Z-11-025.zip,takeout-20260602T071913Z-11-025.zip,"Takeout/Drive/Unorganized/Los Olivos, Ca June 2010 (3).jpg","C:\Users\thoma\Documents\Cyber Crimes Tools\Takeout Extracted\Takeout\Drive\Unorganized\Los Olivos, Ca June 2010 (3).jpg",1047775,2013-02-28 18:49:36,ExtractNamedRelevant
C:\Users\thoma\Documents\Cyber Crimes Tools\Takeout Zips\takeout-20260602T071913Z-11-025.zip,takeout-20260602T071913Z-11-025.zip,Takeout/Drive/Unorganized/119_0315.JPG,C:\Users\thoma\Documents\Cyber Crimes Tools\Takeout Extracted\Takeout\Drive\Unorganized\119_0315.JPG,1677564,2013-02-28 18:49:02,ExtractNamedRelevant
C:\Users\thoma\Documents\Cyber Crimes Tools\Takeout Zips\takeout-20260602T071913Z-11-025.zip,takeout-20260602T071913Z-11-025.zip,Takeout/Drive/Unorganized/119_0318.JPG,C:\Users\thoma\Documents\Cyber Crimes Tools\Takeout Extracted\Takeout\Drive\Unorganized\119_0318.JPG,743420,2013-02-28 18:49:16,ExtractNamedRelevant
C:\Users\thoma\Documents\Cyber Crimes Tools\Takeout Zips\takeout-20260602T071913Z-11-025.zip,takeout-20260602T071913Z-11-025.zip,Takeout/Drive/Unorganized/119_0314.JPG,C:\Users\thoma\Documents\Cyber Crimes Tools\Takeout Extracted\Takeout\Drive\Unorganized\119_0314.JPG,872825,2013-02-28 18:48:56,ExtractNamedRelevant
C:\Users\thoma\Documents\Cyber Crimes Tools\Takeout Zips\takeout-20260602T071913Z-11-025.zip,takeout-20260602T071913Z-11-025.zip,"Takeout/Drive/Unorganized/Los Olivos, Ca June 2010 (1).jpg","C:\Users\thoma\Documents\Cyber Crimes Tools\Takeout Extracted\Takeout\Drive\Unorganized\Los Olivos, Ca June 2010 (1).jpg",1039803,2013-02-28 18:49:26,ExtractNamedRelevant
C:\Users\thoma\Documents\Cyber Crimes Tools\Takeout Zips\takeout-20260602T071913Z-11-025.zip,takeout-20260602T071913Z-11-025.zip,Takeout/Drive/Unorganized/119_0316.JPG,C:\Users\thoma\Documents\Cyber Crimes Tools\Takeout Extracted\Takeout\Drive\Unorganized\119_0316.JPG,1124610,2013-02-28 18:49:08,ExtractNamedRelevant
C:\Users\thoma\Documents\Cyber Crimes Tools\Takeout Zips\takeout-20260602T071913Z-11-025.zip,takeout-20260602T071913Z-11-025.zip,Takeout/Drive/Unorganized/playtime at 16 months (7).JPG,C:\Users\thoma\Documents\Cyber Crimes Tools\Takeout Extracted\Takeout\Drive\Unorganized\playtime at 16 months (7).JPG,813181,2013-02-28 18:48:38,ExtractNamedRelevant
C:\Users\thoma\Documents\Cyber Crimes Tools\Takeout Zips\takeout-20260602T071913Z-11-025.zip,takeout-20260602T071913Z-11-025.zip,Takeout/Drive/Unorganized/playtime at 16 months (9).JPG,C:\Users\thoma\Documents\Cyber Crimes Tools\Takeout Extracted\Takeout\Drive\Unorganized\playtime at 16 months (9).JPG,804843,2013-02-28 18:48:46,ExtractNamedRelevant
C:\Users\thoma\Documents\Cyber Crimes Tools\Takeout Zips\takeout-20260602T071913Z-11-025.zip,takeout-20260602T071913Z-11-025.zip,Takeout/Drive/Unorganized/playtime at 16 months (6).JPG,C:\Users\thoma\Documents\Cyber Crimes Tools\Takeout Extracted\Takeout\Drive\Unorganized\playtime at 16 months (6).JPG,773845,2013-02-28 18:48:34,ExtractNamedRelevant
C:\Users\thoma\Documents\Cyber Crimes Tools\Takeout Zips\takeout-20260602T071913Z-11-025.zip,takeout-20260602T071913Z-11-025.zip,Takeout/Drive/Unorganized/playtime at 16 months (5).JPG,C:\Users\thoma\Documents\Cyber Crimes Tools\Takeout Extracted\Takeout\Drive\Unorganized\playtime at 16 months (5).JPG,866411,2013-02-28 18:48:30,ExtractNamedRelevant
C:\Users\thoma\Documents\Cyber Crimes Tools\Takeout Zips\takeout-20260602T071913Z-11-025.zip,takeout-20260602T071913Z-11-025.zip,Takeout/Drive/Unorganized/playtime at 16 months (37).JPG,C:\Users\thoma\Documents\Cyber Crimes Tools\Takeout Extracted\Takeout\Drive\Unorganized\playtime at 16 months (37).JPG,854950,2013-02-28 18:47:58,ExtractNamedRelevant
C:\Users\thoma\Documents\Cyber Crimes Tools\Takeout Zips\takeout-20260602T071913Z-11-025.zip,takeout-20260602T071913Z-11-025.zip,"Takeout/Drive/Unorganized/Los Olivos, Ca June 2010 (7).jpg","C:\Users\thoma\Documents\Cyber Crimes Tools\Takeout Extracted\Takeout\Drive\Unorganized\Los Olivos, Ca June 2010 (7).jpg",976757,2013-02-28 18:50:10,ExtractNamedRelevant
C:\Users\thoma\Documents\Cyber Crimes Tools\Takeout Zips\takeout-20260602T071913Z-11-025.zip,takeout-20260602T071913Z-11-025.zip,Takeout/Drive/Unorganized/playtime at 16 months (36).JPG,C:\Users\thoma\Documents\Cyber Crimes Tools\Takeout Extracted\Takeout\Drive\Unorganized\playtime at 16 months (36).JPG,727807,2013-02-28 18:47:54,ExtractNamedRelevant
C:\Users\thoma\Documents\Cyber Crimes Tools\Takeout Zips\takeout-20260602T071913Z-11-025.zip,takeout-20260602T071913Z-11-025.zip,Takeout/Drive/Unorganized/playtime at 16 months (31).JPG,C:\Users\thoma\Documents\Cyber Crimes Tools\Takeout Extracted\Takeout\Drive\Unorganized\playtime at 16 months (31).JPG,1254886,2013-02-28 18:47:32,ExtractNamedRelevant
C:\Users\thoma\Documents\Cyber Crimes Tools\Takeout Zips\takeout-20260602T071913Z-11-025.zip,takeout-20260602T071913Z-11-025.zip,Takeout/Drive/Unorganized/playtime at 16 months (8).JPG,C:\Users\thoma\Documents\Cyber Crimes Tools\Takeout Extracted\Takeout\Drive\Unorganized\playtime at 16 months (8).JPG,888352,2013-02-28 18:48:42,ExtractNamedRelevant
C:\Users\thoma\Documents\Cyber Crimes Tools\Takeout Zips\takeout-20260602T071913Z-11-025.zip,takeout-20260602T071913Z-11-025.zip,Takeout/Drive/Unorganized/playtime at 16 months (33).JPG,C:\Users\thoma\Documents\Cyber Crimes Tools\Takeout Extracted\Takeout\Drive\Unorganized\playtime at 16 months (33).JPG,1104633,2013-02-28 18:47:42,ExtractNamedRelevant
C:\Users\thoma\Documents\Cyber Crimes Tools\Takeout Zips\takeout-20260602T071913Z-11-025.zip,takeout-20260602T071913Z-11-025.zip,Takeout/Drive/Unorganized/playtime at 16 months (35).JPG,C:\Users\thoma\Documents\Cyber Crimes Tools\Takeout Extracted\Takeout\Drive\Unorganized\playtime at 16 months (35).JPG,787536,2013-02-28 18:47:50,ExtractNamedRelevant
C:\Users\thoma\Documents\Cyber Crimes Tools\Takeout Zips\takeout-20260602T071913Z-11-025.zip,takeout-20260602T071913Z-11-025.zip,Takeout/Drive/Unorganized/playtime at 16 months (3).JPG,C:\Users\thoma\Documents\Cyber Crimes Tools\Takeout Extracted\Takeout\Drive\Unorganized\playtime at 16 months (3).JPG,837512,2013-02-28 18:47:20,ExtractNamedRelevant
C:\Users\thoma\Documents\Cyber Crimes Tools\Takeout Zips\takeout-20260602T071913Z-11-025.zip,takeout-20260602T071913Z-11-025.zip,"Takeout/Drive/Unorganized/Los Olivos, Ca June 2010 (5).jpg","C:\Users\thoma\Documents\Cyber Crimes Tools\Takeout Extracted\Takeout\Drive\Unorganized\Los Olivos, Ca June 2010 (5).jpg",956383,2013-02-28 18:50:02,ExtractNamedRelevant
C:\Users\thoma\Documents\Cyber Crimes Tools\Takeout Zips\takeout-20260602T071913Z-11-025.zip,takeout-20260602T071913Z-11-025.zip,Takeout/Drive/Unorganized/playtime at 16 months (30).JPG,C:\Users\thoma\Documents\Cyber Crimes Tools\Takeout Extracted\Takeout\Drive\Unorganized\playtime at 16 months (30).JPG,1331763,2013-02-28 18:47:26,ExtractNamedRelevant
C:\Users\thoma\Documents\Cyber Crimes Tools\Takeout Zips\takeout-20260602T071913Z-11-025.zip,takeout-20260602T071913Z-11-025.zip,Takeout/Drive/Unorganized/playtime at 16 months (34).JPG,C:\Users\thoma\Documents\Cyber Crimes Tools\Takeout Extracted\Takeout\Drive\Unorganized\playtime at 16 months (34).JPG,842416,2013-02-28 18:47:46,ExtractNamedRelevant
C:\Users\thoma\Documents\Cyber Crimes Tools\Takeout Zips\takeout-20260602T071913Z-11-025.zip,takeout-20260602T071913Z-11-025.zip,Takeout/Drive/Unorganized/playtime at 16 months (4).JPG,C:\Users\thoma\Documents\Cyber Crimes Tools\Takeout Extracted\Takeout\Drive\Unorganized\playtime at 16 months (4).JPG,676709,2013-02-28 18:48:08,ExtractNamedRelevant
C:\Users\thoma\Documents\Cyber Crimes Tools\Takeout Zips\takeout-20260602T071913Z-11-025.zip,takeout-20260602T071913Z-11-025.zip,Takeout/Drive/Unorganized/Here we arrrre - Dec 2010.MOV,C:\Users\thoma\Documents\Cyber Crimes Tools\Takeout Extracted\Takeout\Drive\Unorganized\Here we arrrre - Dec 2010.MOV,65106581,2013-02-28 18:45:32,SkipLargeMediaEvenIfNamed
C:\Users\thoma\Documents\Cyber Crimes Tools\Takeout Zips\takeout-20260602T071913Z-11-025.zip,takeout-20260602T071913Z-11-025.zip,Takeout/Drive/Unorganized/playtime at 16 months (32).JPG,C:\Users\thoma\Documents\Cyber Crimes Tools\Takeout Extracted\Takeout\Drive\Unorganized\playtime at 16 months (32).JPG,1145606,2013-02-28 18:47:38,ExtractNamedRelevant
C:\Users\thoma\Documents\Cyber Crimes Tools\Takeout Zips\takeout-20260602T071913Z-11-025.zip,takeout-20260602T071913Z-11-025.zip,Takeout/Drive/Unorganized/playtime at 16 months (29).JPG,C:\Users\thoma\Documents\Cyber Crimes Tools\Takeout Extracted\Takeout\Drive\Unorganized\playtime at 16 months (29).JPG,1308564,2013-02-28 18:47:16,ExtractNamedRelevant
C:\Users\thoma\Documents\Cyber Crimes Tools\Takeout Zips\takeout-20260602T071913Z-11-025.zip,takeout-20260602T071913Z-11-025.zip,Takeout/Drive/Unorganized/playtime at 16 months (28).JPG,C:\Users\thoma\Documents\Cyber Crimes Tools\Takeout Extracted\Takeout\Drive\Unorganized\playtime at 16 months (28).JPG,1162837,2013-02-28 18:47:10,ExtractNamedRelevant
C:\Users\thoma\Documents\Cyber Crimes Tools\Takeout Zips\takeout-20260602T071913Z-11-025.zip,takeout-20260602T071913Z-11-025.zip,Takeout/Drive/Unorganized/Elijah_s first steps (6) Summer 2010.MOV,C:\Users\thoma\Documents\Cyber Crimes Tools\Takeout Extracted\Takeout\Drive\Unorganized\Elijah_s first steps (6) Summer 2010.MOV,155211490,2013-02-28 18:34:26,SkipLargeMediaEvenIfNamed
C:\Users\thoma\Documents\Cyber Crimes Tools\Takeout Zips\takeout-20260602T071913Z-11-025.zip,takeout-20260602T071913Z-11-025.zip,Takeout/Drive/Unorganized/playtime at 16 months (25).JPG,C:\Users\thoma\Documents\Cyber Crimes Tools\Takeout Extracted\Takeout\Drive\Unorganized\playtime at 16 months (25).JPG,1600331,2013-02-28 18:46:54,ExtractNamedRelevant
C:\Users\thoma\Documents\Cyber Crimes Tools\Takeout Zips\takeout-20260602T071913Z-11-025.zip,takeout-20260602T071913Z-11-025.zip,Takeout/Drive/Unorganized/playtime at 16 months (22).JPG,C:\Users\thoma\Documents\Cyber Crimes Tools\Takeout Extracted\Takeout\Drive\Unorganized\playtime at 16 months (22).JPG,1000941,2013-02-28 18:46:38,ExtractNamedRelevant
C:\Users\thoma\Documents\Cyber Crimes Tools\Takeout Zips\takeout-20260602T071913Z-11-025.zip,takeout-20260602T071913Z-11-025.zip,Takeout/Drive/Unorganized/playtime at 16 months (20).JPG,C:\Users\thoma\Documents\Cyber Crimes Tools\Takeout Extracted\Takeout\Drive\Unorganized\playtime at 16 months (20).JPG,834193,2013-02-28 18:46:30,ExtractNamedRelevant
C:\Users\thoma\Documents\Cyber Crimes Tools\Takeout Zips\takeout-20260602T071913Z-11-025.zip,takeout-20260602T071913Z-11-025.zip,Takeout/Drive/Unorganized/playtime at 16 months (2).JPG,C:\Users\thoma\Documents\Cyber Crimes Tools\Takeout Extracted\Takeout\Drive\Unorganized\playtime at 16 months (2).JPG,833905,2013-02-28 18:46:26,ExtractNamedRelevant
C:\Users\thoma\Documents\Cyber Crimes Tools\Takeout Zips\takeout-20260602T071913Z-11-025.zip,takeout-20260602T071913Z-11-025.zip,Takeout/Drive/Unorganized/playtime at 16 months (23).JPG,C:\Users\thoma\Documents\Cyber Crimes Tools\Takeout Extracted\Takeout\Drive\Unorganized\playtime at 16 months (23).JPG,1090922,2013-02-28 18:46:42,ExtractNamedRelevant
C:\Users\thoma\Documents\Cyber Crimes Tools\Takeout Zips\takeout-20260602T071913Z-11-025.zip,takeout-20260602T071913Z-11-025.zip,Takeout/Drive/Unorganized/playtime at 16 months (21).JPG,C:\Users\thoma\Documents\Cyber Crimes Tools\Takeout Extracted\Takeout\Drive\Unorganized\playtime at 16 months (21).JPG,1011838,2013-02-28 18:46:34,ExtractNamedRelevant
C:\Users\thoma\Documents\Cyber Crimes Tools\Takeout Zips\takeout-20260602T071913Z-11-025.zip,takeout-20260602T071913Z-11-025.zip,Takeout/Drive/Unorganized/playtime at 16 months (24).JPG,C:\Users\thoma\Documents\Cyber Crimes Tools\Takeout Extracted\Takeout\Drive\Unorganized\playtime at 16 months (24).JPG,1065838,2013-02-28 18:46:48,ExtractNamedRelevant
C:\Users\thoma\Documents\Cyber Crimes Tools\Takeout Zips\takeout-20260602T071913Z-11-025.zip,takeout-20260602T071913Z-11-025.zip,Takeout/Drive/Unorganized/playtime at 16 months (16).JPG,C:\Users\thoma\Documents\Cyber Crimes Tools\Takeout Extracted\Takeout\Drive\Unorganized\playtime at 16 months (16).JPG,995190,2013-02-28 18:46:08,ExtractNamedRelevant
C:\Users\thoma\Documents\Cyber Crimes Tools\Takeout Zips\takeout-20260602T071913Z-11-025.zip,takeout-20260602T071913Z-11-025.zip,Takeout/Drive/Unorganized/playtime at 16 months (17).JPG,C:\Users\thoma\Documents\Cyber Crimes Tools\Takeout Extracted\Takeout\Drive\Unorganized\playtime at 16 months (17).JPG,990451,2013-02-28 18:46:12,ExtractNamedRelevant
C:\Users\thoma\Documents\Cyber Crimes Tools\Takeout Zips\takeout-20260602T071913Z-11-025.zip,takeout-20260602T071913Z-11-025.zip,Takeout/Drive/Unorganized/Elijah_s first steps (5) Summer 2010.MOV,C:\Users\thoma\Documents\Cyber Crimes Tools\Takeout Extracted\Takeout\Drive\Unorganized\Elijah_s first steps (5) Summer 2010.MOV,167386820,2013-02-28 18:26:40,SkipLargeMediaEvenIfNamed
C:\Users\thoma\Documents\Cyber Crimes Tools\Takeout Zips\takeout-20260602T071913Z-11-025.zip,takeout-20260602T071913Z-11-025.zip,Takeout/Drive/Unorganized/playtime at 16 months (15).JPG,C:\Users\thoma\Documents\Cyber Crimes Tools\Takeout Extracted\Takeout\Drive\Unorganized\playtime at 16 months (15).JPG,886308,2013-02-28 18:46:02,ExtractNamedRelevant
C:\Users\thoma\Documents\Cyber Crimes Tools\Takeout Zips\takeout-20260602T071913Z-11-025.zip,takeout-20260602T071913Z-11-025.zip,Takeout/Drive/Unorganized/playtime at 16 months (18).JPG,C:\Users\thoma\Documents\Cyber Crimes Tools\Takeout Extracted\Takeout\Drive\Unorganized\playtime at 16 months (18).JPG,1052324,2013-02-28 18:46:16,ExtractNamedRelevant
C:\Users\thoma\Documents\Cyber Crimes Tools\Takeout Zips\takeout-20260602T071913Z-11-025.zip,takeout-20260602T071913Z-11-025.zip,Takeout/Drive/Unorganized/playtime at 16 months (14).JPG,C:\Users\thoma\Documents\Cyber Crimes Tools\Takeout Extracted\Takeout\Drive\Unorganized\playtime at 16 months (14).JPG,901940,2013-02-28 18:45:58,ExtractNamedRelevant
C:\Users\thoma\Documents\Cyber Crimes Tools\Takeout Zips\takeout-20260602T071913Z-11-025.zip,takeout-20260602T071913Z-11-025.zip,Takeout/Drive/Unorganized/playtime at 16 months (19).JPG,C:\Users\thoma\Documents\Cyber Crimes Tools\Takeout Extracted\Takeout\Drive\Unorganized\playtime at 16 months (19).JPG,1143621,2013-02-28 18:46:22,ExtractNamedRelevant
C:\Users\thoma\Documents\Cyber Crimes Tools\Takeout Zips\takeout-20260602T071913Z-11-025.zip,takeout-20260602T071913Z-11-025.zip,Takeout/Drive/Unorganized/playtime at 16 months (11).JPG,C:\Users\thoma\Documents\Cyber Crimes Tools\Takeout Extracted\Takeout\Drive\Unorganized\playtime at 16 months (11).JPG,891793,2013-02-28 18:45:44,ExtractNamedRelevant
C:\Users\thoma\Documents\Cyber Crimes Tools\Takeout Zips\takeout-20260602T071913Z-11-025.zip,takeout-20260602T071913Z-11-025.zip,Takeout/Drive/Unorganized/playtime at 16 months (12).JPG,C:\Users\thoma\Documents\Cyber Crimes Tools\Takeout Extracted\Takeout\Drive\Unorganized\playtime at 16 months (12).JPG,857554,2013-02-28 18:45:48,ExtractNamedRelevant
C:\Users\thoma\Documents\Cyber Crimes Tools\Takeout Zips\takeout-20260602T071913Z-11-025.zip,takeout-20260602T071913Z-11-025.zip,Takeout/Drive/Unorganized/playtime at 16 months (10).JPG,C:\Users\thoma\Documents\Cyber Crimes Tools\Takeout Extracted\Takeout\Drive\Unorganized\playtime at 16 months (10).JPG,738650,2013-02-28 18:45:40,ExtractNamedRelevant
C:\Users\thoma\Documents\Cyber Crimes Tools\Takeout Zips\takeout-20260602T071913Z-11-025.zip,takeout-20260602T071913Z-11-025.zip,Takeout/Drive/Unorganized/Elijah at 17 months (8).JPG,C:\Users\thoma\Documents\Cyber Crimes Tools\Takeout Extracted\Takeout\Drive\Unorganized\Elijah at 17 months (8).JPG,991278,2013-02-28 18:07:00,ExtractNamedRelevant
C:\Users\thoma\Documents\Cyber Crimes Tools\Takeout Zips\takeout-20260602T071913Z-11-025.zip,takeout-20260602T071913Z-11-025.zip,Takeout/Drive/Unorganized/Feb 2010 (1).JPG,C:\Users\thoma\Documents\Cyber Crimes Tools\Takeout Extracted\Takeout\Drive\Unorganized\Feb 2010 (1).JPG,1047818,2013-02-28 18:42:10,ExtractNamedRelevant
C:\Users\thoma\Documents\Cyber Crimes Tools\Takeout Zips\takeout-20260602T071913Z-11-025.zip,takeout-20260602T071913Z-11-025.zip,Takeout/Drive/Unorganized/Feb 2010 (4).JPG,C:\Users\thoma\Documents\Cyber Crimes Tools\Takeout Extracted\Takeout\Drive\Unorganized\Feb 2010 (4).JPG,1013874,2013-02-28 18:42:14,ExtractNamedRelevant
C:\Users\thoma\Documents\Cyber Crimes Tools\Takeout Zips\takeout-20260602T071913Z-11-025.zip,takeout-20260602T071913Z-11-025.zip,Takeout/Drive/Unorganized/playtime at 16 months (1).JPG,C:\Users\thoma\Documents\Cyber Crimes Tools\Takeout Extracted\Takeout\Drive\Unorganized\playtime at 16 months (1).JPG,655239,2013-02-28 18:45:36,ExtractNamedRelevant
C:\Users\thoma\Documents\Cyber Crimes Tools\Takeout Zips\takeout-20260602T071913Z-11-025.zip,takeout-20260602T071913Z-11-025.zip,Takeout/Drive/Unorganized/Elijah_s first steps (9) Summer 2010.MOV,C:\Users\thoma\Documents\Cyber Crimes Tools\Takeout Extracted\Takeout\Drive\Unorganized\Elijah_s first steps (9) Summer 2010.MOV,30742347,2013-02-28 18:42:00,SkipLargeMediaEvenIfNamed
C:\Users\thoma\Documents\Cyber Crimes Tools\Takeout Zips\takeout-20260602T071913Z-11-025.zip,takeout-20260602T071913Z-11-025.zip,Takeout/Drive/Unorganized/ElijahGreatSmile.JPG,C:\Users\thoma\Documents\Cyber Crimes Tools\Takeout Extracted\Takeout\Drive\Unorganized\ElijahGreatSmile.JPG,1103049,2013-02-28 18:42:06,ExtractNamedRelevant
C:\Users\thoma\Documents\Cyber Crimes Tools\Takeout Zips\takeout-20260602T071913Z-11-025.zip,takeout-20260602T071913Z-11-025.zip,Takeout/Drive/Unorganized/Elijah_s first steps (7) Summer 2010.MOV,C:\Users\thoma\Documents\Cyber Crimes Tools\Takeout Extracted\Takeout\Drive\Unorganized\Elijah_s first steps (7) Summer 2010.MOV,11120884,2013-02-28 18:35:00,ExtractNamedRelevant
C:\Users\thoma\Documents\Cyber Crimes Tools\Takeout Zips\takeout-20260602T071913Z-11-025.zip,takeout-20260602T071913Z-11-025.zip,"Takeout/Drive/Unorganized/Elijah says, here we arrrrrre-Dec 2010.MOV","C:\Users\thoma\Documents\Cyber Crimes Tools\Takeout Extracted\Takeout\Drive\Unorganized\Elijah says, here we arrrrrre-Dec 2010.MOV",62089060,2013-02-28 18:14:00,SkipLargeMediaEvenIfNamed
C:\Users\thoma\Documents\Cyber Crimes Tools\Takeout Zips\takeout-20260602T071913Z-11-025.zip,takeout-20260602T071913Z-11-025.zip,"Takeout/Drive/Unorganized/Elijah says, here we arrrrre-Dec 2010.MOV","C:\Users\thoma\Documents\Cyber Crimes Tools\Takeout Extracted\Takeout\Drive\Unorganized\Elijah says, here we arrrrre-Dec 2010.MOV",58023947,2013-02-28 18:10:46,SkipLargeMediaEvenIfNamed
C:\Users\thoma\Documents\Cyber Crimes Tools\Takeout Zips\takeout-20260602T071913Z-11-025.zip,takeout-20260602T071913Z-11-025.zip,Takeout/Drive/Unorganized/Elijah coloring for so long Oct 2010 (5).JPG,C:\Users\thoma\Documents\Cyber Crimes Tools\Takeout Extracted\Takeout\Drive\Unorganized\Elijah coloring for so long Oct 2010 (5).JPG,997491,2013-02-28 18:07:40,ExtractNamedRelevant
C:\Users\thoma\Documents\Cyber Crimes Tools\Takeout Zips\takeout-20260602T071913Z-11-025.zip,takeout-20260602T071913Z-11-025.zip,Takeout/Drive/Unorganized/Elijah_s first steps (8) Summer 2010.MOV,C:\Users\thoma\Documents\Cyber Crimes Tools\Takeout Extracted\Takeout\Drive\Unorganized\Elijah_s first steps (8) Summer 2010.MOV,111568470,2013-02-28 18:40:30,SkipLargeMediaEvenIfNamed
C:\Users\thoma\Documents\Cyber Crimes Tools\Takeout Zips\takeout-20260602T071913Z-11-025.zip,takeout-20260602T071913Z-11-025.zip,Takeout/Drive/Unorganized/Elijah coloring for so long Oct 2010 (9).JPG,C:\Users\thoma\Documents\Cyber Crimes Tools\Takeout Extracted\Takeout\Drive\Unorganized\Elijah coloring for so long Oct 2010 (9).JPG,1538050,2013-02-28 18:07:52,ExtractNamedRelevant
C:\Users\thoma\Documents\Cyber Crimes Tools\Takeout Zips\takeout-20260602T071913Z-11-025.zip,takeout-20260602T071913Z-11-025.zip,Takeout/Drive/Unorganized/Elijah coloring for so long Oct 2010 (4).JPG,C:\Users\thoma\Documents\Cyber Crimes Tools\Takeout Extracted\Takeout\Drive\Unorganized\Elijah coloring for so long Oct 2010 (4).JPG,1538152,2013-02-28 18:07:36,ExtractNamedRelevant
C:\Users\thoma\Documents\Cyber Crimes Tools\Takeout Zips\takeout-20260602T071913Z-11-025.zip,takeout-20260602T071913Z-11-025.zip,Takeout/Drive/Unorganized/Elijah at 17 months (33).JPG,C:\Users\thoma\Documents\Cyber Crimes Tools\Takeout Extracted\Takeout\Drive\Unorganized\Elijah at 17 months (33).JPG,1525384,2013-02-28 18:05:40,ExtractNamedRelevant
C:\Users\thoma\Documents\Cyber Crimes Tools\Takeout Zips\takeout-20260602T071913Z-11-025.zip,takeout-20260602T071913Z-11-025.zip,Takeout/Drive/Unorganized/Elijah at 17 months (9).JPG,C:\Users\thoma\Documents\Cyber Crimes Tools\Takeout Extracted\Takeout\Drive\Unorganized\Elijah at 17 months (9).JPG,857424,2013-02-28 18:07:04,ExtractNamedRelevant
C:\Users\thoma\Documents\Cyber Crimes Tools\Takeout Zips\takeout-20260602T071913Z-11-025.zip,takeout-20260602T071913Z-11-025.zip,Takeout/Drive/Unorganized/Elijah coloring for so long Oct 2010 (7).JPG,C:\Users\thoma\Documents\Cyber Crimes Tools\Takeout Extracted\Takeout\Drive\Unorganized\Elijah coloring for so long Oct 2010 (7).JPG,828346,2013-02-28 18:07:46,ExtractNamedRelevant
C:\Users\thoma\Documents\Cyber Crimes Tools\Takeout Zips\takeout-20260602T071913Z-11-025.zip,takeout-20260602T071913Z-11-025.zip,Takeout/Drive/Unorganized/Elijah coloring for so long Oct 2010 (3).JPG,C:\Users\thoma\Documents\Cyber Crimes Tools\Takeout Extracted\Takeout\Drive\Unorganized\Elijah coloring for so long Oct 2010 (3).JPG,1582617,2013-02-28 18:07:30,ExtractNamedRelevant
C:\Users\thoma\Documents\Cyber Crimes Tools\Takeout Zips\takeout-20260602T071913Z-11-025.zip,takeout-20260602T071913Z-11-025.zip,"Takeout/Drive/Unorganized/Elijah at Ormand Beach, Fl Dec 2010.JPG","C:\Users\thoma\Documents\Cyber Crimes Tools\Takeout Extracted\Takeout\Drive\Unorganized\Elijah at Ormand Beach, Fl Dec 2010.JPG",1766757,2013-02-28 18:07:12,ExtractNamedRelevant
C:\Users\thoma\Documents\Cyber Crimes Tools\Takeout Zips\takeout-20260602T071913Z-11-025.zip,takeout-20260602T071913Z-11-025.zip,Takeout/Drive/Unorganized/Elijah coloring for so long Oct 2010 (13).JPG,C:\Users\thoma\Documents\Cyber Crimes Tools\Takeout Extracted\Takeout\Drive\Unorganized\Elijah coloring for so long Oct 2010 (13).JPG,1572892,2013-02-28 18:07:24,ExtractNamedRelevant
C:\Users\thoma\Documents\Cyber Crimes Tools\Takeout Zips\takeout-20260602T071913Z-11-025.zip,takeout-20260602T071913Z-11-025.zip,Takeout/Drive/Unorganized/Elijah at 17 months (6).JPG,C:\Users\thoma\Documents\Cyber Crimes Tools\Takeout Extracted\Takeout\Drive\Unorganized\Elijah at 17 months (6).JPG,1772593,2013-02-28 18:06:52,ExtractNamedRelevant
C:\Users\thoma\Documents\Cyber Crimes Tools\Takeout Zips\takeout-20260602T071913Z-11-025.zip,takeout-20260602T071913Z-11-025.zip,Takeout/Drive/Unorganized/Elijah at 17 months (23).JPG,C:\Users\thoma\Documents\Cyber Crimes Tools\Takeout Extracted\Takeout\Drive\Unorganized\Elijah at 17 months (23).JPG,1751122,2013-02-28 18:04:34,ExtractNamedRelevant
C:\Users\thoma\Documents\Cyber Crimes Tools\Takeout Zips\takeout-20260602T071913Z-11-025.zip,takeout-20260602T071913Z-11-025.zip,Takeout/Drive/Unorganized/Elijah coloring for so long Oct 2010 (10).JPG,C:\Users\thoma\Documents\Cyber Crimes Tools\Takeout Extracted\Takeout\Drive\Unorganized\Elijah coloring for so long Oct 2010 (10).JPG,1552914,2013-02-28 18:07:18,ExtractNamedRelevant
C:\Users\thoma\Documents\Cyber Crimes Tools\Takeout Zips\takeout-20260602T071913Z-11-025.zip,takeout-20260602T071913Z-11-025.zip,Takeout/Drive/Unorganized/Elijah at 17 months (5).JPG,C:\Users\thoma\Documents\Cyber Crimes Tools\Takeout Extracted\Takeout\Drive\Unorganized\Elijah at 17 months (5).JPG,985147,2013-02-28 18:06:44,ExtractNamedRelevant
C:\Users\thoma\Documents\Cyber Crimes Tools\Takeout Zips\takeout-20260602T071913Z-11-025.zip,takeout-20260602T071913Z-11-025.zip,Takeout/Drive/Unorganized/Elijah at 17 months (41).JPG,C:\Users\thoma\Documents\Cyber Crimes Tools\Takeout Extracted\Takeout\Drive\Unorganized\Elijah at 17 months (41).JPG,1455107,2013-02-28 18:06:40,ExtractNamedRelevant
C:\Users\thoma\Documents\Cyber Crimes Tools\Takeout Zips\takeout-20260602T071913Z-11-025.zip,takeout-20260602T071913Z-11-025.zip,Takeout/Drive/Unorganized/Elijah at 17 months (37).JPG,C:\Users\thoma\Documents\Cyber Crimes Tools\Takeout Extracted\Takeout\Drive\Unorganized\Elijah at 17 months (37).JPG,1552924,2013-02-28 18:06:04,ExtractNamedRelevant
C:\Users\thoma\Documents\Cyber Crimes Tools\Takeout Zips\takeout-20260602T071913Z-11-025.zip,takeout-20260602T071913Z-11-025.zip,Takeout/Drive/Unorganized/Elijah at 17 months (40).JPG,C:\Users\thoma\Documents\Cyber Crimes Tools\Takeout Extracted\Takeout\Drive\Unorganized\Elijah at 17 months (40).JPG,1544621,2013-02-28 18:06:34,ExtractNamedRelevant
C:\Users\thoma\Documents\Cyber Crimes Tools\Takeout Zips\takeout-20260602T071913Z-11-025.zip,takeout-20260602T071913Z-11-025.zip,Takeout/Drive/Unorganized/Elijah at 17 months (4).JPG,C:\Users\thoma\Documents\Cyber Crimes Tools\Takeout Extracted\Takeout\Drive\Unorganized\Elijah at 17 months (4).JPG,3036398,2013-02-28 18:06:28,ExtractNamedRelevant
C:\Users\thoma\Documents\Cyber Crimes Tools\Takeout Zips\takeout-20260602T071913Z-11-025.zip,takeout-20260602T071913Z-11-025.zip,Takeout/Drive/Unorganized/Elijah typing on the laptop_Dec 2010.MOV,C:\Users\thoma\Documents\Cyber Crimes Tools\Takeout Extracted\Takeout\Drive\Unorganized\Elijah typing on the laptop_Dec 2010.MOV,82339838,2013-02-28 18:18:18,SkipLargeMediaEvenIfNamed
C:\Users\thoma\Documents\Cyber Crimes Tools\Takeout Zips\takeout-20260602T071913Z-11-025.zip,takeout-20260602T071913Z-11-025.zip,Takeout/Drive/Unorganized/Elijah at 17 months (39).JPG,C:\Users\thoma\Documents\Cyber Crimes Tools\Takeout Extracted\Takeout\Drive\Unorganized\Elijah at 17 months (39).JPG,1421412,2013-02-28 18:06:16,ExtractNamedRelevant
C:\Users\thoma\Documents\Cyber Crimes Tools\Takeout Zips\takeout-20260602T071913Z-11-025.zip,takeout-20260602T071913Z-11-025.zip,Takeout/Drive/Unorganized/Elijah at 17 months (3).JPG,C:\Users\thoma\Documents\Cyber Crimes Tools\Takeout Extracted\Takeout\Drive\Unorganized\Elijah at 17 months (3).JPG,3062473,2013-02-28 18:05:16,ExtractNamedRelevant
C:\Users\thoma\Documents\Cyber Crimes Tools\Takeout Zips\takeout-20260602T071913Z-11-025.zip,takeout-20260602T071913Z-11-025.zip,Takeout/Drive/Unorganized/Elijah at 17 months (7).JPG,C:\Users\thoma\Documents\Cyber Crimes Tools\Takeout Extracted\Takeout\Drive\Unorganized\Elijah at 17 months (7).JPG,905143,2013-02-28 18:06:56,ExtractNamedRelevant
C:\Users\thoma\Documents\Cyber Crimes Tools\Takeout Zips\takeout-20260602T071913Z-11-025.zip,takeout-20260602T071913Z-11-025.zip,Takeout/Drive/Unorganized/Elijah at 17 months (29).JPG,C:\Users\thoma\Documents\Cyber Crimes Tools\Takeout Extracted\Takeout\Drive\Unorganized\Elijah at 17 months (29).JPG,1669569,2013-02-28 18:05:06,ExtractNamedRelevant
C:\Users\thoma\Documents\Cyber Crimes Tools\Takeout Zips\takeout-20260602T071913Z-11-025.zip,takeout-20260602T071913Z-11-025.zip,Takeout/Drive/Unorganized/new pics 088.jpg,C:\Users\thoma\Documents\Cyber Crimes Tools\Takeout Extracted\Takeout\Drive\Unorganized\new pics 088.jpg,877807,2013-02-28 19:02:26,ExtractNamedRelevant
C:\Users\thoma\Documents\Cyber Crimes Tools\Takeout Zips\takeout-20260602T071913Z-11-025.zip,takeout-20260602T071913Z-11-025.zip,Takeout/Drive/Unorganized/Elijah at 17 months (38).JPG,C:\Users\thoma\Documents\Cyber Crimes Tools\Takeout Extracted\Takeout\Drive\Unorganized\Elijah at 17 months (38).JPG,1480474,2013-02-28 18:06:10,ExtractNamedRelevant
C:\Users\thoma\Documents\Cyber Crimes Tools\Takeout Zips\takeout-20260602T071913Z-11-025.zip,takeout-20260602T071913Z-11-025.zip,Takeout/Drive/Unorganized/Elijah at 17 months (28).JPG,C:\Users\thoma\Documents\Cyber Crimes Tools\Takeout Extracted\Takeout\Drive\Unorganized\Elijah at 17 months (28).JPG,1101588,2013-02-28 18:04:58,ExtractNamedRelevant
C:\Users\thoma\Documents\Cyber Crimes Tools\Takeout Zips\takeout-20260602T071913Z-11-025.zip,takeout-20260602T071913Z-11-025.zip,Takeout/Drive/Unorganized/Elijah at 17 months (36).JPG,C:\Users\thoma\Documents\Cyber Crimes Tools\Takeout Extracted\Takeout\Drive\Unorganized\Elijah at 17 months (36).JPG,1521456,2013-02-28 18:05:58,ExtractNamedRelevant
C:\Users\thoma\Documents\Cyber Crimes Tools\Takeout Zips\takeout-20260602T071913Z-11-025.zip,takeout-20260602T071913Z-11-025.zip,Takeout/Drive/Unorganized/Elijah at 17 months (35).JPG,C:\Users\thoma\Documents\Cyber Crimes Tools\Takeout Extracted\Takeout\Drive\Unorganized\Elijah at 17 months (35).JPG,1519484,2013-02-28 18:05:52,ExtractNamedRelevant
C:\Users\thoma\Documents\Cyber Crimes Tools\Takeout Zips\takeout-20260602T071913Z-11-025.zip,takeout-20260602T071913Z-11-025.zip,Takeout/Drive/Unorganized/Elijah at 17 months (26).JPG,C:\Users\thoma\Documents\Cyber Crimes Tools\Takeout Extracted\Takeout\Drive\Unorganized\Elijah at 17 months (26).JPG,1061960,2013-02-28 18:04:50,ExtractNamedRelevant
C:\Users\thoma\Documents\Cyber Crimes Tools\Takeout Zips\takeout-20260602T071913Z-11-025.zip,takeout-20260602T071913Z-11-025.zip,Takeout/Drive/Unorganized/Elijah at 17 months (34).JPG,C:\Users\thoma\Documents\Cyber Crimes Tools\Takeout Extracted\Takeout\Drive\Unorganized\Elijah at 17 months (34).JPG,1531188,2013-02-28 18:05:46,ExtractNamedRelevant
C:\Users\thoma\Documents\Cyber Crimes Tools\Takeout Zips\takeout-20260602T071913Z-11-025.zip,takeout-20260602T071913Z-11-025.zip,Takeout/Drive/Unorganized/Elijah at 17 months (27).JPG,C:\Users\thoma\Documents\Cyber Crimes Tools\Takeout Extracted\Takeout\Drive\Unorganized\Elijah at 17 months (27).JPG,1038487,2013-02-28 18:04:54,ExtractNamedRelevant
C:\Users\thoma\Documents\Cyber Crimes Tools\Takeout Zips\takeout-20260602T071913Z-11-025.zip,takeout-20260602T071913Z-11-025.zip,"Takeout/Drive/Unorganized/Eilah at Ormand Beach, Fl Dec 2010 (18).JPG","C:\Users\thoma\Documents\Cyber Crimes Tools\Takeout Extracted\Takeout\Drive\Unorganized\Eilah at Ormand Beach, Fl Dec 2010 (18).JPG",1799159,2013-02-28 17:55:40,ExtractNamedRelevant
C:\Users\thoma\Documents\Cyber Crimes Tools\Takeout Zips\takeout-20260602T071913Z-11-025.zip,takeout-20260602T071913Z-11-025.zip,Takeout/Drive/Unorganized/Elijah at 17 months (25).JPG,C:\Users\thoma\Documents\Cyber Crimes Tools\Takeout Extracted\Takeout\Drive\Unorganized\Elijah at 17 months (25).JPG,1148917,2013-02-28 18:04:44,ExtractNamedRelevant
C:\Users\thoma\Documents\Cyber Crimes Tools\Takeout Zips\takeout-20260602T071913Z-11-025.zip,takeout-20260602T071913Z-11-025.zip,Takeout/Drive/Unorganized/Elijah at 17 months (31).JPG,C:\Users\thoma\Documents\Cyber Crimes Tools\Takeout Extracted\Takeout\Drive\Unorganized\Elijah at 17 months (31).JPG,1496910,2013-02-28 18:05:28,ExtractNamedRelevant
C:\Users\thoma\Documents\Cyber Crimes Tools\Takeout Zips\takeout-20260602T071913Z-11-025.zip,takeout-20260602T071913Z-11-025.zip,Takeout/Drive/Unorganized/Elijah at 17 months (32).JPG,C:\Users\thoma\Documents\Cyber Crimes Tools\Takeout Extracted\Takeout\Drive\Unorganized\Elijah at 17 months (32).JPG,1517273,2013-02-28 18:05:34,ExtractNamedRelevant
C:\Users\thoma\Documents\Cyber Crimes Tools\Takeout Zips\takeout-20260602T071913Z-11-025.zip,takeout-20260602T071913Z-11-025.zip,Takeout/Drive/Unorganized/Elijah at 17 months (30).JPG,C:\Users\thoma\Documents\Cyber Crimes Tools\Takeout Extracted\Takeout\Drive\Unorganized\Elijah at 17 months (30).JPG,1516046,2013-02-28 18:05:22,ExtractNamedRelevant
C:\Users\thoma\Documents\Cyber Crimes Tools\Takeout Zips\takeout-20260602T071913Z-11-025.zip,takeout-20260602T071913Z-11-025.zip,Takeout/Drive/Unorganized/Elijah at 17 months (24).JPG,C:\Users\thoma\Documents\Cyber Crimes Tools\Takeout Extracted\Takeout\Drive\Unorganized\Elijah at 17 months (24).JPG,1306148,2013-02-28 18:04:40,ExtractNamedRelevant
C:\Users\thoma\Documents\Cyber Crimes Tools\Takeout Zips\takeout-20260602T071913Z-11-025.zip,takeout-20260602T071913Z-11-025.zip,Takeout/Drive/Unorganized/Elijah at 17 months (19).JPG,C:\Users\thoma\Documents\Cyber Crimes Tools\Takeout Extracted\Takeout\Drive\Unorganized\Elijah at 17 months (19).JPG,1009074,2013-02-28 18:04:02,ExtractNamedRelevant
C:\Users\thoma\Documents\Cyber Crimes Tools\Takeout Zips\takeout-20260602T071913Z-11-025.zip,takeout-20260602T071913Z-11-025.zip,Takeout/Drive/Unorganized/Elijah at 17 months (21).JPG,C:\Users\thoma\Documents\Cyber Crimes Tools\Takeout Extracted\Takeout\Drive\Unorganized\Elijah at 17 months (21).JPG,1037333,2013-02-28 18:04:20,ExtractNamedRelevant
C:\Users\thoma\Documents\Cyber Crimes Tools\Takeout Zips\takeout-20260602T071913Z-11-025.zip,takeout-20260602T071913Z-11-025.zip,Takeout/Drive/Unorganized/Elijah at 17 months (2).JPG,C:\Users\thoma\Documents\Cyber Crimes Tools\Takeout Extracted\Takeout\Drive\Unorganized\Elijah at 17 months (2).JPG,2889318,2013-02-28 18:04:12,ExtractNamedRelevant
C:\Users\thoma\Documents\Cyber Crimes Tools\Takeout Zips\takeout-20260602T071913Z-11-025.zip,takeout-20260602T071913Z-11-025.zip,Takeout/Drive/Unorganized/Elijah at 17 months (20).JPG,C:\Users\thoma\Documents\Cyber Crimes Tools\Takeout Extracted\Takeout\Drive\Unorganized\Elijah at 17 months (20).JPG,1094907,2013-02-28 18:04:16,ExtractNamedRelevant
C:\Users\thoma\Documents\Cyber Crimes Tools\Takeout Zips\takeout-20260602T071913Z-11-025.zip,takeout-20260602T071913Z-11-025.zip,Takeout/Drive/Unorganized/Elijah at 17 months (22).JPG,C:\Users\thoma\Documents\Cyber Crimes Tools\Takeout Extracted\Takeout\Drive\Unorganized\Elijah at 17 months (22).JPG,1699964,2013-02-28 18:04:28,ExtractNamedRelevant
C:\Users\thoma\Documents\Cyber Crimes Tools\Takeout Zips\takeout-20260602T071913Z-11-025.zip,takeout-20260602T071913Z-11-025.zip,Takeout/Drive/Unorganized/Elijah at 17 months (18).JPG,C:\Users\thoma\Documents\Cyber Crimes Tools\Takeout Extracted\Takeout\Drive\Unorganized\Elijah at 17 months (18).JPG,1202426,2013-02-28 18:03:58,ExtractNamedRelevant
C:\Users\thoma\Documents\Cyber Crimes Tools\Takeout Zips\takeout-20260602T071913Z-11-025.zip,takeout-20260602T071913Z-11-025.zip,Takeout/Drive/Unorganized/Elijah at 17 months (16).JPG,C:\Users\thoma\Documents\Cyber Crimes Tools\Takeout Extracted\Takeout\Drive\Unorganized\Elijah at 17 months (16).JPG,1364589,2013-02-28 18:03:48,ExtractNamedRelevant
C:\Users\thoma\Documents\Cyber Crimes Tools\Takeout Zips\takeout-20260602T071913Z-11-025.zip,takeout-20260602T071913Z-11-025.zip,Takeout/Drive/Unorganized/Elijah at 17 months (17).JPG,C:\Users\thoma\Documents\Cyber Crimes Tools\Takeout Extracted\Takeout\Drive\Unorganized\Elijah at 17 months (17).JPG,1153679,2013-02-28 18:03:52,ExtractNamedRelevant
C:\Users\thoma\Documents\Cyber Crimes Tools\Takeout Zips\takeout-20260602T071913Z-11-025.zip,takeout-20260602T071913Z-11-025.zip,Takeout/Drive/Unorganized/Elijah at 17 months (15).JPG,C:\Users\thoma\Documents\Cyber Crimes Tools\Takeout Extracted\Takeout\Drive\Unorganized\Elijah at 17 months (15).JPG,1664022,2013-02-28 18:03:42,ExtractNamedRelevant
C:\Users\thoma\Documents\Cyber Crimes Tools\Takeout Zips\takeout-20260602T071913Z-11-025.zip,takeout-20260602T071913Z-11-025.zip,Takeout/Drive/Unorganized/Elijah at 17 months (13).JPG,C:\Users\thoma\Documents\Cyber Crimes Tools\Takeout Extracted\Takeout\Drive\Unorganized\Elijah at 17 months (13).JPG,1054138,2013-02-28 18:03:28,ExtractNamedRelevant
C:\Users\thoma\Documents\Cyber Crimes Tools\Takeout Zips\takeout-20260602T071913Z-11-025.zip,takeout-20260602T071913Z-11-025.zip,Takeout/Drive/Unorganized/Elijah at 17 months (10).JPG,C:\Users\thoma\Documents\Cyber Crimes Tools\Takeout Extracted\Takeout\Drive\Unorganized\Elijah at 17 months (10).JPG,1609002,2013-02-28 18:03:12,ExtractNamedRelevant
C:\Users\thoma\Documents\Cyber Crimes Tools\Takeout Zips\takeout-20260602T071913Z-11-025.zip,takeout-20260602T071913Z-11-025.zip,Takeout/Drive/Unorganized/Elijah at 17 months (14).JPG,C:\Users\thoma\Documents\Cyber Crimes Tools\Takeout Extracted\Takeout\Drive\Unorganized\Elijah at 17 months (14).JPG,1338613,2013-02-28 18:03:34,ExtractNamedRelevant
C:\Users\thoma\Documents\Cyber Crimes Tools\Takeout Zips\takeout-20260602T071913Z-11-025.zip,takeout-20260602T071913Z-11-025.zip,Takeout/Drive/Unorganized/Elijah at 17 months (12).JPG,C:\Users\thoma\Documents\Cyber Crimes Tools\Takeout Extracted\Takeout\Drive\Unorganized\Elijah at 17 months (12).JPG,1457700,2013-02-28 18:03:24,ExtractNamedRelevant
C:\Users\thoma\Documents\Cyber Crimes Tools\Takeout Zips\takeout-20260602T071913Z-11-025.zip,takeout-20260602T071913Z-11-025.zip,Takeout/Drive/Unorganized/Crestline June 2010 (7).JPG,C:\Users\thoma\Documents\Cyber Crimes Tools\Takeout Extracted\Takeout\Drive\Unorganized\Crestline June 2010 (7).JPG,1548748,2013-02-28 17:48:38,ExtractNamedRelevant
C:\Users\thoma\Documents\Cyber Crimes Tools\Takeout Zips\takeout-20260602T071913Z-11-025.zip,takeout-20260602T071913Z-11-025.zip,Takeout/Drive/Unorganized/Elijah and Micah playing with cars_Dec 2010 (3).MOV,C:\Users\thoma\Documents\Cyber Crimes Tools\Takeout Extracted\Takeout\Drive\Unorganized\Elijah and Micah playing with cars_Dec 2010 (3).MOV,84404654,2013-02-28 18:02:58,SkipLargeMediaEvenIfNamed
C:\Users\thoma\Documents\Cyber Crimes Tools\Takeout Zips\takeout-20260602T071913Z-11-025.zip,takeout-20260602T071913Z-11-025.zip,Takeout/Drive/Unorganized/Elijah and Micah playing with cars_Dec 2010 (2).MOV,C:\Users\thoma\Documents\Cyber Crimes Tools\Takeout Extracted\Takeout\Drive\Unorganized\Elijah and Micah playing with cars_Dec 2010 (2).MOV,39824617,2013-02-28 17:58:42,SkipLargeMediaEvenIfNamed
C:\Users\thoma\Documents\Cyber Crimes Tools\Takeout Zips\takeout-20260602T071913Z-11-025.zip,takeout-20260602T071913Z-11-025.zip,Takeout/Drive/Unorganized/Elijah at 17 months (11).JPG,C:\Users\thoma\Documents\Cyber Crimes Tools\Takeout Extracted\Takeout\Drive\Unorganized\Elijah at 17 months (11).JPG,1227538,2013-02-28 18:03:18,ExtractNamedRelevant
C:\Users\thoma\Documents\Cyber Crimes Tools\Takeout Zips\takeout-20260602T071913Z-11-025.zip,takeout-20260602T071913Z-11-025.zip,Takeout/Drive/Unorganized/Elijah at 17 months (1).JPG,C:\Users\thoma\Documents\Cyber Crimes Tools\Takeout Extracted\Takeout\Drive\Unorganized\Elijah at 17 months (1).JPG,1528893,2013-02-28 18:03:06,ExtractNamedRelevant
C:\Users\thoma\Documents\Cyber Crimes Tools\Takeout Zips\takeout-20260602T071913Z-11-025.zip,takeout-20260602T071913Z-11-025.zip,Takeout/Drive/Unorganized/Elijah and Micah playing with cars_Dec 2010 (1).MOV,C:\Users\thoma\Documents\Cyber Crimes Tools\Takeout Extracted\Takeout\Drive\Unorganized\Elijah and Micah playing with cars_Dec 2010 (1).MOV,18065118,2013-02-28 17:56:42,ExtractNamedRelevant
C:\Users\thoma\Documents\Cyber Crimes Tools\Takeout Zips\takeout-20260602T071913Z-11-025.zip,takeout-20260602T071913Z-11-025.zip,"Takeout/Drive/Unorganized/Eilah at Ormand Beach, Fl Dec 2010 (20).JPG","C:\Users\thoma\Documents\Cyber Crimes Tools\Takeout Extracted\Takeout\Drive\Unorganized\Eilah at Ormand Beach, Fl Dec 2010 (20).JPG",1603931,2013-02-28 17:55:46,ExtractNamedRelevant
C:\Users\thoma\Documents\Cyber Crimes Tools\Takeout Zips\takeout-20260602T071913Z-11-025.zip,takeout-20260602T071913Z-11-025.zip,Takeout/Drive/Unorganized/Race track - Dec 2010 (25).JPG,C:\Users\thoma\Documents\Cyber Crimes Tools\Takeout Extracted\Takeout\Drive\Unorganized\Race track - Dec 2010 (25).JPG,1069518,2013-02-28 21:37:04,ExtractNamedRelevant
C:\Users\thoma\Documents\Cyber Crimes Tools\Takeout Zips\takeout-20260602T071913Z-11-025.zip,takeout-20260602T071913Z-11-025.zip,"Takeout/Drive/Unorganized/Eilah at Ormand Beach, Fl Dec 2010 (15).JPG","C:\Users\thoma\Documents\Cyber Crimes Tools\Takeout Extracted\Takeout\Drive\Unorganized\Eilah at Ormand Beach, Fl Dec 2010 (15).JPG",1305641,2013-02-28 17:55:34,ExtractNamedRelevant
C:\Users\thoma\Documents\Cyber Crimes Tools\Takeout Zips\takeout-20260602T071913Z-11-025.zip,takeout-20260602T071913Z-11-025.zip,"Takeout/Drive/Unorganized/Eilah at Ormand Beach, Fl Dec 2010 (13).JPG","C:\Users\thoma\Documents\Cyber Crimes Tools\Takeout Extracted\Takeout\Drive\Unorganized\Eilah at Ormand Beach, Fl Dec 2010 (13).JPG",931078,2013-02-28 17:55:22,ExtractNamedRelevant
C:\Users\thoma\Documents\Cyber Crimes Tools\Takeout Zips\takeout-20260602T071913Z-11-025.zip,takeout-20260602T071913Z-11-025.zip,Takeout/Drive/Unorganized/Dad and Elijah playing_Nov 2010 (1).MOV,C:\Users\thoma\Documents\Cyber Crimes Tools\Takeout Extracted\Takeout\Drive\Unorganized\Dad and Elijah playing_Nov 2010 (1).MOV,28777195,2013-02-28 17:50:16,SkipLargeMediaEvenIfNamed
C:\Users\thoma\Documents\Cyber Crimes Tools\Takeout Zips\takeout-20260602T071913Z-11-025.zip,takeout-20260602T071913Z-11-025.zip,Takeout/Drive/Unorganized/Dec 2010.JPG,C:\Users\thoma\Documents\Cyber Crimes Tools\Takeout Extracted\Takeout\Drive\Unorganized\Dec 2010.JPG,1598505,2013-02-28 17:51:56,ExtractNamedRelevant
C:\Users\thoma\Documents\Cyber Crimes Tools\Takeout Zips\takeout-20260602T071913Z-11-025.zip,takeout-20260602T071913Z-11-025.zip,Takeout/Drive/Unorganized/Crestline June 2010 (21).JPG,C:\Users\thoma\Documents\Cyber Crimes Tools\Takeout Extracted\Takeout\Drive\Unorganized\Crestline June 2010 (21).JPG,2650333,2013-02-28 17:46:40,ExtractNamedRelevant
C:\Users\thoma\Documents\Cyber Crimes Tools\Takeout Zips\takeout-20260602T071913Z-11-025.zip,takeout-20260602T071913Z-11-025.zip,Takeout/Drive/Unorganized/Crestline June 2010 (28).JPG,C:\Users\thoma\Documents\Cyber Crimes Tools\Takeout Extracted\Takeout\Drive\Unorganized\Crestline June 2010 (28).JPG,977843,2013-02-28 17:47:36,ExtractNamedRelevant
C:\Users\thoma\Documents\Cyber Crimes Tools\Takeout Zips\takeout-20260602T071913Z-11-025.zip,takeout-20260602T071913Z-11-025.zip,Takeout/Drive/Unorganized/Crestline June 2010 (8).JPG,C:\Users\thoma\Documents\Cyber Crimes Tools\Takeout Extracted\Takeout\Drive\Unorganized\Crestline June 2010 (8).JPG,1501390,2013-02-28 17:48:44,ExtractNamedRelevant
C:\Users\thoma\Documents\Cyber Crimes Tools\Takeout Zips\takeout-20260602T071913Z-11-025.zip,takeout-20260602T071913Z-11-025.zip,Takeout/Drive/Unorganized/Crestline June 2010 (6).JPG,C:\Users\thoma\Documents\Cyber Crimes Tools\Takeout Extracted\Takeout\Drive\Unorganized\Crestline June 2010 (6).JPG,1171913,2013-02-28 17:48:32,ExtractNamedRelevant
C:\Users\thoma\Documents\Cyber Crimes Tools\Takeout Zips\takeout-20260602T071913Z-11-025.zip,takeout-20260602T071913Z-11-025.zip,Takeout/Drive/Unorganized/Crestline June 2010 (9).JPG,C:\Users\thoma\Documents\Cyber Crimes Tools\Takeout Extracted\Takeout\Drive\Unorganized\Crestline June 2010 (9).JPG,1342191,2013-02-28 17:48:50,ExtractNamedRelevant
C:\Users\thoma\Documents\Cyber Crimes Tools\Takeout Zips\takeout-20260602T071913Z-11-025.zip,takeout-20260602T071913Z-11-025.zip,"Takeout/Drive/Unorganized/Eilah at Ormand Beach, Fl Dec 2010 (14).JPG","C:\Users\thoma\Documents\Cyber Crimes Tools\Takeout Extracted\Takeout\Drive\Unorganized\Eilah at Ormand Beach, Fl Dec 2010 (14).JPG",1050072,2013-02-28 17:55:28,ExtractNamedRelevant
C:\Users\thoma\Documents\Cyber Crimes Tools\Takeout Zips\takeout-20260602T071913Z-11-025.zip,takeout-20260602T071913Z-11-025.zip,Takeout/Drive/Unorganized/Crestline June 2010 (32).JPG,C:\Users\thoma\Documents\Cyber Crimes Tools\Takeout Extracted\Takeout\Drive\Unorganized\Crestline June 2010 (32).JPG,1067535,2013-02-28 17:48:00,ExtractNamedRelevant
C:\Users\thoma\Documents\Cyber Crimes Tools\Takeout Zips\takeout-20260602T071913Z-11-025.zip,takeout-20260602T071913Z-11-025.zip,Takeout/Drive/Unorganized/Crestline June 2010 (4).JPG,C:\Users\thoma\Documents\Cyber Crimes Tools\Takeout Extracted\Takeout\Drive\Unorganized\Crestline June 2010 (4).JPG,2315827,2013-02-28 17:48:18,ExtractNamedRelevant
C:\Users\thoma\Documents\Cyber Crimes Tools\Takeout Zips\takeout-20260602T071913Z-11-025.zip,takeout-20260602T071913Z-11-025.zip,Takeout/Drive/Unorganized/Crestline June 2010 (3).JPG,C:\Users\thoma\Documents\Cyber Crimes Tools\Takeout Extracted\Takeout\Drive\Unorganized\Crestline June 2010 (3).JPG,2360032,2013-02-28 17:47:50,ExtractNamedRelevant
C:\Users\thoma\Documents\Cyber Crimes Tools\Takeout Zips\takeout-20260602T071913Z-11-025.zip,takeout-20260602T071913Z-11-025.zip,Takeout/Drive/Unorganized/Crestline June 2010 (33).JPG,C:\Users\thoma\Documents\Cyber Crimes Tools\Takeout Extracted\Takeout\Drive\Unorganized\Crestline June 2010 (33).JPG,2340715,2013-02-28 17:48:10,ExtractNamedRelevant
C:\Users\thoma\Documents\Cyber Crimes Tools\Takeout Zips\takeout-20260602T071913Z-11-025.zip,takeout-20260602T071913Z-11-025.zip,Takeout/Drive/Unorganized/Crestline June 2010 (5).JPG,C:\Users\thoma\Documents\Cyber Crimes Tools\Takeout Extracted\Takeout\Drive\Unorganized\Crestline June 2010 (5).JPG,2330883,2013-02-28 17:48:26,ExtractNamedRelevant
C:\Users\thoma\Documents\Cyber Crimes Tools\Takeout Zips\takeout-20260602T071913Z-11-025.zip,takeout-20260602T071913Z-11-025.zip,Takeout/Drive/Unorganized/Crestline June 2010 (29).JPG,C:\Users\thoma\Documents\Cyber Crimes Tools\Takeout Extracted\Takeout\Drive\Unorganized\Crestline June 2010 (29).JPG,1114957,2013-02-28 17:47:40,ExtractNamedRelevant
C:\Users\thoma\Documents\Cyber Crimes Tools\Takeout Zips\takeout-20260602T071913Z-11-025.zip,takeout-20260602T071913Z-11-025.zip,Takeout/Drive/Unorganized/Crestline June 2010 (31).JPG,C:\Users\thoma\Documents\Cyber Crimes Tools\Takeout Extracted\Takeout\Drive\Unorganized\Crestline June 2010 (31).JPG,1682210,2013-02-28 17:47:56,ExtractNamedRelevant
C:\Users\thoma\Documents\Cyber Crimes Tools\Takeout Zips\takeout-20260602T071913Z-11-025.zip,takeout-20260602T071913Z-11-025.zip,Takeout/Drive/Unorganized/Crestline June 2010 (25).JPG,C:\Users\thoma\Documents\Cyber Crimes Tools\Takeout Extracted\Takeout\Drive\Unorganized\Crestline June 2010 (25).JPG,1107189,2013-02-28 17:47:22,ExtractNamedRelevant
C:\Users\thoma\Documents\Cyber Crimes Tools\Takeout Zips\takeout-20260602T071913Z-11-025.zip,takeout-20260602T071913Z-11-025.zip,Takeout/Drive/Unorganized/new pics 111.jpg,C:\Users\thoma\Documents\Cyber Crimes Tools\Takeout Extracted\Takeout\Drive\Unorganized\new pics 111.jpg,27899,2013-02-28 19:03:32,ExtractNamedRelevant
C:\Users\thoma\Documents\Cyber Crimes Tools\Takeout Zips\takeout-20260602T071913Z-11-025.zip,takeout-20260602T071913Z-11-025.zip,Takeout/Drive/Unorganized/Cayucus Engine Fair May 2010(5).jpg,C:\Users\thoma\Documents\Cyber Crimes Tools\Takeout Extracted\Takeout\Drive\Unorganized\Cayucus Engine Fair May 2010(5).jpg,27843,2013-02-28 17:43:12,ExtractNamedRelevant
C:\Users\thoma\Documents\Cyber Crimes Tools\Takeout Zips\takeout-20260602T071913Z-11-025.zip,takeout-20260602T071913Z-11-025.zip,Takeout/Drive/Unorganized/Cayucus Engine Fair May 2010(7).jpg,C:\Users\thoma\Documents\Cyber Crimes Tools\Takeout Extracted\Takeout\Drive\Unorganized\Cayucus Engine Fair May 2010(7).jpg,27129,2013-02-28 17:43:16,ExtractNamedRelevant
C:\Users\thoma\Documents\Cyber Crimes Tools\Takeout Zips\takeout-20260602T071913Z-11-025.zip,takeout-20260602T071913Z-11-025.zip,Takeout/Drive/Unorganized/Cayucus Engine Fair May 2010(3).jpg,C:\Users\thoma\Documents\Cyber Crimes Tools\Takeout Extracted\Takeout\Drive\Unorganized\Cayucus Engine Fair May 2010(3).jpg,27684,2013-02-28 17:43:04,ExtractNamedRelevant
C:\Users\thoma\Documents\Cyber Crimes Tools\Takeout Zips\takeout-20260602T071913Z-11-025.zip,takeout-20260602T071913Z-11-025.zip,Takeout/Drive/Unorganized/Cayucus Engine Fair May 2010(9).jpg,C:\Users\thoma\Documents\Cyber Crimes Tools\Takeout Extracted\Takeout\Drive\Unorganized\Cayucus Engine Fair May 2010(9).jpg,21159,2013-02-28 17:43:22,ExtractNamedRelevant
C:\Users\thoma\Documents\Cyber Crimes Tools\Takeout Zips\takeout-20260602T071913Z-11-025.zip,takeout-20260602T071913Z-11-025.zip,Takeout/Drive/Unorganized/Cayucus Engine Fair May 2010(11).jpg,C:\Users\thoma\Documents\Cyber Crimes Tools\Takeout Extracted\Takeout\Drive\Unorganized\Cayucus Engine Fair May 2010(11).jpg,28537,2013-02-28 17:43:00,ExtractNamedRelevant
C:\Users\thoma\Documents\Cyber Crimes Tools\Takeout Zips\takeout-20260602T071913Z-11-025.zip,takeout-20260602T071913Z-11-025.zip,Takeout/Drive/Unorganized/new pics 238.jpg,C:\Users\thoma\Documents\Cyber Crimes Tools\Takeout Extracted\Takeout\Drive\Unorganized\new pics 238.jpg,27397,2013-02-28 19:05:10,ExtractNamedRelevant
C:\Users\thoma\Documents\Cyber Crimes Tools\Takeout Zips\takeout-20260602T071913Z-11-025.zip,takeout-20260602T071913Z-11-025.zip,Takeout/Drive/Unorganized/2010-01-12 11.46.36.jpg,C:\Users\thoma\Documents\Cyber Crimes Tools\Takeout Extracted\Takeout\Drive\Unorganized\2010-01-12 11.46.36.jpg,81024,2013-02-28 17:15:18,ExtractNamedRelevant
C:\Users\thoma\Documents\Cyber Crimes Tools\Takeout Zips\takeout-20260602T071913Z-11-025.zip,takeout-20260602T071913Z-11-025.zip,Takeout/Drive/Pictures/2011/204_1487.JPG,C:\Users\thoma\Documents\Cyber Crimes Tools\Takeout Extracted\Takeout\Drive\Pictures\2011\204_1487.JPG,995650,2013-02-27 19:04:38,ExtractNamedRelevant
C:\Users\thoma\Documents\Cyber Crimes Tools\Takeout Zips\takeout-20260602T071913Z-11-025.zip,takeout-20260602T071913Z-11-025.zip,Takeout/Drive/Movies/VIDEO_TS/VTS_06_0.VOB,C:\Users\thoma\Documents\Cyber Crimes Tools\Takeout Extracted\Takeout\Drive\Movies\VIDEO_TS\VTS_06_0.VOB,116736,2011-03-14 18:03:58,ExtractNamedRelevant
C:\Users\thoma\Documents\Cyber Crimes Tools\Takeout Zips\takeout-20260602T071913Z-11-025.zip,takeout-20260602T071913Z-11-025.zip,Takeout/Drive/Document3(1).docx,C:\Users\thoma\Documents\Cyber Crimes Tools\Takeout Extracted\Takeout\Drive\Document3(1).docx,13919,2019-06-18 20:26:40,ExtractEvidenceType
C:\Users\thoma\Documents\Cyber Crimes Tools\Takeout Zips\takeout-20260602T071913Z-11-025.zip,takeout-20260602T071913Z-11-025.zip,Takeout/Drive/Trash/BodyWraps.net/FO7371342901_disavow.txt,C:\Users\thoma\Documents\Cyber Crimes Tools\Takeout Extracted\Takeout\Drive\Trash\BodyWraps.net\FO7371342901_disavow.txt,1116,2015-07-30 07:23:40,ExtractEvidenceType
C:\Users\thoma\Documents\Cyber Crimes Tools\Takeout Zips\takeout-20260602T071913Z-11-026.zip,takeout-20260602T071913Z-11-026.zip,Takeout/Drive/Unorganized/Dec 2010.MOV,C:\Users\thoma\Documents\Cyber Crimes Tools\Takeout Extracted\Takeout\Drive\Unorganized\Dec 2010.MOV,63337113,2013-02-28 17:55:08,SkipLargeMediaEvenIfNamed
C:\Users\thoma\Documents\Cyber Crimes Tools\Takeout Zips\takeout-20260602T071913Z-11-026.zip,takeout-20260602T071913Z-11-026.zip,Takeout/Drive/Unorganized/Crestline June 2010 (19).JPG,C:\Users\thoma\Documents\Cyber Crimes Tools\Takeout Extracted\Takeout\Drive\Unorganized\Crestline June 2010 (19).JPG,2849126,2013-02-28 17:46:10,ExtractNamedRelevant
C:\Users\thoma\Documents\Cyber Crimes Tools\Takeout Zips\takeout-20260602T071913Z-11-026.zip,takeout-20260602T071913Z-11-026.zip,Takeout/Drive/Unorganized/Crestline June 2010 (20).JPG,C:\Users\thoma\Documents\Cyber Crimes Tools\Takeout Extracted\Takeout\Drive\Unorganized\Crestline June 2010 (20).JPG,2819413,2013-02-28 17:46:30,ExtractNamedRelevant
C:\Users\thoma\Documents\Cyber Crimes Tools\Takeout Zips\takeout-20260602T071913Z-11-026.zip,takeout-20260602T071913Z-11-026.zip,Takeout/Drive/Unorganized/Crestline June 2010 (2).JPG,C:\Users\thoma\Documents\Cyber Crimes Tools\Takeout Extracted\Takeout\Drive\Unorganized\Crestline June 2010 (2).JPG,2356673,2013-02-28 17:46:20,ExtractNamedRelevant
C:\Users\thoma\Documents\Cyber Crimes Tools\Takeout Zips\takeout-20260602T071913Z-11-026.zip,takeout-20260602T071913Z-11-026.zip,Takeout/Drive/Unorganized/Crestline June 2010 (27).JPG,C:\Users\thoma\Documents\Cyber Crimes Tools\Takeout Extracted\Takeout\Drive\Unorganized\Crestline June 2010 (27).JPG,1119938,2013-02-28 17:47:32,ExtractNamedRelevant
C:\Users\thoma\Documents\Cyber Crimes Tools\Takeout Zips\takeout-20260602T071913Z-11-026.zip,takeout-20260602T071913Z-11-026.zip,Takeout/Drive/Unorganized/Dad and Elijah playing_Nov 2010 (2).MOV,C:\Users\thoma\Documents\Cyber Crimes Tools\Takeout Extracted\Takeout\Drive\Unorganized\Dad and Elijah playing_Nov 2010 (2).MOV,31261097,2013-02-28 17:51:50,SkipLargeMediaEvenIfNamed
C:\Users\thoma\Documents\Cyber Crimes Tools\Takeout Zips\takeout-20260602T071913Z-11-026.zip,takeout-20260602T071913Z-11-026.zip,Takeout/Drive/Unorganized/Crestline June 2010 (26).JPG,C:\Users\thoma\Documents\Cyber Crimes Tools\Takeout Extracted\Takeout\Drive\Unorganized\Crestline June 2010 (26).JPG,1040493,2013-02-28 17:47:26,ExtractNamedRelevant
C:\Users\thoma\Documents\Cyber Crimes Tools\Takeout Zips\takeout-20260602T071913Z-11-026.zip,takeout-20260602T071913Z-11-026.zip,Takeout/Drive/Unorganized/Crestline June 2010 (22).JPG,C:\Users\thoma\Documents\Cyber Crimes Tools\Takeout Extracted\Takeout\Drive\Unorganized\Crestline June 2010 (22).JPG,2567155,2013-02-28 17:46:54,ExtractNamedRelevant
C:\Users\thoma\Documents\Cyber Crimes Tools\Takeout Zips\takeout-20260602T071913Z-11-026.zip,takeout-20260602T071913Z-11-026.zip,Takeout/Drive/Unorganized/Crestline June 2010 (17).JPG,C:\Users\thoma\Documents\Cyber Crimes Tools\Takeout Extracted\Takeout\Drive\Unorganized\Crestline June 2010 (17).JPG,2989473,2013-02-28 17:45:44,ExtractNamedRelevant
C:\Users\thoma\Documents\Cyber Crimes Tools\Takeout Zips\takeout-20260602T071913Z-11-026.zip,takeout-20260602T071913Z-11-026.zip,Takeout/Drive/Unorganized/playtime - Sep 2010 (21).JPG,C:\Users\thoma\Documents\Cyber Crimes Tools\Takeout Extracted\Takeout\Drive\Unorganized\playtime - Sep 2010 (21).JPG,1046967,2013-02-28 21:29:00,ExtractNamedRelevant
C:\Users\thoma\Documents\Cyber Crimes Tools\Takeout Zips\takeout-20260602T071913Z-11-026.zip,takeout-20260602T071913Z-11-026.zip,Takeout/Drive/Unorganized/Crestline June 2010 (16).JPG,C:\Users\thoma\Documents\Cyber Crimes Tools\Takeout Extracted\Takeout\Drive\Unorganized\Crestline June 2010 (16).JPG,3041147,2013-02-28 17:45:34,ExtractNamedRelevant
C:\Users\thoma\Documents\Cyber Crimes Tools\Takeout Zips\takeout-20260602T071913Z-11-026.zip,takeout-20260602T071913Z-11-026.zip,Takeout/Drive/Unorganized/Crestline June 2010 (18).JPG,C:\Users\thoma\Documents\Cyber Crimes Tools\Takeout Extracted\Takeout\Drive\Unorganized\Crestline June 2010 (18).JPG,3003077,2013-02-28 17:46:00,ExtractNamedRelevant
C:\Users\thoma\Documents\Cyber Crimes Tools\Takeout Zips\takeout-20260602T071913Z-11-026.zip,takeout-20260602T071913Z-11-026.zip,Takeout/Drive/Unorganized/Crestline June 2010 (24).JPG,C:\Users\thoma\Documents\Cyber Crimes Tools\Takeout Extracted\Takeout\Drive\Unorganized\Crestline June 2010 (24).JPG,2733042,2013-02-28 17:47:16,ExtractNamedRelevant
C:\Users\thoma\Documents\Cyber Crimes Tools\Takeout Zips\takeout-20260602T071913Z-11-026.zip,takeout-20260602T071913Z-11-026.zip,Takeout/Drive/Unorganized/Crestline June 2010 (23).JPG,C:\Users\thoma\Documents\Cyber Crimes Tools\Takeout Extracted\Takeout\Drive\Unorganized\Crestline June 2010 (23).JPG,2617069,2013-02-28 17:47:04,ExtractNamedRelevant
C:\Users\thoma\Documents\Cyber Crimes Tools\Takeout Zips\takeout-20260602T071913Z-11-026.zip,takeout-20260602T071913Z-11-026.zip,Takeout/Drive/Unorganized/Crestline 2 yr anniversary (2).JPG,C:\Users\thoma\Documents\Cyber Crimes Tools\Takeout Extracted\Takeout\Drive\Unorganized\Crestline 2 yr anniversary (2).JPG,970121,2013-02-28 17:43:38,ExtractNamedRelevant
C:\Users\thoma\Documents\Cyber Crimes Tools\Takeout Zips\takeout-20260602T071913Z-11-026.zip,takeout-20260602T071913Z-11-026.zip,Takeout/Drive/Unorganized/Crestline June 2010 (14).JPG,C:\Users\thoma\Documents\Cyber Crimes Tools\Takeout Extracted\Takeout\Drive\Unorganized\Crestline June 2010 (14).JPG,1415641,2013-02-28 17:45:18,ExtractNamedRelevant
C:\Users\thoma\Documents\Cyber Crimes Tools\Takeout Zips\takeout-20260602T071913Z-11-026.zip,takeout-20260602T071913Z-11-026.zip,Takeout/Drive/Unorganized/Crestline June 2010 (15).JPG,C:\Users\thoma\Documents\Cyber Crimes Tools\Takeout Extracted\Takeout\Drive\Unorganized\Crestline June 2010 (15).JPG,1465785,2013-02-28 17:45:24,ExtractNamedRelevant
C:\Users\thoma\Documents\Cyber Crimes Tools\Takeout Zips\takeout-20260602T071913Z-11-026.zip,takeout-20260602T071913Z-11-026.zip,Takeout/Drive/Unorganized/Crestline June 2010 (13).JPG,C:\Users\thoma\Documents\Cyber Crimes Tools\Takeout Extracted\Takeout\Drive\Unorganized\Crestline June 2010 (13).JPG,1391168,2013-02-28 17:45:12,ExtractNamedRelevant
C:\Users\thoma\Documents\Cyber Crimes Tools\Takeout Zips\takeout-20260602T071913Z-11-026.zip,takeout-20260602T071913Z-11-026.zip,Takeout/Drive/Unorganized/Crestline June 2010 (11).JPG,C:\Users\thoma\Documents\Cyber Crimes Tools\Takeout Extracted\Takeout\Drive\Unorganized\Crestline June 2010 (11).JPG,1859796,2013-02-28 17:45:00,ExtractNamedRelevant
C:\Users\thoma\Documents\Cyber Crimes Tools\Takeout Zips\takeout-20260602T071913Z-11-026.zip,takeout-20260602T071913Z-11-026.zip,Takeout/Drive/Unorganized/Crestline June 2010 (10).JPG,C:\Users\thoma\Documents\Cyber Crimes Tools\Takeout Extracted\Takeout\Drive\Unorganized\Crestline June 2010 (10).JPG,1897779,2013-02-28 17:44:54,ExtractNamedRelevant
C:\Users\thoma\Documents\Cyber Crimes Tools\Takeout Zips\takeout-20260602T071913Z-11-026.zip,takeout-20260602T071913Z-11-026.zip,Takeout/Drive/Unorganized/Crestline June 2010 (12).JPG,C:\Users\thoma\Documents\Cyber Crimes Tools\Takeout Extracted\Takeout\Drive\Unorganized\Crestline June 2010 (12).JPG,1390251,2013-02-28 17:45:06,ExtractNamedRelevant
C:\Users\thoma\Documents\Cyber Crimes Tools\Takeout Zips\takeout-20260602T071913Z-11-026.zip,takeout-20260602T071913Z-11-026.zip,Takeout/Drive/Unorganized/Crestline 2 yr anniversary (8).JPG,C:\Users\thoma\Documents\Cyber Crimes Tools\Takeout Extracted\Takeout\Drive\Unorganized\Crestline 2 yr anniversary (8).JPG,1142723,2013-02-28 17:44:34,ExtractNamedRelevant
C:\Users\thoma\Documents\Cyber Crimes Tools\Takeout Zips\takeout-20260602T071913Z-11-026.zip,takeout-20260602T071913Z-11-026.zip,Takeout/Drive/Unorganized/Crestline June 2010 (1).JPG,C:\Users\thoma\Documents\Cyber Crimes Tools\Takeout Extracted\Takeout\Drive\Unorganized\Crestline June 2010 (1).JPG,1072548,2013-02-28 17:44:46,ExtractNamedRelevant
C:\Users\thoma\Documents\Cyber Crimes Tools\Takeout Zips\takeout-20260602T071913Z-11-026.zip,takeout-20260602T071913Z-11-026.zip,Takeout/Drive/Unorganized/Crestline 2 yr anniversary (7).JPG,C:\Users\thoma\Documents\Cyber Crimes Tools\Takeout Extracted\Takeout\Drive\Unorganized\Crestline 2 yr anniversary (7).JPG,834807,2013-02-28 17:44:30,ExtractNamedRelevant
C:\Users\thoma\Documents\Cyber Crimes Tools\Takeout Zips\takeout-20260602T071913Z-11-026.zip,takeout-20260602T071913Z-11-026.zip,Takeout/Drive/Unorganized/Crestline 2 yr anniversary (6).JPG,C:\Users\thoma\Documents\Cyber Crimes Tools\Takeout Extracted\Takeout\Drive\Unorganized\Crestline 2 yr anniversary (6).JPG,837478,2013-02-28 17:44:26,ExtractNamedRelevant
C:\Users\thoma\Documents\Cyber Crimes Tools\Takeout Zips\takeout-20260602T071913Z-11-026.zip,takeout-20260602T071913Z-11-026.zip,Takeout/Drive/Unorganized/Crestline 2 yr anniversary (5).JPG,C:\Users\thoma\Documents\Cyber Crimes Tools\Takeout Extracted\Takeout\Drive\Unorganized\Crestline 2 yr anniversary (5).JPG,723825,2013-02-28 17:43:52,ExtractNamedRelevant
C:\Users\thoma\Documents\Cyber Crimes Tools\Takeout Zips\takeout-20260602T071913Z-11-026.zip,takeout-20260602T071913Z-11-026.zip,Takeout/Drive/Unorganized/Crestline 2 yr anniversary (4).JPG,C:\Users\thoma\Documents\Cyber Crimes Tools\Takeout Extracted\Takeout\Drive\Unorganized\Crestline 2 yr anniversary (4).JPG,1535500,2013-02-28 17:43:48,ExtractNamedRelevant
C:\Users\thoma\Documents\Cyber Crimes Tools\Takeout Zips\takeout-20260602T071913Z-11-026.zip,takeout-20260602T071913Z-11-026.zip,Takeout/Drive/Unorganized/Crestline 2 yr anniversary (1).JPG,C:\Users\thoma\Documents\Cyber Crimes Tools\Takeout Extracted\Takeout\Drive\Unorganized\Crestline 2 yr anniversary (1).JPG,2019266,2013-02-28 17:43:30,ExtractNamedRelevant
C:\Users\thoma\Documents\Cyber Crimes Tools\Takeout Zips\takeout-20260602T071913Z-11-026.zip,takeout-20260602T071913Z-11-026.zip,Takeout/Drive/Unorganized/Crestline 2 yr anniversary (9).JPG,C:\Users\thoma\Documents\Cyber Crimes Tools\Takeout Extracted\Takeout\Drive\Unorganized\Crestline 2 yr anniversary (9).JPG,1686774,2013-02-28 17:44:42,ExtractNamedRelevant
C:\Users\thoma\Documents\Cyber Crimes Tools\Takeout Zips\takeout-20260602T071913Z-11-026.zip,takeout-20260602T071913Z-11-026.zip,Takeout/Drive/Unorganized/Crestline 2 yr anniversary (3).JPG,C:\Users\thoma\Documents\Cyber Crimes Tools\Takeout Extracted\Takeout\Drive\Unorganized\Crestline 2 yr anniversary (3).JPG,941790,2013-02-28 17:43:42,ExtractNamedRelevant
C:\Users\thoma\Documents\Cyber Crimes Tools\Takeout Zips\takeout-20260602T071913Z-11-026.zip,takeout-20260602T071913Z-11-026.zip,Takeout/Drive/Unorganized/Cayucus Engine Fair May 2010(8).jpg,C:\Users\thoma\Documents\Cyber Crimes Tools\Takeout Extracted\Takeout\Drive\Unorganized\Cayucus Engine Fair May 2010(8).jpg,815491,2013-02-28 17:43:20,ExtractNamedRelevant
C:\Users\thoma\Documents\Cyber Crimes Tools\Takeout Zips\takeout-20260602T071913Z-11-026.zip,takeout-20260602T071913Z-11-026.zip,Takeout/Drive/Unorganized/Nov 2010  (10).JPG,C:\Users\thoma\Documents\Cyber Crimes Tools\Takeout Extracted\Takeout\Drive\Unorganized\Nov 2010  (10).JPG,1014443,2013-02-28 20:54:54,ExtractNamedRelevant
C:\Users\thoma\Documents\Cyber Crimes Tools\Takeout Zips\takeout-20260602T071913Z-11-026.zip,takeout-20260602T071913Z-11-026.zip,"Takeout/Drive/Unorganized/Black Widow found in Elijah_s toys Oct, 2010 (5.JPG","C:\Users\thoma\Documents\Cyber Crimes Tools\Takeout Extracted\Takeout\Drive\Unorganized\Black Widow found in Elijah_s toys Oct, 2010 (5.JPG",1015048,2013-02-28 17:39:08,ExtractNamedRelevant
C:\Users\thoma\Documents\Cyber Crimes Tools\Takeout Zips\takeout-20260602T071913Z-11-026.zip,takeout-20260602T071913Z-11-026.zip,Takeout/Drive/Unorganized/Cayucus Engine Fair May 2010(10).jpg,C:\Users\thoma\Documents\Cyber Crimes Tools\Takeout Extracted\Takeout\Drive\Unorganized\Cayucus Engine Fair May 2010(10).jpg,1004690,2013-02-28 17:42:58,ExtractNamedRelevant
C:\Users\thoma\Documents\Cyber Crimes Tools\Takeout Zips\takeout-20260602T071913Z-11-026.zip,takeout-20260602T071913Z-11-026.zip,Takeout/Drive/Unorganized/Cayucus Engine Fair May 2010(12).jpg,C:\Users\thoma\Documents\Cyber Crimes Tools\Takeout Extracted\Takeout\Drive\Unorganized\Cayucus Engine Fair May 2010(12).jpg,1015045,2013-02-28 17:43:04,ExtractNamedRelevant
C:\Users\thoma\Documents\Cyber Crimes Tools\Takeout Zips\takeout-20260602T071913Z-11-026.zip,takeout-20260602T071913Z-11-026.zip,"Takeout/Drive/Unorganized/Black Widow found in Elijah_s toys Oct, 2010 (4.JPG","C:\Users\thoma\Documents\Cyber Crimes Tools\Takeout Extracted\Takeout\Drive\Unorganized\Black Widow found in Elijah_s toys Oct, 2010 (4.JPG",877065,2013-02-28 17:39:04,ExtractNamedRelevant
C:\Users\thoma\Documents\Cyber Crimes Tools\Takeout Zips\takeout-20260602T071913Z-11-026.zip,takeout-20260602T071913Z-11-026.zip,"Takeout/Drive/Unorganized/Blue Springs Jan, 2010 (1).JPG","C:\Users\thoma\Documents\Cyber Crimes Tools\Takeout Extracted\Takeout\Drive\Unorganized\Blue Springs Jan, 2010 (1).JPG",1163670,2013-02-28 17:39:14,ExtractNamedRelevant
C:\Users\thoma\Documents\Cyber Crimes Tools\Takeout Zips\takeout-20260602T071913Z-11-026.zip,takeout-20260602T071913Z-11-026.zip,"Takeout/Drive/Unorganized/Blue Springs Jan, 2010 (3).JPG","C:\Users\thoma\Documents\Cyber Crimes Tools\Takeout Extracted\Takeout\Drive\Unorganized\Blue Springs Jan, 2010 (3).JPG",1567180,2013-02-28 17:42:46,ExtractNamedRelevant
C:\Users\thoma\Documents\Cyber Crimes Tools\Takeout Zips\takeout-20260602T071913Z-11-026.zip,takeout-20260602T071913Z-11-026.zip,Takeout/Drive/Unorganized/Cayucus Engine Fair May 2010(4).jpg,C:\Users\thoma\Documents\Cyber Crimes Tools\Takeout Extracted\Takeout\Drive\Unorganized\Cayucus Engine Fair May 2010(4).jpg,1017720,2013-02-28 17:43:10,ExtractNamedRelevant
C:\Users\thoma\Documents\Cyber Crimes Tools\Takeout Zips\takeout-20260602T071913Z-11-026.zip,takeout-20260602T071913Z-11-026.zip,Takeout/Drive/Unorganized/Cayucus Engine Fair May 2010(6).jpg,C:\Users\thoma\Documents\Cyber Crimes Tools\Takeout Extracted\Takeout\Drive\Unorganized\Cayucus Engine Fair May 2010(6).jpg,1011409,2013-02-28 17:43:16,ExtractNamedRelevant
C:\Users\thoma\Documents\Cyber Crimes Tools\Takeout Zips\takeout-20260602T071913Z-11-026.zip,takeout-20260602T071913Z-11-026.zip,Takeout/Drive/Unorganized/2010-08-13 12.19.25.jpg,C:\Users\thoma\Documents\Cyber Crimes Tools\Takeout Extracted\Takeout\Drive\Unorganized\2010-08-13 12.19.25.jpg,1076212,2013-02-28 17:31:30,ExtractNamedRelevant
C:\Users\thoma\Documents\Cyber Crimes Tools\Takeout Zips\takeout-20260602T071913Z-11-026.zip,takeout-20260602T071913Z-11-026.zip,"Takeout/Drive/Unorganized/Black Widow found in Elijah_s toys Oct, 2010 (1.JPG","C:\Users\thoma\Documents\Cyber Crimes Tools\Takeout Extracted\Takeout\Drive\Unorganized\Black Widow found in Elijah_s toys Oct, 2010 (1.JPG",1261350,2013-02-28 17:38:56,ExtractNamedRelevant
C:\Users\thoma\Documents\Cyber Crimes Tools\Takeout Zips\takeout-20260602T071913Z-11-026.zip,takeout-20260602T071913Z-11-026.zip,"Takeout/Drive/Unorganized/Blue Springs Jan, 2010 (4).JPG","C:\Users\thoma\Documents\Cyber Crimes Tools\Takeout Extracted\Takeout\Drive\Unorganized\Blue Springs Jan, 2010 (4).JPG",1410711,2013-02-28 17:42:54,ExtractNamedRelevant
C:\Users\thoma\Documents\Cyber Crimes Tools\Takeout Zips\takeout-20260602T071913Z-11-026.zip,takeout-20260602T071913Z-11-026.zip,"Takeout/Drive/Unorganized/Blue Springs Jan, 2010 (2).JPG","C:\Users\thoma\Documents\Cyber Crimes Tools\Takeout Extracted\Takeout\Drive\Unorganized\Blue Springs Jan, 2010 (2).JPG",1838588,2013-02-28 17:42:40,ExtractNamedRelevant
C:\Users\thoma\Documents\Cyber Crimes Tools\Takeout Zips\takeout-20260602T071913Z-11-026.zip,takeout-20260602T071913Z-11-026.zip,"Takeout/Drive/Unorganized/Black Widow found in Elijah_s toys Oct, 2010 (3.JPG","C:\Users\thoma\Documents\Cyber Crimes Tools\Takeout Extracted\Takeout\Drive\Unorganized\Black Widow found in Elijah_s toys Oct, 2010 (3.JPG",783157,2013-02-28 17:39:00,ExtractNamedRelevant
C:\Users\thoma\Documents\Cyber Crimes Tools\Takeout Zips\takeout-20260602T071913Z-11-026.zip,takeout-20260602T071913Z-11-026.zip,Takeout/Drive/Unorganized/2010-08-13 12.20.41.jpg,C:\Users\thoma\Documents\Cyber Crimes Tools\Takeout Extracted\Takeout\Drive\Unorganized\2010-08-13 12.20.41.jpg,990203,2013-02-28 17:31:50,ExtractNamedRelevant
C:\Users\thoma\Documents\Cyber Crimes Tools\Takeout Zips\takeout-20260602T071913Z-11-026.zip,takeout-20260602T071913Z-11-026.zip,Takeout/Drive/Unorganized/2010.MOV,C:\Users\thoma\Documents\Cyber Crimes Tools\Takeout Extracted\Takeout\Drive\Unorganized\2010.MOV,130642718,2013-02-28 17:38:50,SkipLargeMediaEvenIfNamed
C:\Users\thoma\Documents\Cyber Crimes Tools\Takeout Zips\takeout-20260602T071913Z-11-026.zip,takeout-20260602T071913Z-11-026.zip,"Takeout/Drive/Unorganized/Blue Springs Jan, 2010 (1).MOV","C:\Users\thoma\Documents\Cyber Crimes Tools\Takeout Extracted\Takeout\Drive\Unorganized\Blue Springs Jan, 2010 (1).MOV",65276925,2013-02-28 17:42:34,SkipLargeMediaEvenIfNamed
C:\Users\thoma\Documents\Cyber Crimes Tools\Takeout Zips\takeout-20260602T071913Z-11-026.zip,takeout-20260602T071913Z-11-026.zip,Takeout/Drive/Unorganized/2010-08-13 12.20.29.jpg,C:\Users\thoma\Documents\Cyber Crimes Tools\Takeout Extracted\Takeout\Drive\Unorganized\2010-08-13 12.20.29.jpg,1177504,2013-02-28 17:31:40,ExtractNamedRelevant
C:\Users\thoma\Documents\Cyber Crimes Tools\Takeout Zips\takeout-20260602T071913Z-11-026.zip,takeout-20260602T071913Z-11-026.zip,Takeout/Drive/Unorganized/2010-08-13 12.19.02.jpg,C:\Users\thoma\Documents\Cyber Crimes Tools\Takeout Extracted\Takeout\Drive\Unorganized\2010-08-13 12.19.02.jpg,1240354,2013-02-28 17:31:24,ExtractNamedRelevant
C:\Users\thoma\Documents\Cyber Crimes Tools\Takeout Zips\takeout-20260602T071913Z-11-026.zip,takeout-20260602T071913Z-11-026.zip,Takeout/Drive/Unorganized/2010-08-15 14.42.06.jpg,C:\Users\thoma\Documents\Cyber Crimes Tools\Takeout Extracted\Takeout\Drive\Unorganized\2010-08-15 14.42.06.jpg,1465319,2013-02-28 17:32:00,ExtractNamedRelevant
C:\Users\thoma\Documents\Cyber Crimes Tools\Takeout Zips\takeout-20260602T071913Z-11-026.zip,takeout-20260602T071913Z-11-026.zip,Takeout/Drive/Unorganized/2010-08-13 12.20.33.jpg,C:\Users\thoma\Documents\Cyber Crimes Tools\Takeout Extracted\Takeout\Drive\Unorganized\2010-08-13 12.20.33.jpg,1322219,2013-02-28 17:31:46,ExtractNamedRelevant
C:\Users\thoma\Documents\Cyber Crimes Tools\Takeout Zips\takeout-20260602T071913Z-11-026.zip,takeout-20260602T071913Z-11-026.zip,Takeout/Drive/Unorganized/2010-08-13 12.21.03.jpg,C:\Users\thoma\Documents\Cyber Crimes Tools\Takeout Extracted\Takeout\Drive\Unorganized\2010-08-13 12.21.03.jpg,823266,2013-02-28 17:31:54,ExtractNamedRelevant
C:\Users\thoma\Documents\Cyber Crimes Tools\Takeout Zips\takeout-20260602T071913Z-11-026.zip,takeout-20260602T071913Z-11-026.zip,Takeout/Drive/Unorganized/playtime at 16 months (13).JPG,C:\Users\thoma\Documents\Cyber Crimes Tools\Takeout Extracted\Takeout\Drive\Unorganized\playtime at 16 months (13).JPG,914370,2013-02-28 18:45:52,ExtractNamedRelevant
C:\Users\thoma\Documents\Cyber Crimes Tools\Takeout Zips\takeout-20260602T071913Z-11-026.zip,takeout-20260602T071913Z-11-026.zip,Takeout/Drive/Unorganized/2010-08-13 12.20.17.jpg,C:\Users\thoma\Documents\Cyber Crimes Tools\Takeout Extracted\Takeout\Drive\Unorganized\2010-08-13 12.20.17.jpg,1164670,2013-02-28 17:31:34,ExtractNamedRelevant
C:\Users\thoma\Documents\Cyber Crimes Tools\Takeout Zips\takeout-20260602T071913Z-11-026.zip,takeout-20260602T071913Z-11-026.zip,Takeout/Drive/Unorganized/2010-08-13 12.17.38.jpg,C:\Users\thoma\Documents\Cyber Crimes Tools\Takeout Extracted\Takeout\Drive\Unorganized\2010-08-13 12.17.38.jpg,1549391,2013-02-28 17:31:12,ExtractNamedRelevant
C:\Users\thoma\Documents\Cyber Crimes Tools\Takeout Zips\takeout-20260602T071913Z-11-026.zip,takeout-20260602T071913Z-11-026.zip,Takeout/Drive/Unorganized/2010-08-13 11.55.36.jpg,C:\Users\thoma\Documents\Cyber Crimes Tools\Takeout Extracted\Takeout\Drive\Unorganized\2010-08-13 11.55.36.jpg,1240719,2013-02-28 17:31:06,ExtractNamedRelevant
C:\Users\thoma\Documents\Cyber Crimes Tools\Takeout Zips\takeout-20260602T071913Z-11-026.zip,takeout-20260602T071913Z-11-026.zip,Takeout/Drive/Unorganized/2010-08-09 17.22.24.jpg,C:\Users\thoma\Documents\Cyber Crimes Tools\Takeout Extracted\Takeout\Drive\Unorganized\2010-08-09 17.22.24.jpg,981544,2013-02-28 17:30:38,ExtractNamedRelevant
C:\Users\thoma\Documents\Cyber Crimes Tools\Takeout Zips\takeout-20260602T071913Z-11-026.zip,takeout-20260602T071913Z-11-026.zip,Takeout/Drive/Unorganized/2010-08-06 12.02.46.jpg,C:\Users\thoma\Documents\Cyber Crimes Tools\Takeout Extracted\Takeout\Drive\Unorganized\2010-08-06 12.02.46.jpg,1342370,2013-02-28 17:30:18,ExtractNamedRelevant
C:\Users\thoma\Documents\Cyber Crimes Tools\Takeout Zips\takeout-20260602T071913Z-11-026.zip,takeout-20260602T071913Z-11-026.zip,Takeout/Drive/Unorganized/2010-08-13 11.55.28.jpg,C:\Users\thoma\Documents\Cyber Crimes Tools\Takeout Extracted\Takeout\Drive\Unorganized\2010-08-13 11.55.28.jpg,1457862,2013-02-28 17:31:00,ExtractNamedRelevant
C:\Users\thoma\Documents\Cyber Crimes Tools\Takeout Zips\takeout-20260602T071913Z-11-026.zip,takeout-20260602T071913Z-11-026.zip,Takeout/Drive/Unorganized/2010-08-13 11.55.06.jpg,C:\Users\thoma\Documents\Cyber Crimes Tools\Takeout Extracted\Takeout\Drive\Unorganized\2010-08-13 11.55.06.jpg,1363163,2013-02-28 17:30:48,ExtractNamedRelevant
C:\Users\thoma\Documents\Cyber Crimes Tools\Takeout Zips\takeout-20260602T071913Z-11-026.zip,takeout-20260602T071913Z-11-026.zip,Takeout/Drive/Unorganized/2010-08-09 17.22.29.jpg,C:\Users\thoma\Documents\Cyber Crimes Tools\Takeout Extracted\Takeout\Drive\Unorganized\2010-08-09 17.22.29.jpg,975237,2013-02-28 17:30:42,ExtractNamedRelevant
C:\Users\thoma\Documents\Cyber Crimes Tools\Takeout Zips\takeout-20260602T071913Z-11-026.zip,takeout-20260602T071913Z-11-026.zip,Takeout/Drive/Unorganized/2010-08-09 17.21.55.jpg,C:\Users\thoma\Documents\Cyber Crimes Tools\Takeout Extracted\Takeout\Drive\Unorganized\2010-08-09 17.21.55.jpg,905109,2013-02-28 17:30:26,ExtractNamedRelevant
C:\Users\thoma\Documents\Cyber Crimes Tools\Takeout Zips\takeout-20260602T071913Z-11-026.zip,takeout-20260602T071913Z-11-026.zip,Takeout/Drive/Unorganized/2010-06-21 18.48.15.jpg,C:\Users\thoma\Documents\Cyber Crimes Tools\Takeout Extracted\Takeout\Drive\Unorganized\2010-06-21 18.48.15.jpg,1190930,2013-02-28 17:28:36,ExtractNamedRelevant
C:\Users\thoma\Documents\Cyber Crimes Tools\Takeout Zips\takeout-20260602T071913Z-11-026.zip,takeout-20260602T071913Z-11-026.zip,Takeout/Drive/Unorganized/2010-08-06 12.02.36.jpg,C:\Users\thoma\Documents\Cyber Crimes Tools\Takeout Extracted\Takeout\Drive\Unorganized\2010-08-06 12.02.36.jpg,1276999,2013-02-28 17:30:12,ExtractNamedRelevant
C:\Users\thoma\Documents\Cyber Crimes Tools\Takeout Zips\takeout-20260602T071913Z-11-026.zip,takeout-20260602T071913Z-11-026.zip,Takeout/Drive/Unorganized/2010-08-13 11.55.18.jpg,C:\Users\thoma\Documents\Cyber Crimes Tools\Takeout Extracted\Takeout\Drive\Unorganized\2010-08-13 11.55.18.jpg,1402735,2013-02-28 17:30:54,ExtractNamedRelevant
C:\Users\thoma\Documents\Cyber Crimes Tools\Takeout Zips\takeout-20260602T071913Z-11-026.zip,takeout-20260602T071913Z-11-026.zip,Takeout/Drive/Unorganized/2010-08-04 17.46.37.jpg,C:\Users\thoma\Documents\Cyber Crimes Tools\Takeout Extracted\Takeout\Drive\Unorganized\2010-08-04 17.46.37.jpg,506739,2013-02-28 17:29:56,ExtractNamedRelevant
C:\Users\thoma\Documents\Cyber Crimes Tools\Takeout Zips\takeout-20260602T071913Z-11-026.zip,takeout-20260602T071913Z-11-026.zip,Takeout/Drive/Unorganized/2010-08-09 17.22.10.jpg,C:\Users\thoma\Documents\Cyber Crimes Tools\Takeout Extracted\Takeout\Drive\Unorganized\2010-08-09 17.22.10.jpg,904478,2013-02-28 17:30:34,ExtractNamedRelevant
C:\Users\thoma\Documents\Cyber Crimes Tools\Takeout Zips\takeout-20260602T071913Z-11-026.zip,takeout-20260602T071913Z-11-026.zip,Takeout/Drive/Unorganized/2010-08-09 17.21.08.jpg,C:\Users\thoma\Documents\Cyber Crimes Tools\Takeout Extracted\Takeout\Drive\Unorganized\2010-08-09 17.21.08.jpg,980091,2013-02-28 17:30:22,ExtractNamedRelevant
C:\Users\thoma\Documents\Cyber Crimes Tools\Takeout Zips\takeout-20260602T071913Z-11-026.zip,takeout-20260602T071913Z-11-026.zip,Takeout/Drive/Unorganized/2010-08-09 17.22.06.jpg,C:\Users\thoma\Documents\Cyber Crimes Tools\Takeout Extracted\Takeout\Drive\Unorganized\2010-08-09 17.22.06.jpg,995507,2013-02-28 17:30:30,ExtractNamedRelevant
C:\Users\thoma\Documents\Cyber Crimes Tools\Takeout Zips\takeout-20260602T071913Z-11-026.zip,takeout-20260602T071913Z-11-026.zip,Takeout/Drive/Unorganized/2010-08-04 17.47.53.jpg,C:\Users\thoma\Documents\Cyber Crimes Tools\Takeout Extracted\Takeout\Drive\Unorganized\2010-08-04 17.47.53.jpg,1120227,2013-02-28 17:30:04,ExtractNamedRelevant
C:\Users\thoma\Documents\Cyber Crimes Tools\Takeout Zips\takeout-20260602T071913Z-11-026.zip,takeout-20260602T071913Z-11-026.zip,Takeout/Drive/Unorganized/2010-08-04 16.13.24.jpg,C:\Users\thoma\Documents\Cyber Crimes Tools\Takeout Extracted\Takeout\Drive\Unorganized\2010-08-04 16.13.24.jpg,1120784,2013-02-28 17:29:52,ExtractNamedRelevant
C:\Users\thoma\Documents\Cyber Crimes Tools\Takeout Zips\takeout-20260602T071913Z-11-026.zip,takeout-20260602T071913Z-11-026.zip,Takeout/Drive/Unorganized/2010-08-04 16.13.13.jpg,C:\Users\thoma\Documents\Cyber Crimes Tools\Takeout Extracted\Takeout\Drive\Unorganized\2010-08-04 16.13.13.jpg,1045451,2013-02-28 17:29:48,ExtractNamedRelevant
C:\Users\thoma\Documents\Cyber Crimes Tools\Takeout Zips\takeout-20260602T071913Z-11-026.zip,takeout-20260602T071913Z-11-026.zip,Takeout/Drive/Unorganized/2010-08-04 15.34.38.jpg,C:\Users\thoma\Documents\Cyber Crimes Tools\Takeout Extracted\Takeout\Drive\Unorganized\2010-08-04 15.34.38.jpg,1491619,2013-02-28 17:29:36,ExtractNamedRelevant
C:\Users\thoma\Documents\Cyber Crimes Tools\Takeout Zips\takeout-20260602T071913Z-11-026.zip,takeout-20260602T071913Z-11-026.zip,Takeout/Drive/Unorganized/2010-07-13 14.41.05.jpg,C:\Users\thoma\Documents\Cyber Crimes Tools\Takeout Extracted\Takeout\Drive\Unorganized\2010-07-13 14.41.05.jpg,930314,2013-02-28 17:29:00,ExtractNamedRelevant
C:\Users\thoma\Documents\Cyber Crimes Tools\Takeout Zips\takeout-20260602T071913Z-11-026.zip,takeout-20260602T071913Z-11-026.zip,Takeout/Drive/Unorganized/2010-07-13 14.41.35.jpg,C:\Users\thoma\Documents\Cyber Crimes Tools\Takeout Extracted\Takeout\Drive\Unorganized\2010-07-13 14.41.35.jpg,967795,2013-02-28 17:29:24,ExtractNamedRelevant
C:\Users\thoma\Documents\Cyber Crimes Tools\Takeout Zips\takeout-20260602T071913Z-11-026.zip,takeout-20260602T071913Z-11-026.zip,Takeout/Drive/Unorganized/Loving the coconut-Dec 2010 (7).JPG,C:\Users\thoma\Documents\Cyber Crimes Tools\Takeout Extracted\Takeout\Drive\Unorganized\Loving the coconut-Dec 2010 (7).JPG,897893,2013-02-28 18:51:00,ExtractNamedRelevant
C:\Users\thoma\Documents\Cyber Crimes Tools\Takeout Zips\takeout-20260602T071913Z-11-026.zip,takeout-20260602T071913Z-11-026.zip,Takeout/Drive/Unorganized/2010-08-04 15.41.30.jpg,C:\Users\thoma\Documents\Cyber Crimes Tools\Takeout Extracted\Takeout\Drive\Unorganized\2010-08-04 15.41.30.jpg,1411417,2013-02-28 17:29:42,ExtractNamedRelevant
C:\Users\thoma\Documents\Cyber Crimes Tools\Takeout Zips\takeout-20260602T071913Z-11-026.zip,takeout-20260602T071913Z-11-026.zip,Takeout/Drive/Unorganized/2010-07-13 14.41.30.jpg,C:\Users\thoma\Documents\Cyber Crimes Tools\Takeout Extracted\Takeout\Drive\Unorganized\2010-07-13 14.41.30.jpg,859334,2013-02-28 17:29:20,ExtractNamedRelevant
C:\Users\thoma\Documents\Cyber Crimes Tools\Takeout Zips\takeout-20260602T071913Z-11-026.zip,takeout-20260602T071913Z-11-026.zip,Takeout/Drive/Unorganized/2010-07-13 14.41.21.jpg,C:\Users\thoma\Documents\Cyber Crimes Tools\Takeout Extracted\Takeout\Drive\Unorganized\2010-07-13 14.41.21.jpg,906693,2013-02-28 17:29:14,ExtractNamedRelevant
C:\Users\thoma\Documents\Cyber Crimes Tools\Takeout Zips\takeout-20260602T071913Z-11-026.zip,takeout-20260602T071913Z-11-026.zip,Takeout/Drive/Unorganized/2010-06-24 20.47.08.jpg,C:\Users\thoma\Documents\Cyber Crimes Tools\Takeout Extracted\Takeout\Drive\Unorganized\2010-06-24 20.47.08.jpg,1233433,2013-02-28 17:28:56,ExtractNamedRelevant
C:\Users\thoma\Documents\Cyber Crimes Tools\Takeout Zips\takeout-20260602T071913Z-11-026.zip,takeout-20260602T071913Z-11-026.zip,Takeout/Drive/Unorganized/2010-05-20 14.38.08.jpg,C:\Users\thoma\Documents\Cyber Crimes Tools\Takeout Extracted\Takeout\Drive\Unorganized\2010-05-20 14.38.08.jpg,1043524,2013-02-28 17:27:08,ExtractNamedRelevant
C:\Users\thoma\Documents\Cyber Crimes Tools\Takeout Zips\takeout-20260602T071913Z-11-026.zip,takeout-20260602T071913Z-11-026.zip,Takeout/Drive/Unorganized/2010-07-13 14.41.18.jpg,C:\Users\thoma\Documents\Cyber Crimes Tools\Takeout Extracted\Takeout\Drive\Unorganized\2010-07-13 14.41.18.jpg,969872,2013-02-28 17:29:08,ExtractNamedRelevant
C:\Users\thoma\Documents\Cyber Crimes Tools\Takeout Zips\takeout-20260602T071913Z-11-026.zip,takeout-20260602T071913Z-11-026.zip,Takeout/Drive/Unorganized/2010-06-21 18.47.55.jpg,C:\Users\thoma\Documents\Cyber Crimes Tools\Takeout Extracted\Takeout\Drive\Unorganized\2010-06-21 18.47.55.jpg,1169050,2013-02-28 17:28:24,ExtractNamedRelevant
C:\Users\thoma\Documents\Cyber Crimes Tools\Takeout Zips\takeout-20260602T071913Z-11-026.zip,takeout-20260602T071913Z-11-026.zip,Takeout/Drive/Unorganized/2010-06-24 20.19.36.jpg,C:\Users\thoma\Documents\Cyber Crimes Tools\Takeout Extracted\Takeout\Drive\Unorganized\2010-06-24 20.19.36.jpg,1075911,2013-02-28 17:28:50,ExtractNamedRelevant
C:\Users\thoma\Documents\Cyber Crimes Tools\Takeout Zips\takeout-20260602T071913Z-11-026.zip,takeout-20260602T071913Z-11-026.zip,Takeout/Drive/Unorganized/2010-07-13 14.41.13.jpg,C:\Users\thoma\Documents\Cyber Crimes Tools\Takeout Extracted\Takeout\Drive\Unorganized\2010-07-13 14.41.13.jpg,961058,2013-02-28 17:29:04,ExtractNamedRelevant
C:\Users\thoma\Documents\Cyber Crimes Tools\Takeout Zips\takeout-20260602T071913Z-11-026.zip,takeout-20260602T071913Z-11-026.zip,Takeout/Drive/Unorganized/2010-08-04 15.34.11.jpg,C:\Users\thoma\Documents\Cyber Crimes Tools\Takeout Extracted\Takeout\Drive\Unorganized\2010-08-04 15.34.11.jpg,1491255,2013-02-28 17:29:30,ExtractNamedRelevant
C:\Users\thoma\Documents\Cyber Crimes Tools\Takeout Zips\takeout-20260602T071913Z-11-026.zip,takeout-20260602T071913Z-11-026.zip,Takeout/Drive/Unorganized/2010-06-21 18.48.52.jpg,C:\Users\thoma\Documents\Cyber Crimes Tools\Takeout Extracted\Takeout\Drive\Unorganized\2010-06-21 18.48.52.jpg,1111742,2013-02-28 17:28:44,ExtractNamedRelevant
C:\Users\thoma\Documents\Cyber Crimes Tools\Takeout Zips\takeout-20260602T071913Z-11-026.zip,takeout-20260602T071913Z-11-026.zip,Takeout/Drive/Unorganized/2010-06-21 18.48.11.jpg,C:\Users\thoma\Documents\Cyber Crimes Tools\Takeout Extracted\Takeout\Drive\Unorganized\2010-06-21 18.48.11.jpg,1333097,2013-02-28 17:28:30,ExtractNamedRelevant
C:\Users\thoma\Documents\Cyber Crimes Tools\Takeout Zips\takeout-20260602T071913Z-11-026.zip,takeout-20260602T071913Z-11-026.zip,Takeout/Drive/Unorganized/2010-06-21 18.48.30.jpg,C:\Users\thoma\Documents\Cyber Crimes Tools\Takeout Extracted\Takeout\Drive\Unorganized\2010-06-21 18.48.30.jpg,899014,2013-02-28 17:28:40,ExtractNamedRelevant
C:\Users\thoma\Documents\Cyber Crimes Tools\Takeout Zips\takeout-20260602T071913Z-11-026.zip,takeout-20260602T071913Z-11-026.zip,Takeout/Drive/Unorganized/2010-06-07 18.11.14.jpg,C:\Users\thoma\Documents\Cyber Crimes Tools\Takeout Extracted\Takeout\Drive\Unorganized\2010-06-07 18.11.14.jpg,840369,2013-02-28 17:28:02,ExtractNamedRelevant
C:\Users\thoma\Documents\Cyber Crimes Tools\Takeout Zips\takeout-20260602T071913Z-11-026.zip,takeout-20260602T071913Z-11-026.zip,Takeout/Drive/Unorganized/2010-06-21 18.46.44.jpg,C:\Users\thoma\Documents\Cyber Crimes Tools\Takeout Extracted\Takeout\Drive\Unorganized\2010-06-21 18.46.44.jpg,1129616,2013-02-28 17:28:08,ExtractNamedRelevant
C:\Users\thoma\Documents\Cyber Crimes Tools\Takeout Zips\takeout-20260602T071913Z-11-026.zip,takeout-20260602T071913Z-11-026.zip,Takeout/Drive/Unorganized/2010-04-25 11.53.15.jpg,C:\Users\thoma\Documents\Cyber Crimes Tools\Takeout Extracted\Takeout\Drive\Unorganized\2010-04-25 11.53.15.jpg,1035288,2013-02-28 17:26:22,ExtractNamedRelevant
C:\Users\thoma\Documents\Cyber Crimes Tools\Takeout Zips\takeout-20260602T071913Z-11-026.zip,takeout-20260602T071913Z-11-026.zip,Takeout/Drive/Unorganized/2010-06-21 18.47.46.jpg,C:\Users\thoma\Documents\Cyber Crimes Tools\Takeout Extracted\Takeout\Drive\Unorganized\2010-06-21 18.47.46.jpg,839656,2013-02-28 17:28:20,ExtractNamedRelevant
C:\Users\thoma\Documents\Cyber Crimes Tools\Takeout Zips\takeout-20260602T071913Z-11-026.zip,takeout-20260602T071913Z-11-026.zip,Takeout/Drive/Helo_BusinessPlan_May_2019_Edits(2).docx,C:\Users\thoma\Documents\Cyber Crimes Tools\Takeout Extracted\Takeout\Drive\Helo_BusinessPlan_May_2019_Edits(2).docx,1258022,2019-05-30 11:19:24,ExtractEvidenceType
C:\Users\thoma\Documents\Cyber Crimes Tools\Takeout Zips\takeout-20260602T071913Z-11-026.zip,takeout-20260602T071913Z-11-026.zip,Takeout/Drive/Unorganized/2010-06-21 18.47.16.jpg,C:\Users\thoma\Documents\Cyber Crimes Tools\Takeout Extracted\Takeout\Drive\Unorganized\2010-06-21 18.47.16.jpg,844175,2013-02-28 17:28:16,ExtractNamedRelevant
C:\Users\thoma\Documents\Cyber Crimes Tools\Takeout Zips\takeout-20260602T071913Z-11-026.zip,takeout-20260602T071913Z-11-026.zip,Takeout/Drive/Unorganized/2010-06-21 18.47.08.jpg,C:\Users\thoma\Documents\Cyber Crimes Tools\Takeout Extracted\Takeout\Drive\Unorganized\2010-06-21 18.47.08.jpg,946409,2013-02-28 17:28:12,ExtractNamedRelevant
C:\Users\thoma\Documents\Cyber Crimes Tools\Takeout Zips\takeout-20260602T071913Z-11-026.zip,takeout-20260602T071913Z-11-026.zip,Takeout/Drive/Unorganized/2010-05-31 00.26.45.jpg,C:\Users\thoma\Documents\Cyber Crimes Tools\Takeout Extracted\Takeout\Drive\Unorganized\2010-05-31 00.26.45.jpg,1347340,2013-02-28 17:27:58,ExtractNamedRelevant
C:\Users\thoma\Documents\Cyber Crimes Tools\Takeout Zips\takeout-20260602T071913Z-11-026.zip,takeout-20260602T071913Z-11-026.zip,Takeout/Drive/Unorganized/2010-04-19 17.52.28.jpg,C:\Users\thoma\Documents\Cyber Crimes Tools\Takeout Extracted\Takeout\Drive\Unorganized\2010-04-19 17.52.28.jpg,751262,2013-02-28 17:26:04,ExtractNamedRelevant
C:\Users\thoma\Documents\Cyber Crimes Tools\Takeout Zips\takeout-20260602T071913Z-11-026.zip,takeout-20260602T071913Z-11-026.zip,Takeout/Drive/Unorganized/2010-05-24 21.28.32.jpg,C:\Users\thoma\Documents\Cyber Crimes Tools\Takeout Extracted\Takeout\Drive\Unorganized\2010-05-24 21.28.32.jpg,927061,2013-02-28 17:27:42,ExtractNamedRelevant
C:\Users\thoma\Documents\Cyber Crimes Tools\Takeout Zips\takeout-20260602T071913Z-11-026.zip,takeout-20260602T071913Z-11-026.zip,Takeout/Drive/Unorganized/2010-05-24 13.19.46.jpg,C:\Users\thoma\Documents\Cyber Crimes Tools\Takeout Extracted\Takeout\Drive\Unorganized\2010-05-24 13.19.46.jpg,1075652,2013-02-28 17:27:34,ExtractNamedRelevant
C:\Users\thoma\Documents\Cyber Crimes Tools\Takeout Zips\takeout-20260602T071913Z-11-026.zip,takeout-20260602T071913Z-11-026.zip,Takeout/Drive/Unorganized/2010-05-31 00.26.05.jpg,C:\Users\thoma\Documents\Cyber Crimes Tools\Takeout Extracted\Takeout\Drive\Unorganized\2010-05-31 00.26.05.jpg,1109880,2013-02-28 17:27:54,ExtractNamedRelevant
C:\Users\thoma\Documents\Cyber Crimes Tools\Takeout Zips\takeout-20260602T071913Z-11-026.zip,takeout-20260602T071913Z-11-026.zip,Takeout/Drive/Unorganized/2010-05-24 21.28.07.jpg,C:\Users\thoma\Documents\Cyber Crimes Tools\Takeout Extracted\Takeout\Drive\Unorganized\2010-05-24 21.28.07.jpg,874541,2013-02-28 17:27:38,ExtractNamedRelevant
C:\Users\thoma\Documents\Cyber Crimes Tools\Takeout Zips\takeout-20260602T071913Z-11-026.zip,takeout-20260602T071913Z-11-026.zip,Takeout/Drive/Unorganized/2010-05-20 14.38.28.jpg,C:\Users\thoma\Documents\Cyber Crimes Tools\Takeout Extracted\Takeout\Drive\Unorganized\2010-05-20 14.38.28.jpg,208030,2013-02-28 17:27:10,ExtractNamedRelevant
C:\Users\thoma\Documents\Cyber Crimes Tools\Takeout Zips\takeout-20260602T071913Z-11-026.zip,takeout-20260602T071913Z-11-026.zip,Takeout/Drive/Unorganized/2010-05-30 16.36.16.jpg,C:\Users\thoma\Documents\Cyber Crimes Tools\Takeout Extracted\Takeout\Drive\Unorganized\2010-05-30 16.36.16.jpg,1306988,2013-02-28 17:27:48,ExtractNamedRelevant
C:\Users\thoma\Documents\Cyber Crimes Tools\Takeout Zips\takeout-20260602T071913Z-11-026.zip,takeout-20260602T071913Z-11-026.zip,Takeout/Drive/Unorganized/2010-04-19 17.40.19.jpg,C:\Users\thoma\Documents\Cyber Crimes Tools\Takeout Extracted\Takeout\Drive\Unorganized\2010-04-19 17.40.19.jpg,1065283,2013-02-28 17:25:52,ExtractNamedRelevant
C:\Users\thoma\Documents\Cyber Crimes Tools\Takeout Zips\takeout-20260602T071913Z-11-026.zip,takeout-20260602T071913Z-11-026.zip,Takeout/Drive/Unorganized/2010-05-24 13.19.35.jpg,C:\Users\thoma\Documents\Cyber Crimes Tools\Takeout Extracted\Takeout\Drive\Unorganized\2010-05-24 13.19.35.jpg,1098552,2013-02-28 17:27:28,ExtractNamedRelevant
C:\Users\thoma\Documents\Cyber Crimes Tools\Takeout Zips\takeout-20260602T071913Z-11-026.zip,takeout-20260602T071913Z-11-026.zip,Takeout/Drive/Unorganized/2010-05-24 13.19.31.jpg,C:\Users\thoma\Documents\Cyber Crimes Tools\Takeout Extracted\Takeout\Drive\Unorganized\2010-05-24 13.19.31.jpg,1142703,2013-02-28 17:27:24,ExtractNamedRelevant
C:\Users\thoma\Documents\Cyber Crimes Tools\Takeout Zips\takeout-20260602T071913Z-11-026.zip,takeout-20260602T071913Z-11-026.zip,Takeout/Drive/Unorganized/2010-05-20 14.38.42.jpg,C:\Users\thoma\Documents\Cyber Crimes Tools\Takeout Extracted\Takeout\Drive\Unorganized\2010-05-20 14.38.42.jpg,245066,2013-02-28 17:27:14,ExtractNamedRelevant
C:\Users\thoma\Documents\Cyber Crimes Tools\Takeout Zips\takeout-20260602T071913Z-11-026.zip,takeout-20260602T071913Z-11-026.zip,Takeout/Drive/Unorganized/2010-05-20 14.39.01.jpg,C:\Users\thoma\Documents\Cyber Crimes Tools\Takeout Extracted\Takeout\Drive\Unorganized\2010-05-20 14.39.01.jpg,305257,2013-02-28 17:27:16,ExtractNamedRelevant
C:\Users\thoma\Documents\Cyber Crimes Tools\Takeout Zips\takeout-20260602T071913Z-11-026.zip,takeout-20260602T071913Z-11-026.zip,Takeout/Drive/Unorganized/2010-05-09 11.37.48.jpg,C:\Users\thoma\Documents\Cyber Crimes Tools\Takeout Extracted\Takeout\Drive\Unorganized\2010-05-09 11.37.48.jpg,1050668,2013-02-28 17:27:02,ExtractNamedRelevant
C:\Users\thoma\Documents\Cyber Crimes Tools\Takeout Zips\takeout-20260602T071913Z-11-026.zip,takeout-20260602T071913Z-11-026.zip,Takeout/Drive/Unorganized/2010-05-01 17.54.37.jpg,C:\Users\thoma\Documents\Cyber Crimes Tools\Takeout Extracted\Takeout\Drive\Unorganized\2010-05-01 17.54.37.jpg,799794,2013-02-28 17:26:48,ExtractNamedRelevant
C:\Users\thoma\Documents\Cyber Crimes Tools\Takeout Zips\takeout-20260602T071913Z-11-026.zip,takeout-20260602T071913Z-11-026.zip,Takeout/Drive/Unorganized/2010-05-09 11.37.38.jpg,C:\Users\thoma\Documents\Cyber Crimes Tools\Takeout Extracted\Takeout\Drive\Unorganized\2010-05-09 11.37.38.jpg,1011436,2013-02-28 17:26:58,ExtractNamedRelevant
C:\Users\thoma\Documents\Cyber Crimes Tools\Takeout Zips\takeout-20260602T071913Z-11-026.zip,takeout-20260602T071913Z-11-026.zip,Takeout/Drive/Unorganized/2010-04-16 09.48.01.jpg,C:\Users\thoma\Documents\Cyber Crimes Tools\Takeout Extracted\Takeout\Drive\Unorganized\2010-04-16 09.48.01.jpg,1090940,2013-02-28 17:24:44,ExtractNamedRelevant
C:\Users\thoma\Documents\Cyber Crimes Tools\Takeout Zips\takeout-20260602T071913Z-11-026.zip,takeout-20260602T071913Z-11-026.zip,Takeout/Drive/Unorganized/2010-05-01 17.54.13.jpg,C:\Users\thoma\Documents\Cyber Crimes Tools\Takeout Extracted\Takeout\Drive\Unorganized\2010-05-01 17.54.13.jpg,934010,2013-02-28 17:26:40,ExtractNamedRelevant
C:\Users\thoma\Documents\Cyber Crimes Tools\Takeout Zips\takeout-20260602T071913Z-11-026.zip,takeout-20260602T071913Z-11-026.zip,Takeout/Drive/Unorganized/2010-05-01 17.55.26.jpg,C:\Users\thoma\Documents\Cyber Crimes Tools\Takeout Extracted\Takeout\Drive\Unorganized\2010-05-01 17.55.26.jpg,945522,2013-02-28 17:26:54,ExtractNamedRelevant
C:\Users\thoma\Documents\Cyber Crimes Tools\Takeout Zips\takeout-20260602T071913Z-11-026.zip,takeout-20260602T071913Z-11-026.zip,Takeout/Drive/Unorganized/2010-04-25 11.53.45.jpg,C:\Users\thoma\Documents\Cyber Crimes Tools\Takeout Extracted\Takeout\Drive\Unorganized\2010-04-25 11.53.45.jpg,1129650,2013-02-28 17:26:26,ExtractNamedRelevant
C:\Users\thoma\Documents\Cyber Crimes Tools\Takeout Zips\takeout-20260602T071913Z-11-026.zip,takeout-20260602T071913Z-11-026.zip,Takeout/Drive/Unorganized/2010-05-01 17.53.30.jpg,C:\Users\thoma\Documents\Cyber Crimes Tools\Takeout Extracted\Takeout\Drive\Unorganized\2010-05-01 17.53.30.jpg,953301,2013-02-28 17:26:32,ExtractNamedRelevant
C:\Users\thoma\Documents\Cyber Crimes Tools\Takeout Zips\takeout-20260602T071913Z-11-026.zip,takeout-20260602T071913Z-11-026.zip,Takeout/Drive/Unorganized/2010-05-01 17.53.38.jpg,C:\Users\thoma\Documents\Cyber Crimes Tools\Takeout Extracted\Takeout\Drive\Unorganized\2010-05-01 17.53.38.jpg,952864,2013-02-28 17:26:36,ExtractNamedRelevant
C:\Users\thoma\Documents\Cyber Crimes Tools\Takeout Zips\takeout-20260602T071913Z-11-026.zip,takeout-20260602T071913Z-11-026.zip,Takeout/Drive/Unorganized/2010-04-20 08.50.17.jpg,C:\Users\thoma\Documents\Cyber Crimes Tools\Takeout Extracted\Takeout\Drive\Unorganized\2010-04-20 08.50.17.jpg,802978,2013-02-28 17:26:18,ExtractNamedRelevant
C:\Users\thoma\Documents\Cyber Crimes Tools\Takeout Zips\takeout-20260602T071913Z-11-026.zip,takeout-20260602T071913Z-11-026.zip,Takeout/Drive/Unorganized/2010-04-19 17.46.14.jpg,C:\Users\thoma\Documents\Cyber Crimes Tools\Takeout Extracted\Takeout\Drive\Unorganized\2010-04-19 17.46.14.jpg,881441,2013-02-28 17:26:00,ExtractNamedRelevant
C:\Users\thoma\Documents\Cyber Crimes Tools\Takeout Zips\takeout-20260602T071913Z-11-026.zip,takeout-20260602T071913Z-11-026.zip,Takeout/Drive/Unorganized/2010-04-20 08.50.09.jpg,C:\Users\thoma\Documents\Cyber Crimes Tools\Takeout Extracted\Takeout\Drive\Unorganized\2010-04-20 08.50.09.jpg,753929,2013-02-28 17:26:14,ExtractNamedRelevant
C:\Users\thoma\Documents\Cyber Crimes Tools\Takeout Zips\takeout-20260602T071913Z-11-026.zip,takeout-20260602T071913Z-11-026.zip,Takeout/Drive/Unorganized/2010-04-19 17.41.11.jpg,C:\Users\thoma\Documents\Cyber Crimes Tools\Takeout Extracted\Takeout\Drive\Unorganized\2010-04-19 17.41.11.jpg,850174,2013-02-28 17:25:56,ExtractNamedRelevant
C:\Users\thoma\Documents\Cyber Crimes Tools\Takeout Zips\takeout-20260602T071913Z-11-026.zip,takeout-20260602T071913Z-11-026.zip,Takeout/Drive/Unorganized/2010-04-19 17.53.15.jpg,C:\Users\thoma\Documents\Cyber Crimes Tools\Takeout Extracted\Takeout\Drive\Unorganized\2010-04-19 17.53.15.jpg,952303,2013-02-28 17:26:10,ExtractNamedRelevant
C:\Users\thoma\Documents\Cyber Crimes Tools\Takeout Zips\takeout-20260602T071913Z-11-026.zip,takeout-20260602T071913Z-11-026.zip,Takeout/Drive/Unorganized/2010-04-16 10.44.46.jpg,C:\Users\thoma\Documents\Cyber Crimes Tools\Takeout Extracted\Takeout\Drive\Unorganized\2010-04-16 10.44.46.jpg,1091476,2013-02-28 17:25:46,ExtractNamedRelevant
C:\Users\thoma\Documents\Cyber Crimes Tools\Takeout Zips\takeout-20260602T071913Z-11-026.zip,takeout-20260602T071913Z-11-026.zip,Takeout/Drive/Unorganized/2010-04-16 10.44.39.jpg,C:\Users\thoma\Documents\Cyber Crimes Tools\Takeout Extracted\Takeout\Drive\Unorganized\2010-04-16 10.44.39.jpg,746765,2013-02-28 17:25:42,ExtractNamedRelevant
C:\Users\thoma\Documents\Cyber Crimes Tools\Takeout Zips\takeout-20260602T071913Z-11-026.zip,takeout-20260602T071913Z-11-026.zip,Takeout/Drive/Unorganized/2010-04-16 10.44.24.jpg,C:\Users\thoma\Documents\Cyber Crimes Tools\Takeout Extracted\Takeout\Drive\Unorganized\2010-04-16 10.44.24.jpg,1127810,2013-02-28 17:25:26,ExtractNamedRelevant
C:\Users\thoma\Documents\Cyber Crimes Tools\Takeout Zips\takeout-20260602T071913Z-11-026.zip,takeout-20260602T071913Z-11-026.zip,Takeout/Drive/Unorganized/2010-04-16 10.44.33.jpg,C:\Users\thoma\Documents\Cyber Crimes Tools\Takeout Extracted\Takeout\Drive\Unorganized\2010-04-16 10.44.33.jpg,977017,2013-02-28 17:25:38,ExtractNamedRelevant
C:\Users\thoma\Documents\Cyber Crimes Tools\Takeout Zips\takeout-20260602T071913Z-11-026.zip,takeout-20260602T071913Z-11-026.zip,Takeout/Drive/Unorganized/2010-04-16 10.44.28.jpg,C:\Users\thoma\Documents\Cyber Crimes Tools\Takeout Extracted\Takeout\Drive\Unorganized\2010-04-16 10.44.28.jpg,1360141,2013-02-28 17:25:32,ExtractNamedRelevant
C:\Users\thoma\Documents\Cyber Crimes Tools\Takeout Zips\takeout-20260602T071913Z-11-026.zip,takeout-20260602T071913Z-11-026.zip,Takeout/Drive/Unorganized/2010-04-16 10.07.11.jpg,C:\Users\thoma\Documents\Cyber Crimes Tools\Takeout Extracted\Takeout\Drive\Unorganized\2010-04-16 10.07.11.jpg,1026516,2013-02-28 17:25:04,ExtractNamedRelevant
C:\Users\thoma\Documents\Cyber Crimes Tools\Takeout Zips\takeout-20260602T071913Z-11-026.zip,takeout-20260602T071913Z-11-026.zip,Takeout/Drive/Unorganized/2010-03-15 10.11.48.jpg,C:\Users\thoma\Documents\Cyber Crimes Tools\Takeout Extracted\Takeout\Drive\Unorganized\2010-03-15 10.11.48.jpg,1018661,2013-02-28 17:18:02,ExtractNamedRelevant
C:\Users\thoma\Documents\Cyber Crimes Tools\Takeout Zips\takeout-20260602T071913Z-11-026.zip,takeout-20260602T071913Z-11-026.zip,Takeout/Drive/Unorganized/2010-04-16 10.43.31.jpg,C:\Users\thoma\Documents\Cyber Crimes Tools\Takeout Extracted\Takeout\Drive\Unorganized\2010-04-16 10.43.31.jpg,1287548,2013-02-28 17:25:16,ExtractNamedRelevant
C:\Users\thoma\Documents\Cyber Crimes Tools\Takeout Zips\takeout-20260602T071913Z-11-026.zip,takeout-20260602T071913Z-11-026.zip,Takeout/Drive/Unorganized/2010-04-16 10.07.20.jpg,C:\Users\thoma\Documents\Cyber Crimes Tools\Takeout Extracted\Takeout\Drive\Unorganized\2010-04-16 10.07.20.jpg,896878,2013-02-28 17:25:10,ExtractNamedRelevant
C:\Users\thoma\Documents\Cyber Crimes Tools\Takeout Zips\takeout-20260602T071913Z-11-026.zip,takeout-20260602T071913Z-11-026.zip,Takeout/Drive/Unorganized/playtime at 16 months (26).JPG,C:\Users\thoma\Documents\Cyber Crimes Tools\Takeout Extracted\Takeout\Drive\Unorganized\playtime at 16 months (26).JPG,1147181,2013-02-28 18:47:00,ExtractNamedRelevant
C:\Users\thoma\Documents\Cyber Crimes Tools\Takeout Zips\takeout-20260602T071913Z-11-026.zip,takeout-20260602T071913Z-11-026.zip,Takeout/Drive/Unorganized/2010-04-16 09.47.54.jpg,C:\Users\thoma\Documents\Cyber Crimes Tools\Takeout Extracted\Takeout\Drive\Unorganized\2010-04-16 09.47.54.jpg,1055672,2013-02-28 17:24:38,ExtractNamedRelevant
C:\Users\thoma\Documents\Cyber Crimes Tools\Takeout Zips\takeout-20260602T071913Z-11-026.zip,takeout-20260602T071913Z-11-026.zip,Takeout/Drive/Unorganized/2010-04-16 09.48.20.jpg,C:\Users\thoma\Documents\Cyber Crimes Tools\Takeout Extracted\Takeout\Drive\Unorganized\2010-04-16 09.48.20.jpg,1059642,2013-02-28 17:24:54,ExtractNamedRelevant
C:\Users\thoma\Documents\Cyber Crimes Tools\Takeout Zips\takeout-20260602T071913Z-11-026.zip,takeout-20260602T071913Z-11-026.zip,Takeout/Drive/Unorganized/2010-03-11 16.58.55.jpg,C:\Users\thoma\Documents\Cyber Crimes Tools\Takeout Extracted\Takeout\Drive\Unorganized\2010-03-11 16.58.55.jpg,1055114,2013-02-28 17:17:48,ExtractNamedRelevant
C:\Users\thoma\Documents\Cyber Crimes Tools\Takeout Zips\takeout-20260602T071913Z-11-026.zip,takeout-20260602T071913Z-11-026.zip,Takeout/Drive/Unorganized/2010-04-16 09.48.08.jpg,C:\Users\thoma\Documents\Cyber Crimes Tools\Takeout Extracted\Takeout\Drive\Unorganized\2010-04-16 09.48.08.jpg,1015493,2013-02-28 17:24:48,ExtractNamedRelevant
C:\Users\thoma\Documents\Cyber Crimes Tools\Takeout Zips\takeout-20260602T071913Z-11-026.zip,takeout-20260602T071913Z-11-026.zip,Takeout/Drive/Unorganized/2010-04-16 10.06.35.jpg,C:\Users\thoma\Documents\Cyber Crimes Tools\Takeout Extracted\Takeout\Drive\Unorganized\2010-04-16 10.06.35.jpg,883804,2013-02-28 17:24:58,ExtractNamedRelevant
C:\Users\thoma\Documents\Cyber Crimes Tools\Takeout Zips\takeout-20260602T071913Z-11-026.zip,takeout-20260602T071913Z-11-026.zip,Takeout/Drive/Unorganized/2010-04-13 14.29.48.jpg,C:\Users\thoma\Documents\Cyber Crimes Tools\Takeout Extracted\Takeout\Drive\Unorganized\2010-04-13 14.29.48.jpg,1616498,2013-02-28 17:24:26,ExtractNamedRelevant
C:\Users\thoma\Documents\Cyber Crimes Tools\Takeout Zips\takeout-20260602T071913Z-11-026.zip,takeout-20260602T071913Z-11-026.zip,Takeout/Drive/Unorganized/2010-04-13 14.26.35.jpg,C:\Users\thoma\Documents\Cyber Crimes Tools\Takeout Extracted\Takeout\Drive\Unorganized\2010-04-13 14.26.35.jpg,1290879,2013-02-28 17:24:12,ExtractNamedRelevant
C:\Users\thoma\Documents\Cyber Crimes Tools\Takeout Zips\takeout-20260602T071913Z-11-026.zip,takeout-20260602T071913Z-11-026.zip,Takeout/Drive/Unorganized/2010-03-15 10.11.57.jpg,C:\Users\thoma\Documents\Cyber Crimes Tools\Takeout Extracted\Takeout\Drive\Unorganized\2010-03-15 10.11.57.jpg,991947,2013-02-28 17:18:06,ExtractNamedRelevant
C:\Users\thoma\Documents\Cyber Crimes Tools\Takeout Zips\takeout-20260602T071913Z-11-026.zip,takeout-20260602T071913Z-11-026.zip,Takeout/Drive/Unorganized/2010-04-13 14.26.23.jpg,C:\Users\thoma\Documents\Cyber Crimes Tools\Takeout Extracted\Takeout\Drive\Unorganized\2010-04-13 14.26.23.jpg,1816342,2013-02-28 17:23:58,ExtractNamedRelevant
C:\Users\thoma\Documents\Cyber Crimes Tools\Takeout Zips\takeout-20260602T071913Z-11-026.zip,takeout-20260602T071913Z-11-026.zip,Takeout/Drive/Unorganized/2010-04-13 14.15.31.jpg,C:\Users\thoma\Documents\Cyber Crimes Tools\Takeout Extracted\Takeout\Drive\Unorganized\2010-04-13 14.15.31.jpg,1268640,2013-02-28 17:23:38,ExtractNamedRelevant
C:\Users\thoma\Documents\Cyber Crimes Tools\Takeout Zips\takeout-20260602T071913Z-11-026.zip,takeout-20260602T071913Z-11-026.zip,Takeout/Drive/Unorganized/2010-02-11 15.41.36.jpg,C:\Users\thoma\Documents\Cyber Crimes Tools\Takeout Extracted\Takeout\Drive\Unorganized\2010-02-11 15.41.36.jpg,732348,2013-02-28 17:16:36,ExtractNamedRelevant
C:\Users\thoma\Documents\Cyber Crimes Tools\Takeout Zips\takeout-20260602T071913Z-11-026.zip,takeout-20260602T071913Z-11-026.zip,Takeout/Drive/Unorganized/2010-04-08 12.57.48.jpg,C:\Users\thoma\Documents\Cyber Crimes Tools\Takeout Extracted\Takeout\Drive\Unorganized\2010-04-08 12.57.48.jpg,1101857,2013-02-28 17:23:18,ExtractNamedRelevant
C:\Users\thoma\Documents\Cyber Crimes Tools\Takeout Zips\takeout-20260602T071913Z-11-026.zip,takeout-20260602T071913Z-11-026.zip,Takeout/Drive/Unorganized/2010-03-20 09.45.27.jpg,C:\Users\thoma\Documents\Cyber Crimes Tools\Takeout Extracted\Takeout\Drive\Unorganized\2010-03-20 09.45.27.jpg,1031829,2013-02-28 17:18:22,ExtractNamedRelevant
C:\Users\thoma\Documents\Cyber Crimes Tools\Takeout Zips\takeout-20260602T071913Z-11-026.zip,takeout-20260602T071913Z-11-026.zip,Takeout/Drive/Unorganized/2010-02-11 14.58.46.jpg,C:\Users\thoma\Documents\Cyber Crimes Tools\Takeout Extracted\Takeout\Drive\Unorganized\2010-02-11 14.58.46.jpg,1223612,2013-02-28 17:16:32,ExtractNamedRelevant
C:\Users\thoma\Documents\Cyber Crimes Tools\Takeout Zips\takeout-20260602T071913Z-11-026.zip,takeout-20260602T071913Z-11-026.zip,Takeout/Drive/Unorganized/2010-02-05 09.48.28.jpg,C:\Users\thoma\Documents\Cyber Crimes Tools\Takeout Extracted\Takeout\Drive\Unorganized\2010-02-05 09.48.28.jpg,893476,2013-02-28 17:16:12,ExtractNamedRelevant
C:\Users\thoma\Documents\Cyber Crimes Tools\Takeout Zips\takeout-20260602T071913Z-11-026.zip,takeout-20260602T071913Z-11-026.zip,Takeout/Drive/Unorganized/2010-04-08 12.58.01.jpg,C:\Users\thoma\Documents\Cyber Crimes Tools\Takeout Extracted\Takeout\Drive\Unorganized\2010-04-08 12.58.01.jpg,1207843,2013-02-28 17:23:28,ExtractNamedRelevant
C:\Users\thoma\Documents\Cyber Crimes Tools\Takeout Zips\takeout-20260602T071913Z-11-026.zip,takeout-20260602T071913Z-11-026.zip,Takeout/Drive/Unorganized/2010-03-20 09.45.02.jpg,C:\Users\thoma\Documents\Cyber Crimes Tools\Takeout Extracted\Takeout\Drive\Unorganized\2010-03-20 09.45.02.jpg,1002243,2013-02-28 17:18:12,ExtractNamedRelevant
C:\Users\thoma\Documents\Cyber Crimes Tools\Takeout Zips\takeout-20260602T071913Z-11-026.zip,takeout-20260602T071913Z-11-026.zip,Takeout/Drive/Unorganized/2010-04-09 12.52.02.jpg,C:\Users\thoma\Documents\Cyber Crimes Tools\Takeout Extracted\Takeout\Drive\Unorganized\2010-04-09 12.52.02.jpg,936813,2013-02-28 17:23:34,ExtractNamedRelevant
C:\Users\thoma\Documents\Cyber Crimes Tools\Takeout Zips\takeout-20260602T071913Z-11-026.zip,takeout-20260602T071913Z-11-026.zip,Takeout/Drive/Unorganized/2010-03-11 16.59.06.jpg,C:\Users\thoma\Documents\Cyber Crimes Tools\Takeout Extracted\Takeout\Drive\Unorganized\2010-03-11 16.59.06.jpg,1054303,2013-02-28 17:17:58,ExtractNamedRelevant
C:\Users\thoma\Documents\Cyber Crimes Tools\Takeout Zips\takeout-20260602T071913Z-11-026.zip,takeout-20260602T071913Z-11-026.zip,Takeout/Drive/Unorganized/2010-04-13 14.17.50.jpg,C:\Users\thoma\Documents\Cyber Crimes Tools\Takeout Extracted\Takeout\Drive\Unorganized\2010-04-13 14.17.50.jpg,1145928,2013-02-28 17:23:44,ExtractNamedRelevant
C:\Users\thoma\Documents\Cyber Crimes Tools\Takeout Zips\takeout-20260602T071913Z-11-026.zip,takeout-20260602T071913Z-11-026.zip,Takeout/Drive/Unorganized/2010-04-13 14.26.29.jpg,C:\Users\thoma\Documents\Cyber Crimes Tools\Takeout Extracted\Takeout\Drive\Unorganized\2010-04-13 14.26.29.jpg,1908183,2013-02-28 17:24:06,ExtractNamedRelevant
C:\Users\thoma\Documents\Cyber Crimes Tools\Takeout Zips\takeout-20260602T071913Z-11-026.zip,takeout-20260602T071913Z-11-026.zip,Takeout/Drive/Unorganized/2010-04-13 14.20.34.jpg,C:\Users\thoma\Documents\Cyber Crimes Tools\Takeout Extracted\Takeout\Drive\Unorganized\2010-04-13 14.20.34.jpg,1676056,2013-02-28 17:23:50,ExtractNamedRelevant
C:\Users\thoma\Documents\Cyber Crimes Tools\Takeout Zips\takeout-20260602T071913Z-11-026.zip,takeout-20260602T071913Z-11-026.zip,Takeout/Drive/Unorganized/2010-01-28 16.46.20.jpg,C:\Users\thoma\Documents\Cyber Crimes Tools\Takeout Extracted\Takeout\Drive\Unorganized\2010-01-28 16.46.20.jpg,892594,2013-02-28 17:15:42,ExtractNamedRelevant
C:\Users\thoma\Documents\Cyber Crimes Tools\Takeout Zips\takeout-20260602T071913Z-11-026.zip,takeout-20260602T071913Z-11-026.zip,Takeout/Drive/Unorganized/2010-03-10 13.19.36.jpg,C:\Users\thoma\Documents\Cyber Crimes Tools\Takeout Extracted\Takeout\Drive\Unorganized\2010-03-10 13.19.36.jpg,762946,2013-02-28 17:17:34,ExtractNamedRelevant
C:\Users\thoma\Documents\Cyber Crimes Tools\Takeout Zips\takeout-20260602T071913Z-11-026.zip,takeout-20260602T071913Z-11-026.zip,Takeout/Drive/Unorganized/2010-03-11 16.58.46.jpg,C:\Users\thoma\Documents\Cyber Crimes Tools\Takeout Extracted\Takeout\Drive\Unorganized\2010-03-11 16.58.46.jpg,983588,2013-02-28 17:17:44,ExtractNamedRelevant
C:\Users\thoma\Documents\Cyber Crimes Tools\Takeout Zips\takeout-20260602T071913Z-11-026.zip,takeout-20260602T071913Z-11-026.zip,Takeout/Drive/Unorganized/2010-04-13 14.29.58.jpg,C:\Users\thoma\Documents\Cyber Crimes Tools\Takeout Extracted\Takeout\Drive\Unorganized\2010-04-13 14.29.58.jpg,1621911,2013-02-28 17:24:34,ExtractNamedRelevant
C:\Users\thoma\Documents\Cyber Crimes Tools\Takeout Zips\takeout-20260602T071913Z-11-026.zip,takeout-20260602T071913Z-11-026.zip,Takeout/Drive/Unorganized/2010-03-11 16.59.00.jpg,C:\Users\thoma\Documents\Cyber Crimes Tools\Takeout Extracted\Takeout\Drive\Unorganized\2010-03-11 16.59.00.jpg,1027420,2013-02-28 17:17:52,ExtractNamedRelevant
C:\Users\thoma\Documents\Cyber Crimes Tools\Takeout Zips\takeout-20260602T071913Z-11-026.zip,takeout-20260602T071913Z-11-026.zip,Takeout/Drive/Unorganized/2010-02-26 19.34.11.jpg,C:\Users\thoma\Documents\Cyber Crimes Tools\Takeout Extracted\Takeout\Drive\Unorganized\2010-02-26 19.34.11.jpg,709842,2013-02-28 17:17:26,ExtractNamedRelevant
C:\Users\thoma\Documents\Cyber Crimes Tools\Takeout Zips\takeout-20260602T071913Z-11-026.zip,takeout-20260602T071913Z-11-026.zip,Takeout/Drive/Unorganized/2010-03-10 13.19.57.jpg,C:\Users\thoma\Documents\Cyber Crimes Tools\Takeout Extracted\Takeout\Drive\Unorganized\2010-03-10 13.19.57.jpg,773226,2013-02-28 17:17:38,ExtractNamedRelevant
C:\Users\thoma\Documents\Cyber Crimes Tools\Takeout Zips\takeout-20260602T071913Z-11-026.zip,takeout-20260602T071913Z-11-026.zip,Takeout/Drive/Unorganized/2010-01-19 22.57.43.jpg,C:\Users\thoma\Documents\Cyber Crimes Tools\Takeout Extracted\Takeout\Drive\Unorganized\2010-01-19 22.57.43.jpg,212763,2013-02-28 17:15:20,ExtractNamedRelevant
C:\Users\thoma\Documents\Cyber Crimes Tools\Takeout Zips\takeout-20260602T071913Z-11-026.zip,takeout-20260602T071913Z-11-026.zip,Takeout/Drive/Unorganized/2010-03-10 13.19.31.jpg,C:\Users\thoma\Documents\Cyber Crimes Tools\Takeout Extracted\Takeout\Drive\Unorganized\2010-03-10 13.19.31.jpg,763036,2013-02-28 17:17:30,ExtractNamedRelevant
C:\Users\thoma\Documents\Cyber Crimes Tools\Takeout Zips\takeout-20260602T071913Z-11-026.zip,takeout-20260602T071913Z-11-026.zip,Takeout/Drive/Unorganized/2010-02-17 13.15.55.jpg,C:\Users\thoma\Documents\Cyber Crimes Tools\Takeout Extracted\Takeout\Drive\Unorganized\2010-02-17 13.15.55.jpg,564987,2013-02-28 17:17:02,ExtractNamedRelevant
C:\Users\thoma\Documents\Cyber Crimes Tools\Takeout Zips\takeout-20260602T071913Z-11-026.zip,takeout-20260602T071913Z-11-026.zip,Takeout/Drive/Unorganized/2010-02-21 15.46.04.jpg,C:\Users\thoma\Documents\Cyber Crimes Tools\Takeout Extracted\Takeout\Drive\Unorganized\2010-02-21 15.46.04.jpg,1201125,2013-02-28 17:17:12,ExtractNamedRelevant
C:\Users\thoma\Documents\Cyber Crimes Tools\Takeout Zips\takeout-20260602T071913Z-11-026.zip,takeout-20260602T071913Z-11-026.zip,Takeout/Drive/Unorganized/2010-01-12 11.45.33.jpg,C:\Users\thoma\Documents\Cyber Crimes Tools\Takeout Extracted\Takeout\Drive\Unorganized\2010-01-12 11.45.33.jpg,863453,2013-02-28 17:15:08,ExtractNamedRelevant
C:\Users\thoma\Documents\Cyber Crimes Tools\Takeout Zips\takeout-20260602T071913Z-11-026.zip,takeout-20260602T071913Z-11-026.zip,Takeout/Drive/Unorganized/2010-02-12 13.44.43.jpg,C:\Users\thoma\Documents\Cyber Crimes Tools\Takeout Extracted\Takeout\Drive\Unorganized\2010-02-12 13.44.43.jpg,1831040,2013-02-28 17:16:58,ExtractNamedRelevant
C:\Users\thoma\Documents\Cyber Crimes Tools\Takeout Zips\takeout-20260602T071913Z-11-026.zip,takeout-20260602T071913Z-11-026.zip,Takeout/Drive/Unorganized/2010-02-21 15.46.52.jpg,C:\Users\thoma\Documents\Cyber Crimes Tools\Takeout Extracted\Takeout\Drive\Unorganized\2010-02-21 15.46.52.jpg,1171138,2013-02-28 17:17:22,ExtractNamedRelevant
C:\Users\thoma\Documents\Cyber Crimes Tools\Takeout Zips\takeout-20260602T071913Z-11-026.zip,takeout-20260602T071913Z-11-026.zip,Takeout/Drive/Unorganized/2010-02-12 13.44.39.jpg,C:\Users\thoma\Documents\Cyber Crimes Tools\Takeout Extracted\Takeout\Drive\Unorganized\2010-02-12 13.44.39.jpg,1786826,2013-02-28 17:16:50,ExtractNamedRelevant
C:\Users\thoma\Documents\Cyber Crimes Tools\Takeout Zips\takeout-20260602T071913Z-11-026.zip,takeout-20260602T071913Z-11-026.zip,Takeout/Drive/Unorganized/2010-02-20 08.44.32.jpg,C:\Users\thoma\Documents\Cyber Crimes Tools\Takeout Extracted\Takeout\Drive\Unorganized\2010-02-20 08.44.32.jpg,1045259,2013-02-28 17:17:08,ExtractNamedRelevant
C:\Users\thoma\Documents\Cyber Crimes Tools\Takeout Zips\takeout-20260602T071913Z-11-026.zip,takeout-20260602T071913Z-11-026.zip,Takeout/Drive/Unorganized/2010-02-11 14.58.07.jpg,C:\Users\thoma\Documents\Cyber Crimes Tools\Takeout Extracted\Takeout\Drive\Unorganized\2010-02-11 14.58.07.jpg,1010030,2013-02-28 17:16:26,ExtractNamedRelevant
C:\Users\thoma\Documents\Cyber Crimes Tools\Takeout Zips\takeout-20260602T071913Z-11-026.zip,takeout-20260602T071913Z-11-026.zip,Takeout/Drive/Unorganized/2010-02-11 14.57.50.jpg,C:\Users\thoma\Documents\Cyber Crimes Tools\Takeout Extracted\Takeout\Drive\Unorganized\2010-02-11 14.57.50.jpg,1040264,2013-02-28 17:16:20,ExtractNamedRelevant
C:\Users\thoma\Documents\Cyber Crimes Tools\Takeout Zips\takeout-20260602T071913Z-11-026.zip,takeout-20260602T071913Z-11-026.zip,Takeout/Drive/Unorganized/2009-12-31 12.41.08.jpg,C:\Users\thoma\Documents\Cyber Crimes Tools\Takeout Extracted\Takeout\Drive\Unorganized\2009-12-31 12.41.08.jpg,1161841,2013-02-28 17:14:28,ExtractNamedRelevant
C:\Users\thoma\Documents\Cyber Crimes Tools\Takeout Zips\takeout-20260602T071913Z-11-026.zip,takeout-20260602T071913Z-11-026.zip,Takeout/Drive/Unorganized/2010-02-10 11.36.01.jpg,C:\Users\thoma\Documents\Cyber Crimes Tools\Takeout Extracted\Takeout\Drive\Unorganized\2010-02-10 11.36.01.jpg,940918,2013-02-28 17:16:16,ExtractNamedRelevant
C:\Users\thoma\Documents\Cyber Crimes Tools\Takeout Zips\takeout-20260602T071913Z-11-026.zip,takeout-20260602T071913Z-11-026.zip,Takeout/Drive/Unorganized/2010-02-05 09.47.55.jpg,C:\Users\thoma\Documents\Cyber Crimes Tools\Takeout Extracted\Takeout\Drive\Unorganized\2010-02-05 09.47.55.jpg,991222,2013-02-28 17:16:06,ExtractNamedRelevant
C:\Users\thoma\Documents\Cyber Crimes Tools\Takeout Zips\takeout-20260602T071913Z-11-026.zip,takeout-20260602T071913Z-11-026.zip,Takeout/Drive/Unorganized/2010-02-03 13.09.00.jpg,C:\Users\thoma\Documents\Cyber Crimes Tools\Takeout Extracted\Takeout\Drive\Unorganized\2010-02-03 13.09.00.jpg,695131,2013-02-28 17:15:58,ExtractNamedRelevant
C:\Users\thoma\Documents\Cyber Crimes Tools\Takeout Zips\takeout-20260602T071913Z-11-026.zip,takeout-20260602T071913Z-11-026.zip,Takeout/Drive/Unorganized/2010-02-03 13.10.00.jpg,C:\Users\thoma\Documents\Cyber Crimes Tools\Takeout Extracted\Takeout\Drive\Unorganized\2010-02-03 13.10.00.jpg,700282,2013-02-28 17:16:02,ExtractNamedRelevant
C:\Users\thoma\Documents\Cyber Crimes Tools\Takeout Zips\takeout-20260602T071913Z-11-026.zip,takeout-20260602T071913Z-11-026.zip,Takeout/Drive/Unorganized/2010-01-30 15.37.16.jpg,C:\Users\thoma\Documents\Cyber Crimes Tools\Takeout Extracted\Takeout\Drive\Unorganized\2010-01-30 15.37.16.jpg,1064445,2013-02-28 17:15:50,ExtractNamedRelevant
C:\Users\thoma\Documents\Cyber Crimes Tools\Takeout Zips\takeout-20260602T071913Z-11-026.zip,takeout-20260602T071913Z-11-026.zip,Takeout/Drive/Unorganized/2010-02-03 09.50.35.jpg,C:\Users\thoma\Documents\Cyber Crimes Tools\Takeout Extracted\Takeout\Drive\Unorganized\2010-02-03 09.50.35.jpg,201952,2013-02-28 17:15:54,ExtractNamedRelevant
C:\Users\thoma\Documents\Cyber Crimes Tools\Takeout Zips\takeout-20260602T071913Z-11-026.zip,takeout-20260602T071913Z-11-026.zip,Takeout/Drive/Unorganized/2010-01-28 16.46.40.jpg,C:\Users\thoma\Documents\Cyber Crimes Tools\Takeout Extracted\Takeout\Drive\Unorganized\2010-01-28 16.46.40.jpg,866154,2013-02-28 17:15:46,ExtractNamedRelevant
C:\Users\thoma\Documents\Cyber Crimes Tools\Takeout Zips\takeout-20260602T071913Z-11-026.zip,takeout-20260602T071913Z-11-026.zip,Takeout/Drive/Unorganized/2010-01-28 16.39.03.jpg,C:\Users\thoma\Documents\Cyber Crimes Tools\Takeout Extracted\Takeout\Drive\Unorganized\2010-01-28 16.39.03.jpg,801911,2013-02-28 17:15:36,ExtractNamedRelevant
C:\Users\thoma\Documents\Cyber Crimes Tools\Takeout Zips\takeout-20260602T071913Z-11-026.zip,takeout-20260602T071913Z-11-026.zip,Takeout/Drive/Unorganized/2010-01-28 16.37.39.jpg,C:\Users\thoma\Documents\Cyber Crimes Tools\Takeout Extracted\Takeout\Drive\Unorganized\2010-01-28 16.37.39.jpg,739737,2013-02-28 17:15:28,ExtractNamedRelevant
C:\Users\thoma\Documents\Cyber Crimes Tools\Takeout Zips\takeout-20260602T071913Z-11-026.zip,takeout-20260602T071913Z-11-026.zip,Takeout/Drive/Unorganized/2010-01-28 16.38.31.jpg,C:\Users\thoma\Documents\Cyber Crimes Tools\Takeout Extracted\Takeout\Drive\Unorganized\2010-01-28 16.38.31.jpg,785439,2013-02-28 17:15:32,ExtractNamedRelevant
C:\Users\thoma\Documents\Cyber Crimes Tools\Takeout Zips\takeout-20260602T071913Z-11-026.zip,takeout-20260602T071913Z-11-026.zip,Takeout/Drive/Unorganized/2010-01-28 16.37.28.jpg,C:\Users\thoma\Documents\Cyber Crimes Tools\Takeout Extracted\Takeout\Drive\Unorganized\2010-01-28 16.37.28.jpg,747021,2013-02-28 17:15:24,ExtractNamedRelevant
C:\Users\thoma\Documents\Cyber Crimes Tools\Takeout Zips\takeout-20260602T071913Z-11-026.zip,takeout-20260602T071913Z-11-026.zip,Takeout/Drive/Unorganized/2010-01-12 11.46.27.jpg,C:\Users\thoma\Documents\Cyber Crimes Tools\Takeout Extracted\Takeout\Drive\Unorganized\2010-01-12 11.46.27.jpg,891124,2013-02-28 17:15:16,ExtractNamedRelevant
C:\Users\thoma\Documents\Cyber Crimes Tools\Takeout Zips\takeout-20260602T071913Z-11-026.zip,takeout-20260602T071913Z-11-026.zip,Takeout/Drive/Unorganized/2010-01-19 22.57.51.jpg,C:\Users\thoma\Documents\Cyber Crimes Tools\Takeout Extracted\Takeout\Drive\Unorganized\2010-01-19 22.57.51.jpg,209453,2013-02-28 17:15:22,ExtractNamedRelevant
C:\Users\thoma\Documents\Cyber Crimes Tools\Takeout Zips\takeout-20260602T071913Z-11-026.zip,takeout-20260602T071913Z-11-026.zip,Takeout/Drive/Unorganized/2009-12-11 14.53.26.jpg,C:\Users\thoma\Documents\Cyber Crimes Tools\Takeout Extracted\Takeout\Drive\Unorganized\2009-12-11 14.53.26.jpg,726700,2013-02-28 17:13:22,ExtractNamedRelevant
C:\Users\thoma\Documents\Cyber Crimes Tools\Takeout Zips\takeout-20260602T071913Z-11-026.zip,takeout-20260602T071913Z-11-026.zip,Takeout/Drive/Unorganized/2010-01-04 15.49.11.jpg,C:\Users\thoma\Documents\Cyber Crimes Tools\Takeout Extracted\Takeout\Drive\Unorganized\2010-01-04 15.49.11.jpg,381529,2013-02-28 17:14:54,ExtractNamedRelevant
C:\Users\thoma\Documents\Cyber Crimes Tools\Takeout Zips\takeout-20260602T071913Z-11-026.zip,takeout-20260602T071913Z-11-026.zip,Takeout/Drive/Unorganized/2009-12-13 17.16.43.jpg,C:\Users\thoma\Documents\Cyber Crimes Tools\Takeout Extracted\Takeout\Drive\Unorganized\2009-12-13 17.16.43.jpg,791508,2013-02-28 17:13:32,ExtractNamedRelevant
C:\Users\thoma\Documents\Cyber Crimes Tools\Takeout Zips\takeout-20260602T071913Z-11-026.zip,takeout-20260602T071913Z-11-026.zip,Takeout/Drive/Unorganized/2010-01-04 15.49.02.jpg,C:\Users\thoma\Documents\Cyber Crimes Tools\Takeout Extracted\Takeout\Drive\Unorganized\2010-01-04 15.49.02.jpg,406743,2013-02-28 17:14:52,ExtractNamedRelevant
C:\Users\thoma\Documents\Cyber Crimes Tools\Takeout Zips\takeout-20260602T071913Z-11-026.zip,takeout-20260602T071913Z-11-026.zip,Takeout/Drive/Unorganized/2010-01-12 11.45.12.jpg,C:\Users\thoma\Documents\Cyber Crimes Tools\Takeout Extracted\Takeout\Drive\Unorganized\2010-01-12 11.45.12.jpg,929944,2013-02-28 17:15:02,ExtractNamedRelevant
C:\Users\thoma\Documents\Cyber Crimes Tools\Takeout Zips\takeout-20260602T071913Z-11-026.zip,takeout-20260602T071913Z-11-026.zip,Takeout/Drive/Unorganized/2010-01-02 20.27.36.jpg,C:\Users\thoma\Documents\Cyber Crimes Tools\Takeout Extracted\Takeout\Drive\Unorganized\2010-01-02 20.27.36.jpg,1161038,2013-02-28 17:14:42,ExtractNamedRelevant
C:\Users\thoma\Documents\Cyber Crimes Tools\Takeout Zips\takeout-20260602T071913Z-11-026.zip,takeout-20260602T071913Z-11-026.zip,Takeout/Drive/Unorganized/2010-01-02 20.27.27.jpg,C:\Users\thoma\Documents\Cyber Crimes Tools\Takeout Extracted\Takeout\Drive\Unorganized\2010-01-02 20.27.27.jpg,1211329,2013-02-28 17:14:36,ExtractNamedRelevant
C:\Users\thoma\Documents\Cyber Crimes Tools\Takeout Zips\takeout-20260602T071913Z-11-026.zip,takeout-20260602T071913Z-11-026.zip,Takeout/Drive/Unorganized/2010-01-04 15.48.50.jpg,C:\Users\thoma\Documents\Cyber Crimes Tools\Takeout Extracted\Takeout\Drive\Unorganized\2010-01-04 15.48.50.jpg,431189,2013-02-28 17:14:50,ExtractNamedRelevant
C:\Users\thoma\Documents\Cyber Crimes Tools\Takeout Zips\takeout-20260602T071913Z-11-026.zip,takeout-20260602T071913Z-11-026.zip,Takeout/Drive/Unorganized/2009-12-27 09.24.50.jpg,C:\Users\thoma\Documents\Cyber Crimes Tools\Takeout Extracted\Takeout\Drive\Unorganized\2009-12-27 09.24.50.jpg,1192000,2013-02-28 17:14:04,ExtractNamedRelevant
C:\Users\thoma\Documents\Cyber Crimes Tools\Takeout Zips\takeout-20260602T071913Z-11-026.zip,takeout-20260602T071913Z-11-026.zip,Takeout/Drive/Unorganized/2009-12-27 09.31.10.jpg,C:\Users\thoma\Documents\Cyber Crimes Tools\Takeout Extracted\Takeout\Drive\Unorganized\2009-12-27 09.31.10.jpg,942509,2013-02-28 17:14:20,ExtractNamedRelevant
C:\Users\thoma\Documents\Cyber Crimes Tools\Takeout Zips\takeout-20260602T071913Z-11-026.zip,takeout-20260602T071913Z-11-026.zip,Takeout/Drive/Unorganized/2009-12-27 09.28.10.jpg,C:\Users\thoma\Documents\Cyber Crimes Tools\Takeout Extracted\Takeout\Drive\Unorganized\2009-12-27 09.28.10.jpg,1068091,2013-02-28 17:14:16,ExtractNamedRelevant
C:\Users\thoma\Documents\Cyber Crimes Tools\Takeout Zips\takeout-20260602T071913Z-11-026.zip,takeout-20260602T071913Z-11-026.zip,Takeout/Drive/Unorganized/2009-12-27 09.22.44.jpg,C:\Users\thoma\Documents\Cyber Crimes Tools\Takeout Extracted\Takeout\Drive\Unorganized\2009-12-27 09.22.44.jpg,1085080,2013-02-28 17:14:00,ExtractNamedRelevant
C:\Users\thoma\Documents\Cyber Crimes Tools\Takeout Zips\takeout-20260602T071913Z-11-026.zip,takeout-20260602T071913Z-11-026.zip,Takeout/Drive/Unorganized/2010-01-02 17.02.11.jpg,C:\Users\thoma\Documents\Cyber Crimes Tools\Takeout Extracted\Takeout\Drive\Unorganized\2010-01-02 17.02.11.jpg,806647,2013-02-28 17:14:32,ExtractNamedRelevant
C:\Users\thoma\Documents\Cyber Crimes Tools\Takeout Zips\takeout-20260602T071913Z-11-026.zip,takeout-20260602T071913Z-11-026.zip,Takeout/Drive/Unorganized/2010-01-04 15.48.33.jpg,C:\Users\thoma\Documents\Cyber Crimes Tools\Takeout Extracted\Takeout\Drive\Unorganized\2010-01-04 15.48.33.jpg,735985,2013-02-28 17:14:46,ExtractNamedRelevant
C:\Users\thoma\Documents\Cyber Crimes Tools\Takeout Zips\takeout-20260602T071913Z-11-026.zip,takeout-20260602T071913Z-11-026.zip,Takeout/Drive/Unorganized/2009-12-27 09.21.16.jpg,C:\Users\thoma\Documents\Cyber Crimes Tools\Takeout Extracted\Takeout\Drive\Unorganized\2009-12-27 09.21.16.jpg,896502,2013-02-28 17:13:50,ExtractNamedRelevant
C:\Users\thoma\Documents\Cyber Crimes Tools\Takeout Zips\takeout-20260602T071913Z-11-026.zip,takeout-20260602T071913Z-11-026.zip,Takeout/Drive/Unorganized/119_0313.MOV,C:\Users\thoma\Documents\Cyber Crimes Tools\Takeout Extracted\Takeout\Drive\Unorganized\119_0313.MOV,44015771,2013-02-28 17:12:10,SkipLargeMediaEvenIfNamed
C:\Users\thoma\Documents\Cyber Crimes Tools\Takeout Zips\takeout-20260602T071913Z-11-026.zip,takeout-20260602T071913Z-11-026.zip,Takeout/Drive/Unorganized/2009-12-27 09.25.04.jpg,C:\Users\thoma\Documents\Cyber Crimes Tools\Takeout Extracted\Takeout\Drive\Unorganized\2009-12-27 09.25.04.jpg,1134019,2013-02-28 17:14:10,ExtractNamedRelevant
C:\Users\thoma\Documents\Cyber Crimes Tools\Takeout Zips\takeout-20260602T071913Z-11-026.zip,takeout-20260602T071913Z-11-026.zip,Takeout/Drive/Unorganized/2009-12-26 14.40.56.jpg,C:\Users\thoma\Documents\Cyber Crimes Tools\Takeout Extracted\Takeout\Drive\Unorganized\2009-12-26 14.40.56.jpg,150111,2013-02-28 17:13:46,ExtractNamedRelevant
C:\Users\thoma\Documents\Cyber Crimes Tools\Takeout Zips\takeout-20260602T071913Z-11-026.zip,takeout-20260602T071913Z-11-026.zip,Takeout/Drive/Unorganized/2009-12-27 09.21.34.jpg,C:\Users\thoma\Documents\Cyber Crimes Tools\Takeout Extracted\Takeout\Drive\Unorganized\2009-12-27 09.21.34.jpg,993027,2013-02-28 17:13:54,ExtractNamedRelevant
C:\Users\thoma\Documents\Cyber Crimes Tools\Takeout Zips\takeout-20260602T071913Z-11-026.zip,takeout-20260602T071913Z-11-026.zip,Takeout/Drive/Unorganized/2009-12-23 14.41.04.jpg,C:\Users\thoma\Documents\Cyber Crimes Tools\Takeout Extracted\Takeout\Drive\Unorganized\2009-12-23 14.41.04.jpg,1162466,2013-02-28 17:13:44,ExtractNamedRelevant
C:\Users\thoma\Documents\Cyber Crimes Tools\Takeout Zips\takeout-20260602T071913Z-11-026.zip,takeout-20260602T071913Z-11-026.zip,Takeout/Drive/Unorganized/2009-12-22 12.05.00.jpg,C:\Users\thoma\Documents\Cyber Crimes Tools\Takeout Extracted\Takeout\Drive\Unorganized\2009-12-22 12.05.00.jpg,1325247,2013-02-28 17:13:38,ExtractNamedRelevant
C:\Users\thoma\Documents\Cyber Crimes Tools\Takeout Zips\takeout-20260602T071913Z-11-026.zip,takeout-20260602T071913Z-11-026.zip,Takeout/Drive/Unorganized/2010-03-27 15.10.33.jpg,C:\Users\thoma\Documents\Cyber Crimes Tools\Takeout Extracted\Takeout\Drive\Unorganized\2010-03-27 15.10.33.jpg,1084037,2013-02-28 17:13:12,ExtractNamedRelevant
C:\Users\thoma\Documents\Cyber Crimes Tools\Takeout Zips\takeout-20260602T071913Z-11-026.zip,takeout-20260602T071913Z-11-026.zip,Takeout/Drive/Unorganized/2010-03-27 15.07.52.jpg,C:\Users\thoma\Documents\Cyber Crimes Tools\Takeout Extracted\Takeout\Drive\Unorganized\2010-03-27 15.07.52.jpg,1006477,2013-02-28 17:12:50,ExtractNamedRelevant
C:\Users\thoma\Documents\Cyber Crimes Tools\Takeout Zips\takeout-20260602T071913Z-11-026.zip,takeout-20260602T071913Z-11-026.zip,Takeout/Drive/Unorganized/2010-03-27 15.08.30.jpg,C:\Users\thoma\Documents\Cyber Crimes Tools\Takeout Extracted\Takeout\Drive\Unorganized\2010-03-27 15.08.30.jpg,1068156,2013-02-28 17:13:02,ExtractNamedRelevant
C:\Users\thoma\Documents\Cyber Crimes Tools\Takeout Zips\takeout-20260602T071913Z-11-026.zip,takeout-20260602T071913Z-11-026.zip,Takeout/Drive/Unorganized/2010-03-27 15.07.46.jpg,C:\Users\thoma\Documents\Cyber Crimes Tools\Takeout Extracted\Takeout\Drive\Unorganized\2010-03-27 15.07.46.jpg,1088536,2013-02-28 17:12:46,ExtractNamedRelevant
C:\Users\thoma\Documents\Cyber Crimes Tools\Takeout Zips\takeout-20260602T071913Z-11-026.zip,takeout-20260602T071913Z-11-026.zip,Takeout/Drive/Unorganized/2009-12-13 17.16.31.jpg,C:\Users\thoma\Documents\Cyber Crimes Tools\Takeout Extracted\Takeout\Drive\Unorganized\2009-12-13 17.16.31.jpg,825212,2013-02-28 17:13:26,ExtractNamedRelevant
C:\Users\thoma\Documents\Cyber Crimes Tools\Takeout Zips\takeout-20260602T071913Z-11-026.zip,takeout-20260602T071913Z-11-026.zip,Takeout/Drive/Unorganized/2010-03-27 14.54.39.jpg,C:\Users\thoma\Documents\Cyber Crimes Tools\Takeout Extracted\Takeout\Drive\Unorganized\2010-03-27 14.54.39.jpg,1299186,2013-02-28 17:12:38,ExtractNamedRelevant
C:\Users\thoma\Documents\Cyber Crimes Tools\Takeout Zips\takeout-20260602T071913Z-11-026.zip,takeout-20260602T071913Z-11-026.zip,Takeout/Drive/Unorganized/2010-04-08 11.54.52.jpg,C:\Users\thoma\Documents\Cyber Crimes Tools\Takeout Extracted\Takeout\Drive\Unorganized\2010-04-08 11.54.52.jpg,224338,2013-02-28 17:22:46,ExtractNamedRelevant
C:\Users\thoma\Documents\Cyber Crimes Tools\Takeout Zips\takeout-20260602T071913Z-11-026.zip,takeout-20260602T071913Z-11-026.zip,Takeout/Drive/Unorganized/2009-12-04 13.13.19.jpg,C:\Users\thoma\Documents\Cyber Crimes Tools\Takeout Extracted\Takeout\Drive\Unorganized\2009-12-04 13.13.19.jpg,1332984,2013-02-28 17:13:18,ExtractNamedRelevant
C:\Users\thoma\Documents\Cyber Crimes Tools\Takeout Zips\takeout-20260602T071913Z-11-026.zip,takeout-20260602T071913Z-11-026.zip,Takeout/Drive/Unorganized/2010-03-27 15.10.27.jpg,C:\Users\thoma\Documents\Cyber Crimes Tools\Takeout Extracted\Takeout\Drive\Unorganized\2010-03-27 15.10.27.jpg,1093680,2013-02-28 17:13:06,ExtractNamedRelevant
C:\Users\thoma\Documents\Cyber Crimes Tools\Takeout Zips\takeout-20260602T071913Z-11-026.zip,takeout-20260602T071913Z-11-026.zip,Takeout/Drive/Unorganized/2010-04-08 11.46.38.jpg,C:\Users\thoma\Documents\Cyber Crimes Tools\Takeout Extracted\Takeout\Drive\Unorganized\2010-04-08 11.46.38.jpg,884898,2013-02-28 17:22:30,ExtractNamedRelevant
C:\Users\thoma\Documents\Cyber Crimes Tools\Takeout Zips\takeout-20260602T071913Z-11-026.zip,takeout-20260602T071913Z-11-026.zip,Takeout/Drive/Unorganized/2010-03-27 15.08.16.jpg,C:\Users\thoma\Documents\Cyber Crimes Tools\Takeout Extracted\Takeout\Drive\Unorganized\2010-03-27 15.08.16.jpg,1061530,2013-02-28 17:12:56,ExtractNamedRelevant
C:\Users\thoma\Documents\Cyber Crimes Tools\Takeout Zips\takeout-20260602T071913Z-11-026.zip,takeout-20260602T071913Z-11-026.zip,Takeout/Drive/Unorganized/2010-04-08 11.46.26.jpg,C:\Users\thoma\Documents\Cyber Crimes Tools\Takeout Extracted\Takeout\Drive\Unorganized\2010-04-08 11.46.26.jpg,868723,2013-02-28 17:22:22,ExtractNamedRelevant
C:\Users\thoma\Documents\Cyber Crimes Tools\Takeout Zips\takeout-20260602T071913Z-11-026.zip,takeout-20260602T071913Z-11-026.zip,Takeout/Drive/Unorganized/2010-03-27 14.53.48.jpg,C:\Users\thoma\Documents\Cyber Crimes Tools\Takeout Extracted\Takeout\Drive\Unorganized\2010-03-27 14.53.48.jpg,1315124,2013-02-28 17:12:34,ExtractNamedRelevant
C:\Users\thoma\Documents\Cyber Crimes Tools\Takeout Zips\takeout-20260602T071913Z-11-026.zip,takeout-20260602T071913Z-11-026.zip,Takeout/Drive/Unorganized/playtime at 16 months (27).JPG,C:\Users\thoma\Documents\Cyber Crimes Tools\Takeout Extracted\Takeout\Drive\Unorganized\playtime at 16 months (27).JPG,1120844,2013-02-28 18:47:04,ExtractNamedRelevant
C:\Users\thoma\Documents\Cyber Crimes Tools\Takeout Zips\takeout-20260602T071913Z-11-026.zip,takeout-20260602T071913Z-11-026.zip,Takeout/Drive/Unorganized/2010-03-27 14.44.11.jpg,C:\Users\thoma\Documents\Cyber Crimes Tools\Takeout Extracted\Takeout\Drive\Unorganized\2010-03-27 14.44.11.jpg,1064410,2013-02-28 17:12:28,ExtractNamedRelevant
C:\Users\thoma\Documents\Cyber Crimes Tools\Takeout Zips\takeout-20260602T071913Z-11-026.zip,takeout-20260602T071913Z-11-026.zip,Takeout/Drive/Unorganized/2010-04-08 10.09.20.jpg,C:\Users\thoma\Documents\Cyber Crimes Tools\Takeout Extracted\Takeout\Drive\Unorganized\2010-04-08 10.09.20.jpg,658357,2013-02-28 17:22:06,ExtractNamedRelevant
C:\Users\thoma\Documents\Cyber Crimes Tools\Takeout Zips\takeout-20260602T071913Z-11-026.zip,takeout-20260602T071913Z-11-026.zip,Takeout/Drive/Unorganized/2010-04-08 11.45.21.jpg,C:\Users\thoma\Documents\Cyber Crimes Tools\Takeout Extracted\Takeout\Drive\Unorganized\2010-04-08 11.45.21.jpg,707598,2013-02-28 17:22:16,ExtractNamedRelevant
C:\Users\thoma\Documents\Cyber Crimes Tools\Takeout Zips\takeout-20260602T071913Z-11-026.zip,takeout-20260602T071913Z-11-026.zip,Takeout/Drive/Unorganized/119_0320.JPG,C:\Users\thoma\Documents\Cyber Crimes Tools\Takeout Extracted\Takeout\Drive\Unorganized\119_0320.JPG,1658296,2013-02-28 17:12:18,ExtractNamedRelevant
C:\Users\thoma\Documents\Cyber Crimes Tools\Takeout Zips\takeout-20260602T071913Z-11-026.zip,takeout-20260602T071913Z-11-026.zip,Takeout/Drive/Unorganized/2010-03-27 14.41.31.jpg,C:\Users\thoma\Documents\Cyber Crimes Tools\Takeout Extracted\Takeout\Drive\Unorganized\2010-03-27 14.41.31.jpg,972575,2013-02-28 17:12:22,ExtractNamedRelevant
C:\Users\thoma\Documents\Cyber Crimes Tools\Takeout Zips\takeout-20260602T071913Z-11-026.zip,takeout-20260602T071913Z-11-026.zip,Takeout/Drive/Unorganized/2010-04-08 12.56.03.jpg,C:\Users\thoma\Documents\Cyber Crimes Tools\Takeout Extracted\Takeout\Drive\Unorganized\2010-04-08 12.56.03.jpg,1202797,2013-02-28 17:23:12,ExtractNamedRelevant
C:\Users\thoma\Documents\Cyber Crimes Tools\Takeout Zips\takeout-20260602T071913Z-11-026.zip,takeout-20260602T071913Z-11-026.zip,Takeout/Drive/Unorganized/2010-04-08 12.55.55.jpg,C:\Users\thoma\Documents\Cyber Crimes Tools\Takeout Extracted\Takeout\Drive\Unorganized\2010-04-08 12.55.55.jpg,1117695,2013-02-28 17:23:04,ExtractNamedRelevant
C:\Users\thoma\Documents\Cyber Crimes Tools\Takeout Zips\takeout-20260602T071913Z-11-026.zip,takeout-20260602T071913Z-11-026.zip,Takeout/Drive/Unorganized/2010-04-08 12.36.04.jpg,C:\Users\thoma\Documents\Cyber Crimes Tools\Takeout Extracted\Takeout\Drive\Unorganized\2010-04-08 12.36.04.jpg,922390,2013-02-28 17:22:52,ExtractNamedRelevant
C:\Users\thoma\Documents\Cyber Crimes Tools\Takeout Zips\takeout-20260602T071913Z-11-026.zip,takeout-20260602T071913Z-11-026.zip,Takeout/Drive/Unorganized/2010-04-08 12.57.57.jpg,C:\Users\thoma\Documents\Cyber Crimes Tools\Takeout Extracted\Takeout\Drive\Unorganized\2010-04-08 12.57.57.jpg,1113720,2013-02-28 17:23:24,ExtractNamedRelevant
C:\Users\thoma\Documents\Cyber Crimes Tools\Takeout Zips\takeout-20260602T071913Z-11-026.zip,takeout-20260602T071913Z-11-026.zip,Takeout/Drive/Unorganized/2010-04-08 11.47.14.jpg,C:\Users\thoma\Documents\Cyber Crimes Tools\Takeout Extracted\Takeout\Drive\Unorganized\2010-04-08 11.47.14.jpg,1008342,2013-02-28 17:22:38,ExtractNamedRelevant
C:\Users\thoma\Documents\Cyber Crimes Tools\Takeout Zips\takeout-20260602T071913Z-11-026.zip,takeout-20260602T071913Z-11-026.zip,Takeout/Drive/Unorganized/2010-04-08 12.55.38.jpg,C:\Users\thoma\Documents\Cyber Crimes Tools\Takeout Extracted\Takeout\Drive\Unorganized\2010-04-08 12.55.38.jpg,863417,2013-02-28 17:23:00,ExtractNamedRelevant
C:\Users\thoma\Documents\Cyber Crimes Tools\Takeout Zips\takeout-20260602T071913Z-11-026.zip,takeout-20260602T071913Z-11-026.zip,Takeout/Drive/Unorganized/2010-04-08 11.54.02.jpg,C:\Users\thoma\Documents\Cyber Crimes Tools\Takeout Extracted\Takeout\Drive\Unorganized\2010-04-08 11.54.02.jpg,287329,2013-02-28 17:22:40,ExtractNamedRelevant
C:\Users\thoma\Documents\Cyber Crimes Tools\Takeout Zips\takeout-20260602T071913Z-11-026.zip,takeout-20260602T071913Z-11-026.zip,Takeout/Drive/Unorganized/2010-04-08 11.54.10.jpg,C:\Users\thoma\Documents\Cyber Crimes Tools\Takeout Extracted\Takeout\Drive\Unorganized\2010-04-08 11.54.10.jpg,187528,2013-02-28 17:22:42,ExtractNamedRelevant
C:\Users\thoma\Documents\Cyber Crimes Tools\Takeout Zips\takeout-20260602T071913Z-11-026.zip,takeout-20260602T071913Z-11-026.zip,Takeout/Drive/Unorganized/2010-04-08 12.55.31.jpg,C:\Users\thoma\Documents\Cyber Crimes Tools\Takeout Extracted\Takeout\Drive\Unorganized\2010-04-08 12.55.31.jpg,851434,2013-02-28 17:22:56,ExtractNamedRelevant
C:\Users\thoma\Documents\Cyber Crimes Tools\Takeout Zips\takeout-20260602T071913Z-11-026.zip,takeout-20260602T071913Z-11-026.zip,Takeout/Drive/Unorganized/2010-04-08 11.46.44.jpg,C:\Users\thoma\Documents\Cyber Crimes Tools\Takeout Extracted\Takeout\Drive\Unorganized\2010-04-08 11.46.44.jpg,868195,2013-02-28 17:22:34,ExtractNamedRelevant
C:\Users\thoma\Documents\Cyber Crimes Tools\Takeout Zips\takeout-20260602T071913Z-11-026.zip,takeout-20260602T071913Z-11-026.zip,Takeout/Drive/Unorganized/2010-04-08 11.46.34.jpg,C:\Users\thoma\Documents\Cyber Crimes Tools\Takeout Extracted\Takeout\Drive\Unorganized\2010-04-08 11.46.34.jpg,886402,2013-02-28 17:22:26,ExtractNamedRelevant
C:\Users\thoma\Documents\Cyber Crimes Tools\Takeout Zips\takeout-20260602T071913Z-11-026.zip,takeout-20260602T071913Z-11-026.zip,Takeout/Drive/Unorganized/2010-04-08 11.45.07.jpg,C:\Users\thoma\Documents\Cyber Crimes Tools\Takeout Extracted\Takeout\Drive\Unorganized\2010-04-08 11.45.07.jpg,955121,2013-02-28 17:22:10,ExtractNamedRelevant
C:\Users\thoma\Documents\Cyber Crimes Tools\Takeout Zips\takeout-20260602T071913Z-11-026.zip,takeout-20260602T071913Z-11-026.zip,Takeout/Drive/Unorganized/2010-04-08 10.09.01.jpg,C:\Users\thoma\Documents\Cyber Crimes Tools\Takeout Extracted\Takeout\Drive\Unorganized\2010-04-08 10.09.01.jpg,604577,2013-02-28 17:21:54,ExtractNamedRelevant
C:\Users\thoma\Documents\Cyber Crimes Tools\Takeout Zips\takeout-20260602T071913Z-11-026.zip,takeout-20260602T071913Z-11-026.zip,Takeout/Drive/Unorganized/2010-04-08 10.09.17.jpg,C:\Users\thoma\Documents\Cyber Crimes Tools\Takeout Extracted\Takeout\Drive\Unorganized\2010-04-08 10.09.17.jpg,656116,2013-02-28 17:22:02,ExtractNamedRelevant
C:\Users\thoma\Documents\Cyber Crimes Tools\Takeout Zips\takeout-20260602T071913Z-11-026.zip,takeout-20260602T071913Z-11-026.zip,Takeout/Drive/Unorganized/2010-04-08 10.08.51.jpg,C:\Users\thoma\Documents\Cyber Crimes Tools\Takeout Extracted\Takeout\Drive\Unorganized\2010-04-08 10.08.51.jpg,635449,2013-02-28 17:21:48,ExtractNamedRelevant
C:\Users\thoma\Documents\Cyber Crimes Tools\Takeout Zips\takeout-20260602T071913Z-11-026.zip,takeout-20260602T071913Z-11-026.zip,Takeout/Drive/Unorganized/2010-04-08 10.09.07.jpg,C:\Users\thoma\Documents\Cyber Crimes Tools\Takeout Extracted\Takeout\Drive\Unorganized\2010-04-08 10.09.07.jpg,615900,2013-02-28 17:21:58,ExtractNamedRelevant
C:\Users\thoma\Documents\Cyber Crimes Tools\Takeout Zips\takeout-20260602T071913Z-11-026.zip,takeout-20260602T071913Z-11-026.zip,Takeout/Drive/Unorganized/2010-04-08 10.08.56.jpg,C:\Users\thoma\Documents\Cyber Crimes Tools\Takeout Extracted\Takeout\Drive\Unorganized\2010-04-08 10.08.56.jpg,613203,2013-02-28 17:21:52,ExtractNamedRelevant
C:\Users\thoma\Documents\Cyber Crimes Tools\Takeout Zips\takeout-20260602T071913Z-11-026.zip,takeout-20260602T071913Z-11-026.zip,Takeout/Drive/Unorganized/2010-04-08 10.08.47.jpg,C:\Users\thoma\Documents\Cyber Crimes Tools\Takeout Extracted\Takeout\Drive\Unorganized\2010-04-08 10.08.47.jpg,645505,2013-02-28 17:21:46,ExtractNamedRelevant
C:\Users\thoma\Documents\Cyber Crimes Tools\Takeout Zips\takeout-20260602T071913Z-11-026.zip,takeout-20260602T071913Z-11-026.zip,Takeout/Drive/Unorganized/2010-04-08 10.08.07.jpg,C:\Users\thoma\Documents\Cyber Crimes Tools\Takeout Extracted\Takeout\Drive\Unorganized\2010-04-08 10.08.07.jpg,476468,2013-02-28 17:21:42,ExtractNamedRelevant
C:\Users\thoma\Documents\Cyber Crimes Tools\Takeout Zips\takeout-20260602T071913Z-11-026.zip,takeout-20260602T071913Z-11-026.zip,Takeout/Drive/Unorganized/2010-05-01 17.54.22.jpg,C:\Users\thoma\Documents\Cyber Crimes Tools\Takeout Extracted\Takeout\Drive\Unorganized\2010-05-01 17.54.22.jpg,1020323,2013-02-28 17:26:44,ExtractNamedRelevant
C:\Users\thoma\Documents\Cyber Crimes Tools\Takeout Zips\takeout-20260602T071913Z-11-026.zip,takeout-20260602T071913Z-11-026.zip,Takeout/Drive/Unorganized/2010-04-05 19.18.39.jpg,C:\Users\thoma\Documents\Cyber Crimes Tools\Takeout Extracted\Takeout\Drive\Unorganized\2010-04-05 19.18.39.jpg,1365381,2013-02-28 17:21:26,ExtractNamedRelevant
C:\Users\thoma\Documents\Cyber Crimes Tools\Takeout Zips\takeout-20260602T071913Z-11-026.zip,takeout-20260602T071913Z-11-026.zip,Takeout/Drive/Unorganized/2010-04-05 19.18.55.jpg,C:\Users\thoma\Documents\Cyber Crimes Tools\Takeout Extracted\Takeout\Drive\Unorganized\2010-04-05 19.18.55.jpg,1134725,2013-02-28 17:21:36,ExtractNamedRelevant
C:\Users\thoma\Documents\Cyber Crimes Tools\Takeout Zips\takeout-20260602T071913Z-11-026.zip,takeout-20260602T071913Z-11-026.zip,Takeout/Drive/Unorganized/2010-04-05 19.18.15.jpg,C:\Users\thoma\Documents\Cyber Crimes Tools\Takeout Extracted\Takeout\Drive\Unorganized\2010-04-05 19.18.15.jpg,1222232,2013-02-28 17:21:16,ExtractNamedRelevant
C:\Users\thoma\Documents\Cyber Crimes Tools\Takeout Zips\takeout-20260602T071913Z-11-026.zip,takeout-20260602T071913Z-11-026.zip,Takeout/Drive/Unorganized/2010-04-04 14.45.59.jpg,C:\Users\thoma\Documents\Cyber Crimes Tools\Takeout Extracted\Takeout\Drive\Unorganized\2010-04-04 14.45.59.jpg,923851,2013-02-28 17:20:20,ExtractNamedRelevant
C:\Users\thoma\Documents\Cyber Crimes Tools\Takeout Zips\takeout-20260602T071913Z-11-026.zip,takeout-20260602T071913Z-11-026.zip,Takeout/Drive/Unorganized/2010-04-05 19.18.46.jpg,C:\Users\thoma\Documents\Cyber Crimes Tools\Takeout Extracted\Takeout\Drive\Unorganized\2010-04-05 19.18.46.jpg,1141158,2013-02-28 17:21:32,ExtractNamedRelevant
C:\Users\thoma\Documents\Cyber Crimes Tools\Takeout Zips\takeout-20260602T071913Z-11-026.zip,takeout-20260602T071913Z-11-026.zip,Takeout/Drive/Unorganized/2010-04-04 14.45.43.jpg,C:\Users\thoma\Documents\Cyber Crimes Tools\Takeout Extracted\Takeout\Drive\Unorganized\2010-04-04 14.45.43.jpg,1152792,2013-02-28 17:20:16,ExtractNamedRelevant
C:\Users\thoma\Documents\Cyber Crimes Tools\Takeout Zips\takeout-20260602T071913Z-11-026.zip,takeout-20260602T071913Z-11-026.zip,Takeout/Drive/Unorganized/2010-04-08 10.07.19.jpg,C:\Users\thoma\Documents\Cyber Crimes Tools\Takeout Extracted\Takeout\Drive\Unorganized\2010-04-08 10.07.19.jpg,176300,2013-02-28 17:21:38,ExtractNamedRelevant
C:\Users\thoma\Documents\Cyber Crimes Tools\Takeout Zips\takeout-20260602T071913Z-11-026.zip,takeout-20260602T071913Z-11-026.zip,Takeout/Drive/Unorganized/new pics 254.jpg,C:\Users\thoma\Documents\Cyber Crimes Tools\Takeout Extracted\Takeout\Drive\Unorganized\new pics 254.jpg,24552,2013-02-28 19:05:50,ExtractNamedRelevant
C:\Users\thoma\Documents\Cyber Crimes Tools\Takeout Zips\takeout-20260602T071913Z-11-026.zip,takeout-20260602T071913Z-11-026.zip,Takeout/Drive/Unorganized/2010-04-05 12.37.34.jpg,C:\Users\thoma\Documents\Cyber Crimes Tools\Takeout Extracted\Takeout\Drive\Unorganized\2010-04-05 12.37.34.jpg,668684,2013-02-28 17:20:58,ExtractNamedRelevant
C:\Users\thoma\Documents\Cyber Crimes Tools\Takeout Zips\takeout-20260602T071913Z-11-026.zip,takeout-20260602T071913Z-11-026.zip,Takeout/Drive/Unorganized/playtime at 16 months (38).JPG,C:\Users\thoma\Documents\Cyber Crimes Tools\Takeout Extracted\Takeout\Drive\Unorganized\playtime at 16 months (38).JPG,906662,2013-02-28 18:48:06,ExtractNamedRelevant
C:\Users\thoma\Documents\Cyber Crimes Tools\Takeout Zips\takeout-20260602T071913Z-11-026.zip,takeout-20260602T071913Z-11-026.zip,Takeout/Drive/Unorganized/new pics 112.jpg,C:\Users\thoma\Documents\Cyber Crimes Tools\Takeout Extracted\Takeout\Drive\Unorganized\new pics 112.jpg,1016957,2013-02-28 19:03:36,ExtractNamedRelevant
C:\Users\thoma\Documents\Cyber Crimes Tools\Takeout Zips\takeout-20260602T071913Z-11-026.zip,takeout-20260602T071913Z-11-026.zip,Takeout/Drive/Unorganized/2010-04-05 12.37.54.jpg,C:\Users\thoma\Documents\Cyber Crimes Tools\Takeout Extracted\Takeout\Drive\Unorganized\2010-04-05 12.37.54.jpg,724976,2013-02-28 17:21:02,ExtractNamedRelevant
C:\Users\thoma\Documents\Cyber Crimes Tools\Takeout Zips\takeout-20260602T071913Z-11-026.zip,takeout-20260602T071913Z-11-026.zip,Takeout/Drive/Unorganized/2010-04-04 17.37.43.jpg,C:\Users\thoma\Documents\Cyber Crimes Tools\Takeout Extracted\Takeout\Drive\Unorganized\2010-04-04 17.37.43.jpg,907166,2013-02-28 17:20:34,ExtractNamedRelevant
C:\Users\thoma\Documents\Cyber Crimes Tools\Takeout Zips\takeout-20260602T071913Z-11-026.zip,takeout-20260602T071913Z-11-026.zip,Takeout/Drive/Unorganized/2010-04-05 12.37.25.jpg,C:\Users\thoma\Documents\Cyber Crimes Tools\Takeout Extracted\Takeout\Drive\Unorganized\2010-04-05 12.37.25.jpg,692612,2013-02-28 17:20:54,ExtractNamedRelevant
C:\Users\thoma\Documents\Cyber Crimes Tools\Takeout Zips\takeout-20260602T071913Z-11-026.zip,takeout-20260602T071913Z-11-026.zip,Takeout/Drive/Unorganized/2010-04-05 19.18.31.jpg,C:\Users\thoma\Documents\Cyber Crimes Tools\Takeout Extracted\Takeout\Drive\Unorganized\2010-04-05 19.18.31.jpg,1159714,2013-02-28 17:21:20,ExtractNamedRelevant
C:\Users\thoma\Documents\Cyber Crimes Tools\Takeout Zips\takeout-20260602T071913Z-11-026.zip,takeout-20260602T071913Z-11-026.zip,Takeout/Drive/Unorganized/2010-04-05 12.37.12.jpg,C:\Users\thoma\Documents\Cyber Crimes Tools\Takeout Extracted\Takeout\Drive\Unorganized\2010-04-05 12.37.12.jpg,656824,2013-02-28 17:20:50,ExtractNamedRelevant
C:\Users\thoma\Documents\Cyber Crimes Tools\Takeout Zips\takeout-20260602T071913Z-11-026.zip,takeout-20260602T071913Z-11-026.zip,Takeout/Drive/Unorganized/2010-04-04 18.26.25.jpg,C:\Users\thoma\Documents\Cyber Crimes Tools\Takeout Extracted\Takeout\Drive\Unorganized\2010-04-04 18.26.25.jpg,925048,2013-02-28 17:20:48,ExtractNamedRelevant
C:\Users\thoma\Documents\Cyber Crimes Tools\Takeout Zips\takeout-20260602T071913Z-11-026.zip,takeout-20260602T071913Z-11-026.zip,Takeout/Drive/Unorganized/2010-04-05 19.18.06.jpg,C:\Users\thoma\Documents\Cyber Crimes Tools\Takeout Extracted\Takeout\Drive\Unorganized\2010-04-05 19.18.06.jpg,1147165,2013-02-28 17:21:10,ExtractNamedRelevant
C:\Users\thoma\Documents\Cyber Crimes Tools\Takeout Zips\takeout-20260602T071913Z-11-026.zip,takeout-20260602T071913Z-11-026.zip,Takeout/Drive/Unorganized/2010-04-05 12.38.29.jpg,C:\Users\thoma\Documents\Cyber Crimes Tools\Takeout Extracted\Takeout\Drive\Unorganized\2010-04-05 12.38.29.jpg,812043,2013-02-28 17:21:06,ExtractNamedRelevant
C:\Users\thoma\Documents\Cyber Crimes Tools\Takeout Zips\takeout-20260602T071913Z-11-026.zip,takeout-20260602T071913Z-11-026.zip,Takeout/Drive/Unorganized/2010-04-04 18.26.09.jpg,C:\Users\thoma\Documents\Cyber Crimes Tools\Takeout Extracted\Takeout\Drive\Unorganized\2010-04-04 18.26.09.jpg,894056,2013-02-28 17:20:42,ExtractNamedRelevant
C:\Users\thoma\Documents\Cyber Crimes Tools\Takeout Zips\takeout-20260602T071913Z-11-026.zip,takeout-20260602T071913Z-11-026.zip,Takeout/Drive/Unorganized/2010-04-04 17.38.04.jpg,C:\Users\thoma\Documents\Cyber Crimes Tools\Takeout Extracted\Takeout\Drive\Unorganized\2010-04-04 17.38.04.jpg,840804,2013-02-28 17:20:38,ExtractNamedRelevant
C:\Users\thoma\Documents\Cyber Crimes Tools\Takeout Zips\takeout-20260602T071913Z-11-026.zip,takeout-20260602T071913Z-11-026.zip,Takeout/Drive/Unorganized/KeeganNElijah.jpg,C:\Users\thoma\Documents\Cyber Crimes Tools\Takeout Extracted\Takeout\Drive\Unorganized\KeeganNElijah.jpg,81024,2013-02-28 18:48:48,ExtractNamedRelevant
C:\Users\thoma\Documents\Cyber Crimes Tools\Takeout Zips\takeout-20260602T071913Z-11-026.zip,takeout-20260602T071913Z-11-026.zip,Takeout/Drive/Unorganized/new pics 256.jpg,C:\Users\thoma\Documents\Cyber Crimes Tools\Takeout Extracted\Takeout\Drive\Unorganized\new pics 256.jpg,32640,2013-02-28 19:05:56,ExtractNamedRelevant
C:\Users\thoma\Documents\Cyber Crimes Tools\Takeout Zips\takeout-20260602T071913Z-11-026.zip,takeout-20260602T071913Z-11-026.zip,Takeout/Drive/Unorganized/2010-04-04 14.46.14.jpg,C:\Users\thoma\Documents\Cyber Crimes Tools\Takeout Extracted\Takeout\Drive\Unorganized\2010-04-04 14.46.14.jpg,1339187,2013-02-28 17:20:26,ExtractNamedRelevant
C:\Users\thoma\Documents\Cyber Crimes Tools\Takeout Zips\takeout-20260602T071913Z-11-026.zip,takeout-20260602T071913Z-11-026.zip,Takeout/Drive/Unorganized/2010-03-30 14.14.27.jpg,C:\Users\thoma\Documents\Cyber Crimes Tools\Takeout Extracted\Takeout\Drive\Unorganized\2010-03-30 14.14.27.jpg,940148,2013-02-28 17:19:28,ExtractNamedRelevant
C:\Users\thoma\Documents\Cyber Crimes Tools\Takeout Zips\takeout-20260602T071913Z-11-026.zip,takeout-20260602T071913Z-11-026.zip,Takeout/Drive/Unorganized/2010-04-04 14.46.39.jpg,C:\Users\thoma\Documents\Cyber Crimes Tools\Takeout Extracted\Takeout\Drive\Unorganized\2010-04-04 14.46.39.jpg,869606,2013-02-28 17:20:30,ExtractNamedRelevant
C:\Users\thoma\Documents\Cyber Crimes Tools\Takeout Zips\takeout-20260602T071913Z-11-026.zip,takeout-20260602T071913Z-11-026.zip,Takeout/Drive/Unorganized/2010-04-04 13.40.06.jpg,C:\Users\thoma\Documents\Cyber Crimes Tools\Takeout Extracted\Takeout\Drive\Unorganized\2010-04-04 13.40.06.jpg,915579,2013-02-28 17:20:12,ExtractNamedRelevant
C:\Users\thoma\Documents\Cyber Crimes Tools\Takeout Zips\takeout-20260602T071913Z-11-026.zip,takeout-20260602T071913Z-11-026.zip,Takeout/Drive/Unorganized/2010-04-04 13.39.41.jpg,C:\Users\thoma\Documents\Cyber Crimes Tools\Takeout Extracted\Takeout\Drive\Unorganized\2010-04-04 13.39.41.jpg,817692,2013-02-28 17:20:02,ExtractNamedRelevant
C:\Users\thoma\Documents\Cyber Crimes Tools\Takeout Zips\takeout-20260602T071913Z-11-026.zip,takeout-20260602T071913Z-11-026.zip,Takeout/Drive/Unorganized/2010-04-04 13.39.22.jpg,C:\Users\thoma\Documents\Cyber Crimes Tools\Takeout Extracted\Takeout\Drive\Unorganized\2010-04-04 13.39.22.jpg,914556,2013-02-28 17:19:58,ExtractNamedRelevant
C:\Users\thoma\Documents\Cyber Crimes Tools\Takeout Zips\takeout-20260602T071913Z-11-026.zip,takeout-20260602T071913Z-11-026.zip,Takeout/Drive/Unorganized/2010-04-04 13.39.02.jpg,C:\Users\thoma\Documents\Cyber Crimes Tools\Takeout Extracted\Takeout\Drive\Unorganized\2010-04-04 13.39.02.jpg,1072720,2013-02-28 17:19:54,ExtractNamedRelevant
C:\Users\thoma\Documents\Cyber Crimes Tools\Takeout Zips\takeout-20260602T071913Z-11-026.zip,takeout-20260602T071913Z-11-026.zip,Takeout/Drive/Unorganized/2010-04-04 07.24.42.jpg,C:\Users\thoma\Documents\Cyber Crimes Tools\Takeout Extracted\Takeout\Drive\Unorganized\2010-04-04 07.24.42.jpg,1061724,2013-02-28 17:19:42,ExtractNamedRelevant
C:\Users\thoma\Documents\Cyber Crimes Tools\Takeout Zips\takeout-20260602T071913Z-11-026.zip,takeout-20260602T071913Z-11-026.zip,Takeout/Drive/Unorganized/2010-01-12 11.44.52.jpg,C:\Users\thoma\Documents\Cyber Crimes Tools\Takeout Extracted\Takeout\Drive\Unorganized\2010-01-12 11.44.52.jpg,767110,2013-02-28 17:14:58,ExtractNamedRelevant
C:\Users\thoma\Documents\Cyber Crimes Tools\Takeout Zips\takeout-20260602T071913Z-11-026.zip,takeout-20260602T071913Z-11-026.zip,Takeout/Drive/Unorganized/2010-04-04 13.38.57.jpg,C:\Users\thoma\Documents\Cyber Crimes Tools\Takeout Extracted\Takeout\Drive\Unorganized\2010-04-04 13.38.57.jpg,928272,2013-02-28 17:19:50,ExtractNamedRelevant
C:\Users\thoma\Documents\Cyber Crimes Tools\Takeout Zips\takeout-20260602T071913Z-11-026.zip,takeout-20260602T071913Z-11-026.zip,Takeout/Drive/Unorganized/DSC01983.JPG,C:\Users\thoma\Documents\Cyber Crimes Tools\Takeout Extracted\Takeout\Drive\Unorganized\DSC01983.JPG,2935631,2013-03-01 06:59:34,ExtractNamedRelevant
C:\Users\thoma\Documents\Cyber Crimes Tools\Takeout Zips\takeout-20260602T071913Z-11-026.zip,takeout-20260602T071913Z-11-026.zip,Takeout/Drive/Unorganized/2010-04-03 09.56.55.jpg,C:\Users\thoma\Documents\Cyber Crimes Tools\Takeout Extracted\Takeout\Drive\Unorganized\2010-04-03 09.56.55.jpg,756604,2013-02-28 17:19:32,ExtractNamedRelevant
C:\Users\thoma\Documents\Cyber Crimes Tools\Takeout Zips\takeout-20260602T071913Z-11-026.zip,takeout-20260602T071913Z-11-026.zip,Takeout/Drive/Etiquette is a code of behavior that defines e(1).docx,C:\Users\thoma\Documents\Cyber Crimes Tools\Takeout Extracted\Takeout\Drive\Etiquette is a code of behavior that defines e(1).docx,108696,2017-05-17 13:43:40,ExtractEvidenceType
C:\Users\thoma\Documents\Cyber Crimes Tools\Takeout Zips\takeout-20260602T071913Z-11-026.zip,takeout-20260602T071913Z-11-026.zip,Takeout/Drive/Unorganized/2010-04-04 13.39.51.jpg,C:\Users\thoma\Documents\Cyber Crimes Tools\Takeout Extracted\Takeout\Drive\Unorganized\2010-04-04 13.39.51.jpg,913345,2013-02-28 17:20:06,ExtractNamedRelevant
C:\Users\thoma\Documents\Cyber Crimes Tools\Takeout Zips\takeout-20260602T071913Z-11-026.zip,takeout-20260602T071913Z-11-026.zip,Takeout/Drive/Unorganized/2010-04-03 09.58.15.jpg,C:\Users\thoma\Documents\Cyber Crimes Tools\Takeout Extracted\Takeout\Drive\Unorganized\2010-04-03 09.58.15.jpg,730164,2013-02-28 17:19:36,ExtractNamedRelevant
C:\Users\thoma\Documents\Cyber Crimes Tools\Takeout Zips\takeout-20260602T071913Z-11-026.zip,takeout-20260602T071913Z-11-026.zip,Takeout/Drive/Unorganized/2010-03-30 14.13.58.jpg,C:\Users\thoma\Documents\Cyber Crimes Tools\Takeout Extracted\Takeout\Drive\Unorganized\2010-03-30 14.13.58.jpg,1100062,2013-02-28 17:19:18,ExtractNamedRelevant
C:\Users\thoma\Documents\Cyber Crimes Tools\Takeout Zips\takeout-20260602T071913Z-11-026.zip,takeout-20260602T071913Z-11-026.zip,Takeout/Drive/Unorganized/2010-03-23 10.57.04.jpg,C:\Users\thoma\Documents\Cyber Crimes Tools\Takeout Extracted\Takeout\Drive\Unorganized\2010-03-23 10.57.04.jpg,779573,2013-02-28 17:19:14,ExtractNamedRelevant
C:\Users\thoma\Documents\Cyber Crimes Tools\Takeout Zips\takeout-20260602T071913Z-11-026.zip,takeout-20260602T071913Z-11-026.zip,Takeout/Drive/Pictures/2010/October 2010 (14).JPG,C:\Users\thoma\Documents\Cyber Crimes Tools\Takeout Extracted\Takeout\Drive\Pictures\2010\October 2010 (14).JPG,881164,2013-02-27 16:53:08,ExtractNamedRelevant
C:\Users\thoma\Documents\Cyber Crimes Tools\Takeout Zips\takeout-20260602T071913Z-11-026.zip,takeout-20260602T071913Z-11-026.zip,Takeout/Drive/Unorganized/2010-04-16 10.43.37.jpg,C:\Users\thoma\Documents\Cyber Crimes Tools\Takeout Extracted\Takeout\Drive\Unorganized\2010-04-16 10.43.37.jpg,1337250,2013-02-28 17:25:22,ExtractNamedRelevant
C:\Users\thoma\Documents\Cyber Crimes Tools\Takeout Zips\takeout-20260602T071913Z-11-026.zip,takeout-20260602T071913Z-11-026.zip,Takeout/Drive/Unorganized/2010-03-23 10.56.56.jpg,C:\Users\thoma\Documents\Cyber Crimes Tools\Takeout Extracted\Takeout\Drive\Unorganized\2010-03-23 10.56.56.jpg,768710,2013-02-28 17:19:10,ExtractNamedRelevant
C:\Users\thoma\Documents\Cyber Crimes Tools\Takeout Zips\takeout-20260602T071913Z-11-026.zip,takeout-20260602T071913Z-11-026.zip,Takeout/Drive/Pictures/2011/204_1493.JPG,C:\Users\thoma\Documents\Cyber Crimes Tools\Takeout Extracted\Takeout\Drive\Pictures\2011\204_1493.JPG,1745736,2013-02-27 19:05:16,ExtractNamedRelevant
C:\Users\thoma\Documents\Cyber Crimes Tools\Takeout Zips\takeout-20260602T071913Z-11-026.zip,takeout-20260602T071913Z-11-026.zip,Takeout/Drive/Unorganized/2010-04-04 07.24.57.jpg,C:\Users\thoma\Documents\Cyber Crimes Tools\Takeout Extracted\Takeout\Drive\Unorganized\2010-04-04 07.24.57.jpg,1030759,2013-02-28 17:19:46,ExtractNamedRelevant
C:\Users\thoma\Documents\Cyber Crimes Tools\Takeout Zips\takeout-20260602T071913Z-11-026.zip,takeout-20260602T071913Z-11-026.zip,Takeout/Drive/Unorganized/2010-03-23 10.55.05.jpg,C:\Users\thoma\Documents\Cyber Crimes Tools\Takeout Extracted\Takeout\Drive\Unorganized\2010-03-23 10.55.05.jpg,798199,2013-02-28 17:19:02,ExtractNamedRelevant
C:\Users\thoma\Documents\Cyber Crimes Tools\Takeout Zips\takeout-20260602T071913Z-11-026.zip,takeout-20260602T071913Z-11-026.zip,Takeout/Drive/Pictures/2009/July 09 036.jpg,C:\Users\thoma\Documents\Cyber Crimes Tools\Takeout Extracted\Takeout\Drive\Pictures\2009\July 09 036.jpg,729984,2013-02-27 11:09:50,ExtractNamedRelevant
C:\Users\thoma\Documents\Cyber Crimes Tools\Takeout Zips\takeout-20260602T071913Z-11-026.zip,takeout-20260602T071913Z-11-026.zip,Takeout/Drive/Pictures/2010/new pics 098.jpg,C:\Users\thoma\Documents\Cyber Crimes Tools\Takeout Extracted\Takeout\Drive\Pictures\2010\new pics 098.jpg,1079050,2013-02-27 14:34:50,ExtractNamedRelevant
C:\Users\thoma\Documents\Cyber Crimes Tools\Takeout Zips\takeout-20260602T071913Z-11-026.zip,takeout-20260602T071913Z-11-026.zip,Takeout/Drive/Pictures/2011/239_2278.JPG,C:\Users\thoma\Documents\Cyber Crimes Tools\Takeout Extracted\Takeout\Drive\Pictures\2011\239_2278.JPG,1707820,2013-02-27 21:36:36,ExtractNamedRelevant
C:\Users\thoma\Documents\Cyber Crimes Tools\Takeout Zips\takeout-20260602T071913Z-11-026.zip,takeout-20260602T071913Z-11-026.zip,Takeout/Drive/Unorganized/276_2528.JPG,C:\Users\thoma\Documents\Cyber Crimes Tools\Takeout Extracted\Takeout\Drive\Unorganized\276_2528.JPG,1708819,2013-03-03 11:54:52,ExtractNamedRelevant
C:\Users\thoma\Documents\Cyber Crimes Tools\Takeout Zips\takeout-20260602T071913Z-11-026.zip,takeout-20260602T071913Z-11-026.zip,Takeout/Drive/Unorganized/2010-03-23 10.55.21.jpg,C:\Users\thoma\Documents\Cyber Crimes Tools\Takeout Extracted\Takeout\Drive\Unorganized\2010-03-23 10.55.21.jpg,784993,2013-02-28 17:19:06,ExtractNamedRelevant
C:\Users\thoma\Documents\Cyber Crimes Tools\Takeout Zips\takeout-20260602T071913Z-11-026.zip,takeout-20260602T071913Z-11-026.zip,Takeout/Drive/Pictures/2010/2010-04-04 07.24.42.jpg,C:\Users\thoma\Documents\Cyber Crimes Tools\Takeout Extracted\Takeout\Drive\Pictures\2010\2010-04-04 07.24.42.jpg,1061724,2013-02-27 12:45:28,ExtractNamedRelevant
C:\Users\thoma\Documents\Cyber Crimes Tools\Takeout Zips\takeout-20260602T071913Z-11-026.zip,takeout-20260602T071913Z-11-026.zip,Takeout/Drive/Pictures/2009/2009 168.jpg,C:\Users\thoma\Documents\Cyber Crimes Tools\Takeout Extracted\Takeout\Drive\Pictures\2009\2009 168.jpg,853358,2013-02-27 11:08:52,ExtractNamedRelevant
C:\Users\thoma\Documents\Cyber Crimes Tools\Takeout Zips\takeout-20260602T071913Z-11-026.zip,takeout-20260602T071913Z-11-026.zip,Takeout/Drive/Pictures/2011/Nov 12 2011 (21).JPG,C:\Users\thoma\Documents\Cyber Crimes Tools\Takeout Extracted\Takeout\Drive\Pictures\2011\Nov 12 2011 (21).JPG,1691417,2013-02-28 11:07:24,ExtractNamedRelevant
C:\Users\thoma\Documents\Cyber Crimes Tools\Takeout Zips\takeout-20260602T071913Z-11-026.zip,takeout-20260602T071913Z-11-026.zip,Takeout/Drive/Unorganized/new pics 194.jpg,C:\Users\thoma\Documents\Cyber Crimes Tools\Takeout Extracted\Takeout\Drive\Unorganized\new pics 194.jpg,768703,2013-03-03 09:28:24,ExtractNamedRelevant
C:\Users\thoma\Documents\Cyber Crimes Tools\Takeout Zips\takeout-20260602T071913Z-11-026.zip,takeout-20260602T071913Z-11-026.zip,Takeout/Drive/Unorganized/new pics 193.jpg,C:\Users\thoma\Documents\Cyber Crimes Tools\Takeout Extracted\Takeout\Drive\Unorganized\new pics 193.jpg,23003,2013-03-03 09:28:18,ExtractNamedRelevant
C:\Users\thoma\Documents\Cyber Crimes Tools\Takeout Zips\takeout-20260602T071913Z-11-026.zip,takeout-20260602T071913Z-11-026.zip,Takeout/Drive/Movies/VIDEO_TS/VTS_05_1.VOB,C:\Users\thoma\Documents\Cyber Crimes Tools\Takeout Extracted\Takeout\Drive\Movies\VIDEO_TS\VTS_05_1.VOB,3706880,2011-03-14 18:03:58,ExtractNamedRelevant
C:\Users\thoma\Documents\Cyber Crimes Tools\Takeout Zips\takeout-20260602T071913Z-11-026.zip,takeout-20260602T071913Z-11-026.zip,Takeout/Drive/VideoMakerFXProThemesSetup1.1.exe,C:\Users\thoma\Documents\Cyber Crimes Tools\Takeout Extracted\Takeout\Drive\VideoMakerFXProThemesSetup1.1.exe,23317096,2014-07-14 08:03:40,ExtractNamedRelevant
C:\Users\thoma\Documents\Cyber Crimes Tools\Takeout Zips\takeout-20260602T071913Z-11-026.zip,takeout-20260602T071913Z-11-026.zip,Takeout/Drive/Unorganized/DSC01984.JPG,C:\Users\thoma\Documents\Cyber Crimes Tools\Takeout Extracted\Takeout\Drive\Unorganized\DSC01984.JPG,2659058,2013-03-01 06:59:44,ExtractNamedRelevant
C:\Users\thoma\Documents\Cyber Crimes Tools\Takeout Zips\takeout-20260602T071913Z-11-026.zip,takeout-20260602T071913Z-11-026.zip,Takeout/Drive/Pictures/2010/Nov 2010/Nov 2010 (17).JPG,C:\Users\thoma\Documents\Cyber Crimes Tools\Takeout Extracted\Takeout\Drive\Pictures\2010\Nov 2010\Nov 2010 (17).JPG,766999,2013-02-27 15:38:32,ExtractNamedRelevant
C:\Users\thoma\Documents\Cyber Crimes Tools\Takeout Zips\takeout-20260602T071913Z-11-026.zip,takeout-20260602T071913Z-11-026.zip,Takeout/Drive/Unorganized/new pics 195.jpg,C:\Users\thoma\Documents\Cyber Crimes Tools\Takeout Extracted\Takeout\Drive\Unorganized\new pics 195.jpg,765794,2013-03-03 09:28:30,ExtractNamedRelevant
C:\Users\thoma\Documents\Cyber Crimes Tools\Takeout Zips\takeout-20260602T071913Z-11-026.zip,takeout-20260602T071913Z-11-026.zip,Takeout/Drive/Unorganized/204_1576.JPG,C:\Users\thoma\Documents\Cyber Crimes Tools\Takeout Extracted\Takeout\Drive\Unorganized\204_1576.JPG,1916896,2013-02-28 23:39:18,ExtractNamedRelevant
C:\Users\thoma\Documents\Cyber Crimes Tools\Takeout Zips\takeout-20260602T071913Z-11-026.zip,takeout-20260602T071913Z-11-026.zip,Takeout/Drive/Unorganized/IMGP0002(2).JPG,C:\Users\thoma\Documents\Cyber Crimes Tools\Takeout Extracted\Takeout\Drive\Unorganized\IMGP0002(2).JPG,1179108,2013-03-01 02:45:02,ExtractNamedRelevant
C:\Users\thoma\Documents\Cyber Crimes Tools\Takeout Zips\takeout-20260602T071913Z-11-026.zip,takeout-20260602T071913Z-11-026.zip,Takeout/Drive/Unorganized/October 2010 (20).JPG,C:\Users\thoma\Documents\Cyber Crimes Tools\Takeout Extracted\Takeout\Drive\Unorganized\October 2010 (20).JPG,868638,2013-02-28 21:17:00,ExtractNamedRelevant
C:\Users\thoma\Documents\Cyber Crimes Tools\Takeout Zips\takeout-20260602T071913Z-11-026.zip,takeout-20260602T071913Z-11-026.zip,"Takeout/Drive/Pictures/2010/Blue Springs Jan, 2010 (1).JPG","C:\Users\thoma\Documents\Cyber Crimes Tools\Takeout Extracted\Takeout\Drive\Pictures\2010\Blue Springs Jan, 2010 (1).JPG",1163670,2013-02-27 13:06:36,ExtractNamedRelevant
C:\Users\thoma\Documents\Cyber Crimes Tools\Takeout Zips\takeout-20260602T071913Z-11-026.zip,takeout-20260602T071913Z-11-026.zip,Takeout/Drive/Kula Yoga/IMG_0228.JPG,C:\Users\thoma\Documents\Cyber Crimes Tools\Takeout Extracted\Takeout\Drive\Kula Yoga\IMG_0228.JPG,1364799,2016-06-28 13:09:32,ExtractNamedRelevant
C:\Users\thoma\Documents\Cyber Crimes Tools\Takeout Zips\takeout-20260602T071913Z-11-026.zip,takeout-20260602T071913Z-11-026.zip,Takeout/Drive/Unorganized/231_2074.JPG,C:\Users\thoma\Documents\Cyber Crimes Tools\Takeout Extracted\Takeout\Drive\Unorganized\231_2074.JPG,1053756,2013-03-01 01:34:00,ExtractNamedRelevant
C:\Users\thoma\Documents\Cyber Crimes Tools\Takeout Zips\takeout-20260602T071913Z-11-026.zip,takeout-20260602T071913Z-11-026.zip,Takeout/Drive/Pictures/2011/Grandpa_s visit_building train set-April 1 (16).JPG,C:\Users\thoma\Documents\Cyber Crimes Tools\Takeout Extracted\Takeout\Drive\Pictures\2011\Grandpa_s visit_building train set-April 1 (16).JPG,906547,2013-02-28 07:44:18,ExtractNamedRelevant
C:\Users\thoma\Documents\Cyber Crimes Tools\Takeout Zips\takeout-20260602T071913Z-11-026.zip,takeout-20260602T071913Z-11-026.zip,Takeout/Drive/Unorganized/IMGP0075.JPG,C:\Users\thoma\Documents\Cyber Crimes Tools\Takeout Extracted\Takeout\Drive\Unorganized\IMGP0075.JPG,1402639,2013-03-03 13:40:00,ExtractNamedRelevant
C:\Users\thoma\Documents\Cyber Crimes Tools\Takeout Zips\takeout-20260602T071913Z-11-026.zip,takeout-20260602T071913Z-11-026.zip,"Takeout/Drive/Pictures/2011/Spruce Creek Park Feb, 2011 (7).JPG","C:\Users\thoma\Documents\Cyber Crimes Tools\Takeout Extracted\Takeout\Drive\Pictures\2011\Spruce Creek Park Feb, 2011 (7).JPG",2114846,2013-02-28 11:27:18,ExtractNamedRelevant
C:\Users\thoma\Documents\Cyber Crimes Tools\Takeout Zips\takeout-20260602T071913Z-11-026.zip,takeout-20260602T071913Z-11-026.zip,Takeout/Drive/Unorganized/204_1577.JPG,C:\Users\thoma\Documents\Cyber Crimes Tools\Takeout Extracted\Takeout\Drive\Unorganized\204_1577.JPG,2150093,2013-02-28 23:39:26,ExtractNamedRelevant
C:\Users\thoma\Documents\Cyber Crimes Tools\Takeout Zips\takeout-20260602T071913Z-11-026.zip,takeout-20260602T071913Z-11-026.zip,Takeout/Drive/Unorganized/258_2482.JPG,C:\Users\thoma\Documents\Cyber Crimes Tools\Takeout Extracted\Takeout\Drive\Unorganized\258_2482.JPG,1195881,2013-03-02 23:16:50,ExtractNamedRelevant
C:\Users\thoma\Documents\Cyber Crimes Tools\Takeout Zips\takeout-20260602T071913Z-11-026.zip,takeout-20260602T071913Z-11-026.zip,Takeout/Drive/Pictures/2009/Trip To Oregon 2009/Train to Oregon Oct 2009 (10).JPG,C:\Users\thoma\Documents\Cyber Crimes Tools\Takeout Extracted\Takeout\Drive\Pictures\2009\Trip To Oregon 2009\Train to Oregon Oct 2009 (10).JPG,1951836,2013-02-27 12:34:06,ExtractNamedRelevant
C:\Users\thoma\Documents\Cyber Crimes Tools\Takeout Zips\takeout-20260602T071913Z-11-026.zip,takeout-20260602T071913Z-11-026.zip,Takeout/Drive/BWAT FAQS Dec 2017(1).docx,C:\Users\thoma\Documents\Cyber Crimes Tools\Takeout Extracted\Takeout\Drive\BWAT FAQS Dec 2017(1).docx,17277,2018-01-12 09:39:28,ExtractEvidenceType
C:\Users\thoma\Documents\Cyber Crimes Tools\Takeout Zips\takeout-20260602T071913Z-11-026.zip,takeout-20260602T071913Z-11-026.zip,Takeout/Drive/Unorganized/IMGP0085.JPG,C:\Users\thoma\Documents\Cyber Crimes Tools\Takeout Extracted\Takeout\Drive\Unorganized\IMGP0085.JPG,1328770,2013-03-03 13:41:30,ExtractNamedRelevant
C:\Users\thoma\Documents\Cyber Crimes Tools\Takeout Zips\takeout-20260602T071913Z-11-026.zip,takeout-20260602T071913Z-11-026.zip,Takeout/Drive/Pictures/2010/2010-01-02 17.02.11.jpg,C:\Users\thoma\Documents\Cyber Crimes Tools\Takeout Extracted\Takeout\Drive\Pictures\2010\2010-01-02 17.02.11.jpg,806647,2013-02-27 12:40:38,ExtractNamedRelevant
C:\Users\thoma\Documents\Cyber Crimes Tools\Takeout Zips\takeout-20260602T071913Z-11-026.zip,takeout-20260602T071913Z-11-026.zip,Takeout/Drive/Pictures/2010/Yummy Blueberry pancakes Oct 2010 (4).JPG,C:\Users\thoma\Documents\Cyber Crimes Tools\Takeout Extracted\Takeout\Drive\Pictures\2010\Yummy Blueberry pancakes Oct 2010 (4).JPG,742709,2013-02-27 17:48:50,ExtractNamedRelevant
C:\Users\thoma\Documents\Cyber Crimes Tools\Takeout Zips\takeout-20260602T071913Z-11-026.zip,takeout-20260602T071913Z-11-026.zip,Takeout/Drive/Unorganized/2010-02-21 15.46.13.jpg,C:\Users\thoma\Documents\Cyber Crimes Tools\Takeout Extracted\Takeout\Drive\Unorganized\2010-02-21 15.46.13.jpg,1166090,2013-02-28 17:17:18,ExtractNamedRelevant
C:\Users\thoma\Documents\Cyber Crimes Tools\Takeout Zips\takeout-20260602T071913Z-11-026.zip,takeout-20260602T071913Z-11-026.zip,Takeout/Drive/Unorganized/204_1579.JPG,C:\Users\thoma\Documents\Cyber Crimes Tools\Takeout Extracted\Takeout\Drive\Unorganized\204_1579.JPG,1930864,2013-02-28 23:39:32,ExtractNamedRelevant
C:\Users\thoma\Documents\Cyber Crimes Tools\Takeout Zips\takeout-20260602T071913Z-11-026.zip,takeout-20260602T071913Z-11-026.zip,Takeout/Drive/Unorganized/new pics 415.jpg,C:\Users\thoma\Documents\Cyber Crimes Tools\Takeout Extracted\Takeout\Drive\Unorganized\new pics 415.jpg,948356,2013-02-28 19:11:46,ExtractNamedRelevant
C:\Users\thoma\Documents\Cyber Crimes Tools\Takeout Zips\takeout-20260602T071913Z-11-026.zip,takeout-20260602T071913Z-11-026.zip,Takeout/Drive/Unorganized/2010-03-21 09.10.15.jpg,C:\Users\thoma\Documents\Cyber Crimes Tools\Takeout Extracted\Takeout\Drive\Unorganized\2010-03-21 09.10.15.jpg,825073,2013-02-28 17:18:58,ExtractNamedRelevant
C:\Users\thoma\Documents\Cyber Crimes Tools\Takeout Zips\takeout-20260602T071913Z-11-026.zip,takeout-20260602T071913Z-11-026.zip,Takeout/Drive/Pictures/2011/Grandpa visiting-Mar 31 (6).JPG,C:\Users\thoma\Documents\Cyber Crimes Tools\Takeout Extracted\Takeout\Drive\Pictures\2011\Grandpa visiting-Mar 31 (6).JPG,1809519,2013-02-28 06:38:24,ExtractNamedRelevant
C:\Users\thoma\Documents\Cyber Crimes Tools\Takeout Zips\takeout-20260602T071913Z-11-026.zip,takeout-20260602T071913Z-11-026.zip,Takeout/Drive/Unorganized/2010-03-20 09.52.04.jpg,C:\Users\thoma\Documents\Cyber Crimes Tools\Takeout Extracted\Takeout\Drive\Unorganized\2010-03-20 09.52.04.jpg,932934,2013-02-28 17:18:54,ExtractNamedRelevant
C:\Users\thoma\Documents\Cyber Crimes Tools\Takeout Zips\takeout-20260602T071913Z-11-026.zip,takeout-20260602T071913Z-11-026.zip,Takeout/Drive/Unorganized/Marriot World Center Orlando_Dec 2010 (59).JPG,C:\Users\thoma\Documents\Cyber Crimes Tools\Takeout Extracted\Takeout\Drive\Unorganized\Marriot World Center Orlando_Dec 2010 (59).JPG,1834673,2013-02-28 18:52:38,ExtractNamedRelevant
C:\Users\thoma\Documents\Cyber Crimes Tools\Takeout Zips\takeout-20260602T071913Z-11-026.zip,takeout-20260602T071913Z-11-026.zip,Takeout/Drive/Unorganized/204_1580.JPG,C:\Users\thoma\Documents\Cyber Crimes Tools\Takeout Extracted\Takeout\Drive\Unorganized\204_1580.JPG,1383999,2013-02-28 23:39:38,ExtractNamedRelevant
C:\Users\thoma\Documents\Cyber Crimes Tools\Takeout Zips\takeout-20260602T071913Z-11-026.zip,takeout-20260602T071913Z-11-026.zip,Takeout/Drive/Unorganized/Nov 7 2011 (7).JPG,C:\Users\thoma\Documents\Cyber Crimes Tools\Takeout Extracted\Takeout\Drive\Unorganized\Nov 7 2011 (7).JPG,1614119,2013-03-02 16:44:04,ExtractNamedRelevant
C:\Users\thoma\Documents\Cyber Crimes Tools\Takeout Zips\takeout-20260602T071913Z-11-026.zip,takeout-20260602T071913Z-11-026.zip,Takeout/Drive/Unorganized/2010-03-20 09.51.55.jpg,C:\Users\thoma\Documents\Cyber Crimes Tools\Takeout Extracted\Takeout\Drive\Unorganized\2010-03-20 09.51.55.jpg,914023,2013-02-28 17:18:48,ExtractNamedRelevant
C:\Users\thoma\Documents\Cyber Crimes Tools\Takeout Zips\takeout-20260602T071913Z-11-026.zip,takeout-20260602T071913Z-11-026.zip,Takeout/Drive/Unorganized/2010-03-20 09.45.13.jpg,C:\Users\thoma\Documents\Cyber Crimes Tools\Takeout Extracted\Takeout\Drive\Unorganized\2010-03-20 09.45.13.jpg,999283,2013-02-28 17:18:16,ExtractNamedRelevant
C:\Users\thoma\Documents\Cyber Crimes Tools\Takeout Zips\takeout-20260602T071913Z-11-026.zip,takeout-20260602T071913Z-11-026.zip,Takeout/Drive/Unorganized/Marriot World Center Orlando_Dec 2010 (60).JPG,C:\Users\thoma\Documents\Cyber Crimes Tools\Takeout Extracted\Takeout\Drive\Unorganized\Marriot World Center Orlando_Dec 2010 (60).JPG,1665651,2013-02-28 18:52:44,ExtractNamedRelevant
C:\Users\thoma\Documents\Cyber Crimes Tools\Takeout Zips\takeout-20260602T071913Z-11-026.zip,takeout-20260602T071913Z-11-026.zip,Takeout/Drive/Pictures/2011/Rosh Hashana Sep  28 2011 (3).JPG,C:\Users\thoma\Documents\Cyber Crimes Tools\Takeout Extracted\Takeout\Drive\Pictures\2011\Rosh Hashana Sep  28 2011 (3).JPG,1456745,2013-02-28 11:24:12,ExtractNamedRelevant
C:\Users\thoma\Documents\Cyber Crimes Tools\Takeout Zips\takeout-20260602T071913Z-11-026.zip,takeout-20260602T071913Z-11-026.zip,Takeout/Drive/Unorganized/Nov 7 2011 (5).JPG,C:\Users\thoma\Documents\Cyber Crimes Tools\Takeout Extracted\Takeout\Drive\Unorganized\Nov 7 2011 (5).JPG,1357240,2013-03-02 16:43:48,ExtractNamedRelevant
C:\Users\thoma\Documents\Cyber Crimes Tools\Takeout Zips\takeout-20260602T071913Z-11-026.zip,takeout-20260602T071913Z-11-026.zip,Takeout/Drive/Pictures/2010/2009-12-31 12.41.08.jpg,C:\Users\thoma\Documents\Cyber Crimes Tools\Takeout Extracted\Takeout\Drive\Pictures\2010\2009-12-31 12.41.08.jpg,1161841,2013-02-27 12:40:34,ExtractNamedRelevant
C:\Users\thoma\Documents\Cyber Crimes Tools\Takeout Zips\takeout-20260602T071913Z-11-026.zip,takeout-20260602T071913Z-11-026.zip,Takeout/Drive/Pictures/2010/Road trip to Fl with Kameron-Nov 2010 (9).JPG,C:\Users\thoma\Documents\Cyber Crimes Tools\Takeout Extracted\Takeout\Drive\Pictures\2010\Road trip to Fl with Kameron-Nov 2010 (9).JPG,1145209,2013-02-27 17:44:08,ExtractNamedRelevant
C:\Users\thoma\Documents\Cyber Crimes Tools\Takeout Zips\takeout-20260602T071913Z-11-026.zip,takeout-20260602T071913Z-11-026.zip,Takeout/Drive/Pictures/2011/204_1453.MOV,C:\Users\thoma\Documents\Cyber Crimes Tools\Takeout Extracted\Takeout\Drive\Pictures\2011\204_1453.MOV,57374082,2013-02-27 18:57:18,SkipLargeMediaEvenIfNamed
C:\Users\thoma\Documents\Cyber Crimes Tools\Takeout Zips\takeout-20260602T071913Z-11-026.zip,takeout-20260602T071913Z-11-026.zip,Takeout/Drive/Pictures/2009/July 09 037.jpg,C:\Users\thoma\Documents\Cyber Crimes Tools\Takeout Extracted\Takeout\Drive\Pictures\2009\July 09 037.jpg,851883,2013-02-27 11:09:54,ExtractNamedRelevant
C:\Users\thoma\Documents\Cyber Crimes Tools\Takeout Zips\takeout-20260602T071913Z-11-026.zip,takeout-20260602T071913Z-11-026.zip,Takeout/Drive/YouTube Video.docx,C:\Users\thoma\Documents\Cyber Crimes Tools\Takeout Extracted\Takeout\Drive\YouTube Video.docx,630070,2019-03-02 11:13:18,ExtractEvidenceType
C:\Users\thoma\Documents\Cyber Crimes Tools\Takeout Zips\takeout-20260602T071913Z-11-026.zip,takeout-20260602T071913Z-11-026.zip,"Takeout/Drive/Pictures/2010/Black Widow found in Elijah_s toys Oct, 2010 (5.JPG","C:\Users\thoma\Documents\Cyber Crimes Tools\Takeout Extracted\Takeout\Drive\Pictures\2010\Black Widow found in Elijah_s toys Oct, 2010 (5.JPG",1015048,2013-02-27 13:06:32,ExtractNamedRelevant
C:\Users\thoma\Documents\Cyber Crimes Tools\Takeout Zips\takeout-20260602T071913Z-11-026.zip,takeout-20260602T071913Z-11-026.zip,Takeout/Drive/Pictures/2011/Nov 12 2011 (20).JPG,C:\Users\thoma\Documents\Cyber Crimes Tools\Takeout Extracted\Takeout\Drive\Pictures\2011\Nov 12 2011 (20).JPG,1904657,2013-02-28 11:07:10,ExtractNamedRelevant
C:\Users\thoma\Documents\Cyber Crimes Tools\Takeout Zips\takeout-20260602T071913Z-11-026.zip,takeout-20260602T071913Z-11-026.zip,Takeout/Drive/Pictures/2011/204_1491.JPG,C:\Users\thoma\Documents\Cyber Crimes Tools\Takeout Extracted\Takeout\Drive\Pictures\2011\204_1491.JPG,1814153,2013-02-27 19:05:02,ExtractNamedRelevant
C:\Users\thoma\Documents\Cyber Crimes Tools\Takeout Zips\takeout-20260602T071913Z-11-026.zip,takeout-20260602T071913Z-11-026.zip,Takeout/Drive/Pictures/2011/Nov 8 2011 (6).JPG,C:\Users\thoma\Documents\Cyber Crimes Tools\Takeout Extracted\Takeout\Drive\Pictures\2011\Nov 8 2011 (6).JPG,1557776,2013-02-28 11:20:02,ExtractNamedRelevant
C:\Users\thoma\Documents\Cyber Crimes Tools\Takeout Zips\takeout-20260602T071913Z-11-026.zip,takeout-20260602T071913Z-11-026.zip,"Takeout/Drive/Pictures/2010/Black Widow found in Elijah_s toys Oct, 2010 (3.JPG","C:\Users\thoma\Documents\Cyber Crimes Tools\Takeout Extracted\Takeout\Drive\Pictures\2010\Black Widow found in Elijah_s toys Oct, 2010 (3.JPG",783157,2013-02-27 13:06:22,ExtractNamedRelevant
C:\Users\thoma\Documents\Cyber Crimes Tools\Takeout Zips\takeout-20260602T071913Z-11-026.zip,takeout-20260602T071913Z-11-026.zip,Takeout/Drive/Unorganized/Nov 7 2011 (6).JPG,C:\Users\thoma\Documents\Cyber Crimes Tools\Takeout Extracted\Takeout\Drive\Unorganized\Nov 7 2011 (6).JPG,625776,2013-03-02 16:43:52,ExtractNamedRelevant
C:\Users\thoma\Documents\Cyber Crimes Tools\Takeout Zips\takeout-20260602T071913Z-11-026.zip,takeout-20260602T071913Z-11-026.zip,Takeout/Drive/Pictures/2010/new pics 097.jpg,C:\Users\thoma\Documents\Cyber Crimes Tools\Takeout Extracted\Takeout\Drive\Pictures\2010\new pics 097.jpg,1061386,2013-02-27 14:34:46,ExtractNamedRelevant
C:\Users\thoma\Documents\Cyber Crimes Tools\Takeout Zips\takeout-20260602T071913Z-11-026.zip,takeout-20260602T071913Z-11-026.zip,"Takeout/Drive/Pictures/2011/Spruce Creek Park Feb, 2011 (32).JPG","C:\Users\thoma\Documents\Cyber Crimes Tools\Takeout Extracted\Takeout\Drive\Pictures\2011\Spruce Creek Park Feb, 2011 (32).JPG",865706,2013-02-28 11:27:04,ExtractNamedRelevant
C:\Users\thoma\Documents\Cyber Crimes Tools\Takeout Zips\takeout-20260602T071913Z-11-026.zip,takeout-20260602T071913Z-11-026.zip,Takeout/Drive/Unorganized/IMGP0074.JPG,C:\Users\thoma\Documents\Cyber Crimes Tools\Takeout Extracted\Takeout\Drive\Unorganized\IMGP0074.JPG,1392325,2013-03-03 13:39:50,ExtractNamedRelevant
C:\Users\thoma\Documents\Cyber Crimes Tools\Takeout Zips\takeout-20260602T071913Z-11-026.zip,takeout-20260602T071913Z-11-026.zip,Takeout/Drive/Pictures/2009/2009 157.jpg,C:\Users\thoma\Documents\Cyber Crimes Tools\Takeout Extracted\Takeout\Drive\Pictures\2009\2009 157.jpg,838859,2013-02-27 11:08:44,ExtractNamedRelevant
C:\Users\thoma\Documents\Cyber Crimes Tools\Takeout Zips\takeout-20260602T071913Z-11-026.zip,takeout-20260602T071913Z-11-026.zip,Takeout/Drive/Pictures/2011/238_2260.MOV,C:\Users\thoma\Documents\Cyber Crimes Tools\Takeout Extracted\Takeout\Drive\Pictures\2011\238_2260.MOV,1644913,2013-02-27 21:36:24,ExtractNamedRelevant
C:\Users\thoma\Documents\Cyber Crimes Tools\Takeout Zips\takeout-20260602T071913Z-11-026.zip,takeout-20260602T071913Z-11-026.zip,Takeout/Drive/Kula Yoga/IMG_0227.JPG,C:\Users\thoma\Documents\Cyber Crimes Tools\Takeout Extracted\Takeout\Drive\Kula Yoga\IMG_0227.JPG,1176746,2016-06-28 13:09:18,ExtractNamedRelevant
C:\Users\thoma\Documents\Cyber Crimes Tools\Takeout Zips\takeout-20260602T071913Z-11-026.zip,takeout-20260602T071913Z-11-026.zip,"Takeout/Drive/Pictures/2010/Black Widow found in Elijah_s toys Oct, 2010 (4.JPG","C:\Users\thoma\Documents\Cyber Crimes Tools\Takeout Extracted\Takeout\Drive\Pictures\2010\Black Widow found in Elijah_s toys Oct, 2010 (4.JPG",877065,2013-02-27 13:06:26,ExtractNamedRelevant
C:\Users\thoma\Documents\Cyber Crimes Tools\Takeout Zips\takeout-20260602T071913Z-11-026.zip,takeout-20260602T071913Z-11-026.zip,Takeout/Drive/Pictures/2010/Yummy Blueberry pancakes Oct 2010 (3).JPG,C:\Users\thoma\Documents\Cyber Crimes Tools\Takeout Extracted\Takeout\Drive\Pictures\2010\Yummy Blueberry pancakes Oct 2010 (3).JPG,719591,2013-02-27 17:48:48,ExtractNamedRelevant
C:\Users\thoma\Documents\Cyber Crimes Tools\Takeout Zips\takeout-20260602T071913Z-11-026.zip,takeout-20260602T071913Z-11-026.zip,Takeout/Drive/Unorganized/Nov 7 2011 (4).JPG,C:\Users\thoma\Documents\Cyber Crimes Tools\Takeout Extracted\Takeout\Drive\Unorganized\Nov 7 2011 (4).JPG,2601945,2013-03-02 16:43:38,ExtractNamedRelevant
C:\Users\thoma\Documents\Cyber Crimes Tools\Takeout Zips\takeout-20260602T071913Z-11-026.zip,takeout-20260602T071913Z-11-026.zip,"Takeout/Drive/HELO FARMACEUTICAL, LLC - PHASE ONE BUDGET.xlsx","C:\Users\thoma\Documents\Cyber Crimes Tools\Takeout Extracted\Takeout\Drive\HELO FARMACEUTICAL, LLC - PHASE ONE BUDGET.xlsx",232292,2019-03-02 01:14:24,ExtractEvidenceType
C:\Users\thoma\Documents\Cyber Crimes Tools\Takeout Zips\takeout-20260602T071913Z-11-026.zip,takeout-20260602T071913Z-11-026.zip,Takeout/Drive/Unorganized/Marriot World Center Orlando_Dec 2010 (58).JPG,C:\Users\thoma\Documents\Cyber Crimes Tools\Takeout Extracted\Takeout\Drive\Unorganized\Marriot World Center Orlando_Dec 2010 (58).JPG,1623785,2013-02-28 18:52:28,ExtractNamedRelevant
C:\Users\thoma\Documents\Cyber Crimes Tools\Takeout Zips\takeout-20260602T071913Z-11-026.zip,takeout-20260602T071913Z-11-026.zip,Takeout/Drive/Unorganized/Nov 12 2011 (8).JPG,C:\Users\thoma\Documents\Cyber Crimes Tools\Takeout Extracted\Takeout\Drive\Unorganized\Nov 12 2011 (8).JPG,2338192,2013-03-02 16:42:28,ExtractNamedRelevant
C:\Users\thoma\Documents\Cyber Crimes Tools\Takeout Zips\takeout-20260602T071913Z-11-026.zip,takeout-20260602T071913Z-11-026.zip,Takeout/Drive/Pictures/2011/204_1489.JPG,C:\Users\thoma\Documents\Cyber Crimes Tools\Takeout Extracted\Takeout\Drive\Pictures\2011\204_1489.JPG,1691716,2013-02-27 19:04:52,ExtractNamedRelevant
C:\Users\thoma\Documents\Cyber Crimes Tools\Takeout Zips\takeout-20260602T071913Z-11-026.zip,takeout-20260602T071913Z-11-026.zip,Takeout/Drive/Pictures/2010/new pics 426.jpg,C:\Users\thoma\Documents\Cyber Crimes Tools\Takeout Extracted\Takeout\Drive\Pictures\2010\new pics 426.jpg,707416,2013-02-27 14:43:52,ExtractNamedRelevant
C:\Users\thoma\Documents\Cyber Crimes Tools\Takeout Zips\takeout-20260602T071913Z-11-026.zip,takeout-20260602T071913Z-11-026.zip,Takeout/Drive/Pictures/2011/204_1486.JPG,C:\Users\thoma\Documents\Cyber Crimes Tools\Takeout Extracted\Takeout\Drive\Pictures\2011\204_1486.JPG,1125258,2013-02-27 19:04:34,ExtractNamedRelevant
C:\Users\thoma\Documents\Cyber Crimes Tools\Takeout Zips\takeout-20260602T071913Z-11-026.zip,takeout-20260602T071913Z-11-026.zip,Takeout/Drive/Pictures/2009/2009 167.jpg,C:\Users\thoma\Documents\Cyber Crimes Tools\Takeout Extracted\Takeout\Drive\Pictures\2009\2009 167.jpg,429010,2013-02-27 11:08:48,ExtractNamedRelevant
C:\Users\thoma\Documents\Cyber Crimes Tools\Takeout Zips\takeout-20260602T071913Z-11-026.zip,takeout-20260602T071913Z-11-026.zip,Takeout/Drive/Unorganized/Nov 7 2011 (2).JPG,C:\Users\thoma\Documents\Cyber Crimes Tools\Takeout Extracted\Takeout\Drive\Unorganized\Nov 7 2011 (2).JPG,2674341,2013-03-02 16:43:08,ExtractNamedRelevant
C:\Users\thoma\Documents\Cyber Crimes Tools\Takeout Zips\takeout-20260602T071913Z-11-026.zip,takeout-20260602T071913Z-11-026.zip,Takeout/Drive/Unorganized/276_2526.JPG,C:\Users\thoma\Documents\Cyber Crimes Tools\Takeout Extracted\Takeout\Drive\Unorganized\276_2526.JPG,1451795,2013-03-03 11:54:42,ExtractNamedRelevant
C:\Users\thoma\Documents\Cyber Crimes Tools\Takeout Zips\takeout-20260602T071913Z-11-026.zip,takeout-20260602T071913Z-11-026.zip,Takeout/Drive/Unorganized/258_2479.JPG,C:\Users\thoma\Documents\Cyber Crimes Tools\Takeout Extracted\Takeout\Drive\Unorganized\258_2479.JPG,1383503,2013-03-02 23:16:24,ExtractNamedRelevant
C:\Users\thoma\Documents\Cyber Crimes Tools\Takeout Zips\takeout-20260602T071913Z-11-026.zip,takeout-20260602T071913Z-11-026.zip,Takeout/Drive/Hurd Family Legal/960.rtf,C:\Users\thoma\Documents\Cyber Crimes Tools\Takeout Extracted\Takeout\Drive\Hurd Family Legal\960.rtf,148457,2023-03-01 06:28:34,ExtractNamedRelevant
C:\Users\thoma\Documents\Cyber Crimes Tools\Takeout Zips\takeout-20260602T071913Z-11-026.zip,takeout-20260602T071913Z-11-026.zip,Takeout/Drive/Unorganized/204_1574.JPG,C:\Users\thoma\Documents\Cyber Crimes Tools\Takeout Extracted\Takeout\Drive\Unorganized\204_1574.JPG,2037218,2013-02-28 23:39:04,ExtractNamedRelevant
C:\Users\thoma\Documents\Cyber Crimes Tools\Takeout Zips\takeout-20260602T071913Z-11-026.zip,takeout-20260602T071913Z-11-026.zip,Takeout/Drive/Pictures/2011/238_2269.JPG,C:\Users\thoma\Documents\Cyber Crimes Tools\Takeout Extracted\Takeout\Drive\Pictures\2011\238_2269.JPG,255464,2013-02-27 21:36:30,ExtractNamedRelevant
C:\Users\thoma\Documents\Cyber Crimes Tools\Takeout Zips\takeout-20260602T071913Z-11-026.zip,takeout-20260602T071913Z-11-026.zip,Takeout/Drive/Pictures/2009/Trip To Oregon 2009/Train to Oregon Oct 2009 (1).JPG,C:\Users\thoma\Documents\Cyber Crimes Tools\Takeout Extracted\Takeout\Drive\Pictures\2009\Trip To Oregon 2009\Train to Oregon Oct 2009 (1).JPG,1969763,2013-02-27 12:34:00,ExtractNamedRelevant
C:\Users\thoma\Documents\Cyber Crimes Tools\Takeout Zips\takeout-20260602T071913Z-11-026.zip,takeout-20260602T071913Z-11-026.zip,"Takeout/Drive/Pictures/2010/Black Widow found in Elijah_s toys Oct, 2010 (1.JPG","C:\Users\thoma\Documents\Cyber Crimes Tools\Takeout Extracted\Takeout\Drive\Pictures\2010\Black Widow found in Elijah_s toys Oct, 2010 (1.JPG",1261350,2013-02-27 13:06:20,ExtractNamedRelevant
C:\Users\thoma\Documents\Cyber Crimes Tools\Takeout Zips\takeout-20260602T071913Z-11-026.zip,takeout-20260602T071913Z-11-026.zip,Takeout/Drive/Unorganized/2010-03-20 09.51.16.jpg,C:\Users\thoma\Documents\Cyber Crimes Tools\Takeout Extracted\Takeout\Drive\Unorganized\2010-03-20 09.51.16.jpg,931605,2013-02-28 17:18:38,ExtractNamedRelevant
C:\Users\thoma\Documents\Cyber Crimes Tools\Takeout Zips\takeout-20260602T071913Z-11-026.zip,takeout-20260602T071913Z-11-026.zip,Takeout/Drive/Unorganized/October 2010 (2).JPG,C:\Users\thoma\Documents\Cyber Crimes Tools\Takeout Extracted\Takeout\Drive\Unorganized\October 2010 (2).JPG,818435,2013-02-28 21:16:56,ExtractNamedRelevant
C:\Users\thoma\Documents\Cyber Crimes Tools\Takeout Zips\takeout-20260602T071913Z-11-026.zip,takeout-20260602T071913Z-11-026.zip,Takeout/Drive/Pictures/2011/DSC01873.JPG,C:\Users\thoma\Documents\Cyber Crimes Tools\Takeout Extracted\Takeout\Drive\Pictures\2011\DSC01873.JPG,2672688,2013-02-28 02:52:54,ExtractNamedRelevant
C:\Users\thoma\Documents\Cyber Crimes Tools\Takeout Zips\takeout-20260602T071913Z-11-026.zip,takeout-20260602T071913Z-11-026.zip,Takeout/Drive/Unorganized/2010-03-20 09.51.17.jpg,C:\Users\thoma\Documents\Cyber Crimes Tools\Takeout Extracted\Takeout\Drive\Unorganized\2010-03-20 09.51.17.jpg,969794,2013-02-28 17:18:44,ExtractNamedRelevant
C:\Users\thoma\Documents\Cyber Crimes Tools\Takeout Zips\takeout-20260602T071913Z-11-026.zip,takeout-20260602T071913Z-11-026.zip,Takeout/Drive/Unorganized/At the Zoo-Jan 2011 (9).JPG,C:\Users\thoma\Documents\Cyber Crimes Tools\Takeout Extracted\Takeout\Drive\Unorganized\At the Zoo-Jan 2011 (9).JPG,946761,2013-03-01 02:41:24,ExtractNamedRelevant
C:\Users\thoma\Documents\Cyber Crimes Tools\Takeout Zips\takeout-20260602T071913Z-11-026.zip,takeout-20260602T071913Z-11-026.zip,Takeout/Drive/Unorganized/new pics 422.jpg,C:\Users\thoma\Documents\Cyber Crimes Tools\Takeout Extracted\Takeout\Drive\Unorganized\new pics 422.jpg,706561,2013-02-28 19:12:02,ExtractNamedRelevant
C:\Users\thoma\Documents\Cyber Crimes Tools\Takeout Zips\takeout-20260602T071913Z-11-026.zip,takeout-20260602T071913Z-11-026.zip,Takeout/Drive/Pictures/2009/Trip To Oregon 2009/Oregon Trip Oct 2009 (38).JPG,C:\Users\thoma\Documents\Cyber Crimes Tools\Takeout Extracted\Takeout\Drive\Pictures\2009\Trip To Oregon 2009\Oregon Trip Oct 2009 (38).JPG,2124006,2013-02-27 12:18:30,ExtractNamedRelevant
C:\Users\thoma\Documents\Cyber Crimes Tools\Takeout Zips\takeout-20260602T071913Z-11-026.zip,takeout-20260602T071913Z-11-026.zip,Takeout/Drive/Unorganized/204_1575.JPG,C:\Users\thoma\Documents\Cyber Crimes Tools\Takeout Extracted\Takeout\Drive\Unorganized\204_1575.JPG,1397916,2013-02-28 23:39:10,ExtractNamedRelevant
C:\Users\thoma\Documents\Cyber Crimes Tools\Takeout Zips\takeout-20260602T071913Z-11-026.zip,takeout-20260602T071913Z-11-026.zip,Takeout/Drive/Unorganized/October 2010 (19).JPG,C:\Users\thoma\Documents\Cyber Crimes Tools\Takeout Extracted\Takeout\Drive\Unorganized\October 2010 (19).JPG,818124,2013-02-28 21:16:52,ExtractNamedRelevant
C:\Users\thoma\Documents\Cyber Crimes Tools\Takeout Zips\takeout-20260602T071913Z-11-026.zip,takeout-20260602T071913Z-11-026.zip,Takeout/Drive/Unorganized/2010-02-12 13.44.31.jpg,C:\Users\thoma\Documents\Cyber Crimes Tools\Takeout Extracted\Takeout\Drive\Unorganized\2010-02-12 13.44.31.jpg,1535405,2013-02-28 17:16:42,ExtractNamedRelevant
C:\Users\thoma\Documents\Cyber Crimes Tools\Takeout Zips\takeout-20260602T071913Z-11-026.zip,takeout-20260602T071913Z-11-026.zip,Takeout/Drive/Unorganized/new pics 408.jpg,C:\Users\thoma\Documents\Cyber Crimes Tools\Takeout Extracted\Takeout\Drive\Unorganized\new pics 408.jpg,838387,2013-02-28 19:11:42,ExtractNamedRelevant
C:\Users\thoma\Documents\Cyber Crimes Tools\Takeout Zips\takeout-20260602T071913Z-11-026.zip,takeout-20260602T071913Z-11-026.zip,Takeout/Drive/Pictures/2010/2009-12-27 09.31.10.jpg,C:\Users\thoma\Documents\Cyber Crimes Tools\Takeout Extracted\Takeout\Drive\Pictures\2010\2009-12-27 09.31.10.jpg,942509,2013-02-27 12:40:30,ExtractNamedRelevant
C:\Users\thoma\Documents\Cyber Crimes Tools\Takeout Zips\takeout-20260602T071913Z-11-026.zip,takeout-20260602T071913Z-11-026.zip,Takeout/Drive/Pictures/2011/238_2264.JPG,C:\Users\thoma\Documents\Cyber Crimes Tools\Takeout Extracted\Takeout\Drive\Pictures\2011\238_2264.JPG,932556,2013-02-27 21:36:28,ExtractNamedRelevant
C:\Users\thoma\Documents\Cyber Crimes Tools\Takeout Zips\takeout-20260602T071913Z-11-026.zip,takeout-20260602T071913Z-11-026.zip,Takeout/Drive/Unorganized/At the Zoo-Jan 2011 (9).MOV,C:\Users\thoma\Documents\Cyber Crimes Tools\Takeout Extracted\Takeout\Drive\Unorganized\At the Zoo-Jan 2011 (9).MOV,74375623,2013-03-01 02:44:58,SkipLargeMediaEvenIfNamed
C:\Users\thoma\Documents\Cyber Crimes Tools\Takeout Zips\takeout-20260602T071913Z-11-026.zip,takeout-20260602T071913Z-11-026.zip,Takeout/Drive/Pictures/2011/Grandpa visiting-Mar 31 (4).JPG,C:\Users\thoma\Documents\Cyber Crimes Tools\Takeout Extracted\Takeout\Drive\Pictures\2011\Grandpa visiting-Mar 31 (4).JPG,1598686,2013-02-28 06:29:26,ExtractNamedRelevant
C:\Users\thoma\Documents\Cyber Crimes Tools\Takeout Zips\takeout-20260602T071913Z-11-026.zip,takeout-20260602T071913Z-11-026.zip,Takeout/Drive/VideoMakerFXProThemesSetup1.1(1).exe,C:\Users\thoma\Documents\Cyber Crimes Tools\Takeout Extracted\Takeout\Drive\VideoMakerFXProThemesSetup1.1(1).exe,23317096,2014-07-09 10:48:04,ExtractNamedRelevant
C:\Users\thoma\Documents\Cyber Crimes Tools\Takeout Zips\takeout-20260602T071913Z-11-026.zip,takeout-20260602T071913Z-11-026.zip,Takeout/Drive/Unorganized/Nov 7 2011 (3).JPG,C:\Users\thoma\Documents\Cyber Crimes Tools\Takeout Extracted\Takeout\Drive\Unorganized\Nov 7 2011 (3).JPG,2522161,2013-03-02 16:43:22,ExtractNamedRelevant
C:\Users\thoma\Documents\Cyber Crimes Tools\Takeout Zips\takeout-20260602T071913Z-11-026.zip,takeout-20260602T071913Z-11-026.zip,Takeout/Drive/Unorganized/258_2481.JPG,C:\Users\thoma\Documents\Cyber Crimes Tools\Takeout Extracted\Takeout\Drive\Unorganized\258_2481.JPG,1186916,2013-03-02 23:16:42,ExtractNamedRelevant
C:\Users\thoma\Documents\Cyber Crimes Tools\Takeout Zips\takeout-20260602T071913Z-11-026.zip,takeout-20260602T071913Z-11-026.zip,Takeout/Drive/Hurd Family Legal/July 11 Trial/DrGondorOriginal20210506.mp4,C:\Users\thoma\Documents\Cyber Crimes Tools\Takeout Extracted\Takeout\Drive\Hurd Family Legal\July 11 Trial\DrGondorOriginal20210506.mp4,125018991,2023-07-10 21:31:32,SkipLargeMediaEvenIfNamed
C:\Users\thoma\Documents\Cyber Crimes Tools\Takeout Zips\takeout-20260602T071913Z-11-026.zip,takeout-20260602T071913Z-11-026.zip,Takeout/Drive/Unorganized/231_2070.JPG,C:\Users\thoma\Documents\Cyber Crimes Tools\Takeout Extracted\Takeout\Drive\Unorganized\231_2070.JPG,1279733,2013-03-01 01:33:52,ExtractNamedRelevant
C:\Users\thoma\Documents\Cyber Crimes Tools\Takeout Zips\takeout-20260602T071913Z-11-026.zip,takeout-20260602T071913Z-11-026.zip,Takeout/Drive/Unorganized/Marriot World Center Orlando_Dec 2010 (57).JPG,C:\Users\thoma\Documents\Cyber Crimes Tools\Takeout Extracted\Takeout\Drive\Unorganized\Marriot World Center Orlando_Dec 2010 (57).JPG,1722092,2013-02-28 18:52:22,ExtractNamedRelevant
C:\Users\thoma\Documents\Cyber Crimes Tools\Takeout Zips\takeout-20260602T071913Z-11-026.zip,takeout-20260602T071913Z-11-026.zip,Takeout/Drive/Unorganized/258_2480.JPG,C:\Users\thoma\Documents\Cyber Crimes Tools\Takeout Extracted\Takeout\Drive\Unorganized\258_2480.JPG,1253435,2013-03-02 23:16:34,ExtractNamedRelevant
C:\Users\thoma\Documents\Cyber Crimes Tools\Takeout Zips\takeout-20260602T071913Z-11-026.zip,takeout-20260602T071913Z-11-026.zip,Takeout/Drive/Pictures/2011/Nov 8 2011 (5).JPG,C:\Users\thoma\Documents\Cyber Crimes Tools\Takeout Extracted\Takeout\Drive\Pictures\2011\Nov 8 2011 (5).JPG,2095851,2013-02-28 11:19:50,ExtractNamedRelevant
C:\Users\thoma\Documents\Cyber Crimes Tools\Takeout Zips\takeout-20260602T071913Z-11-026.zip,takeout-20260602T071913Z-11-026.zip,Takeout/Drive/Unorganized/231_2072.JPG,C:\Users\thoma\Documents\Cyber Crimes Tools\Takeout Extracted\Takeout\Drive\Unorganized\231_2072.JPG,1018153,2013-03-01 01:33:56,ExtractNamedRelevant
C:\Users\thoma\Documents\Cyber Crimes Tools\Takeout Zips\takeout-20260602T071913Z-11-026.zip,takeout-20260602T071913Z-11-026.zip,Takeout/Drive/Unorganized/new pics 420.jpg,C:\Users\thoma\Documents\Cyber Crimes Tools\Takeout Extracted\Takeout\Drive\Unorganized\new pics 420.jpg,705023,2013-02-28 19:11:58,ExtractNamedRelevant
C:\Users\thoma\Documents\Cyber Crimes Tools\Takeout Zips\takeout-20260602T071913Z-11-026.zip,takeout-20260602T071913Z-11-026.zip,Takeout/Drive/Unorganized/DSC01981.JPG,C:\Users\thoma\Documents\Cyber Crimes Tools\Takeout Extracted\Takeout\Drive\Unorganized\DSC01981.JPG,2862479,2013-03-01 06:59:22,ExtractNamedRelevant
C:\Users\thoma\Documents\Cyber Crimes Tools\Takeout Zips\takeout-20260602T071913Z-11-026.zip,takeout-20260602T071913Z-11-026.zip,Takeout/Drive/Pictures/2010/October 2010 (13).JPG,C:\Users\thoma\Documents\Cyber Crimes Tools\Takeout Extracted\Takeout\Drive\Pictures\2010\October 2010 (13).JPG,903306,2013-02-27 16:53:04,ExtractNamedRelevant
C:\Users\thoma\Documents\Cyber Crimes Tools\Takeout Zips\takeout-20260602T071913Z-11-026.zip,takeout-20260602T071913Z-11-026.zip,Takeout/Drive/Pictures/2011/204_1488.JPG,C:\Users\thoma\Documents\Cyber Crimes Tools\Takeout Extracted\Takeout\Drive\Pictures\2011\204_1488.JPG,1691735,2013-02-27 19:04:44,ExtractNamedRelevant
C:\Users\thoma\Documents\Cyber Crimes Tools\Takeout Zips\takeout-20260602T071913Z-11-026.zip,takeout-20260602T071913Z-11-026.zip,Takeout/Drive/Pictures/2011/Picking up remains in Orlando (9).JPG,C:\Users\thoma\Documents\Cyber Crimes Tools\Takeout Extracted\Takeout\Drive\Pictures\2011\Picking up remains in Orlando (9).JPG,1229789,2013-02-28 11:23:40,ExtractNamedRelevant
C:\Users\thoma\Documents\Cyber Crimes Tools\Takeout Zips\takeout-20260602T071913Z-11-026.zip,takeout-20260602T071913Z-11-026.zip,Takeout/Drive/Pictures/2010/Elijah at 17 months (37).JPG,C:\Users\thoma\Documents\Cyber Crimes Tools\Takeout Extracted\Takeout\Drive\Pictures\2010\Elijah at 17 months (37).JPG,1552924,2013-02-27 13:36:30,ExtractNamedRelevant
C:\Users\thoma\Documents\Cyber Crimes Tools\Takeout Zips\takeout-20260602T071913Z-11-026.zip,takeout-20260602T071913Z-11-026.zip,Takeout/Drive/Pictures/2009/day trip to the train station 2009 (2).jpg,C:\Users\thoma\Documents\Cyber Crimes Tools\Takeout Extracted\Takeout\Drive\Pictures\2009\day trip to the train station 2009 (2).jpg,878204,2013-02-27 11:09:46,ExtractNamedRelevant
C:\Users\thoma\Documents\Cyber Crimes Tools\Takeout Zips\takeout-20260602T071913Z-11-026.zip,takeout-20260602T071913Z-11-026.zip,Takeout/Drive/Unorganized/Marriot World Center Orlando_Dec 2010 (55).JPG,C:\Users\thoma\Documents\Cyber Crimes Tools\Takeout Extracted\Takeout\Drive\Unorganized\Marriot World Center Orlando_Dec 2010 (55).JPG,1460601,2013-02-28 18:52:08,ExtractNamedRelevant
C:\Users\thoma\Documents\Cyber Crimes Tools\Takeout Zips\takeout-20260602T071913Z-11-026.zip,takeout-20260602T071913Z-11-026.zip,Takeout/Drive/Dev/fc7c7cc367c2fc8060e4fb825922f881-invoice-templ.docx,C:\Users\thoma\Documents\Cyber Crimes Tools\Takeout Extracted\Takeout\Drive\Dev\fc7c7cc367c2fc8060e4fb825922f881-invoice-templ.docx,322577,2020-03-08 11:48:32,ExtractEvidenceType
C:\Users\thoma\Documents\Cyber Crimes Tools\Takeout Zips\takeout-20260602T071913Z-11-026.zip,takeout-20260602T071913Z-11-026.zip,Takeout/Drive/Pictures/2011/Grandpa visiting-Mar 31 (5).MOV,C:\Users\thoma\Documents\Cyber Crimes Tools\Takeout Extracted\Takeout\Drive\Pictures\2011\Grandpa visiting-Mar 31 (5).MOV,49258658,2013-02-28 06:38:14,SkipLargeMediaEvenIfNamed
C:\Users\thoma\Documents\Cyber Crimes Tools\Takeout Zips\takeout-20260602T071913Z-11-026.zip,takeout-20260602T071913Z-11-026.zip,Takeout/Drive/Pictures/2011/Rosh Hashana Sep  28 2011 (1).JPG,C:\Users\thoma\Documents\Cyber Crimes Tools\Takeout Extracted\Takeout\Drive\Pictures\2011\Rosh Hashana Sep  28 2011 (1).JPG,1527389,2013-02-28 11:23:52,ExtractNamedRelevant
C:\Users\thoma\Documents\Cyber Crimes Tools\Takeout Zips\takeout-20260602T071913Z-11-026.zip,takeout-20260602T071913Z-11-026.zip,Takeout/Drive/Pictures/2010/Road trip to Fl with Kameron-Nov 2010 (8).JPG,C:\Users\thoma\Documents\Cyber Crimes Tools\Takeout Extracted\Takeout\Drive\Pictures\2010\Road trip to Fl with Kameron-Nov 2010 (8).JPG,1628448,2013-02-27 17:44:02,ExtractNamedRelevant
C:\Users\thoma\Documents\Cyber Crimes Tools\Takeout Zips\takeout-20260602T071913Z-11-026.zip,takeout-20260602T071913Z-11-026.zip,Takeout/Drive/Unorganized/Nov 12 2011 (9).JPG,C:\Users\thoma\Documents\Cyber Crimes Tools\Takeout Extracted\Takeout\Drive\Unorganized\Nov 12 2011 (9).JPG,1596262,2013-03-02 16:42:38,ExtractNamedRelevant
C:\Users\thoma\Documents\Cyber Crimes Tools\Takeout Zips\takeout-20260602T071913Z-11-026.zip,takeout-20260602T071913Z-11-026.zip,Takeout/Drive/Pictures/2011/Grandpa visiting-Mar 31 (4).MOV,C:\Users\thoma\Documents\Cyber Crimes Tools\Takeout Extracted\Takeout\Drive\Pictures\2011\Grandpa visiting-Mar 31 (4).MOV,84095055,2013-02-28 06:34:42,SkipLargeMediaEvenIfNamed
C:\Users\thoma\Documents\Cyber Crimes Tools\Takeout Zips\takeout-20260602T071913Z-11-026.zip,takeout-20260602T071913Z-11-026.zip,Takeout/Drive/Pictures/2009/2009 195.jpg,C:\Users\thoma\Documents\Cyber Crimes Tools\Takeout Extracted\Takeout\Drive\Pictures\2009\2009 195.jpg,951840,2013-02-27 11:09:32,ExtractNamedRelevant
C:\Users\thoma\Documents\Cyber Crimes Tools\Takeout Zips\takeout-20260602T071913Z-11-026.zip,takeout-20260602T071913Z-11-026.zip,Takeout/Drive/Pictures/2011/238_2254.JPG,C:\Users\thoma\Documents\Cyber Crimes Tools\Takeout Extracted\Takeout\Drive\Pictures\2011\238_2254.JPG,918092,2013-02-27 21:36:18,ExtractNamedRelevant
C:\Users\thoma\Documents\Cyber Crimes Tools\Takeout Zips\takeout-20260602T071913Z-11-026.zip,takeout-20260602T071913Z-11-026.zip,Takeout/Drive/Unorganized/258_2478.JPG,C:\Users\thoma\Documents\Cyber Crimes Tools\Takeout Extracted\Takeout\Drive\Unorganized\258_2478.JPG,1236720,2013-03-02 23:16:16,ExtractNamedRelevant
C:\Users\thoma\Documents\Cyber Crimes Tools\Takeout Zips\takeout-20260602T071913Z-11-026.zip,takeout-20260602T071913Z-11-026.zip,Takeout/Drive/Pictures/2011/204_1485.JPG,C:\Users\thoma\Documents\Cyber Crimes Tools\Takeout Extracted\Takeout\Drive\Pictures\2011\204_1485.JPG,1017214,2013-02-27 19:04:28,ExtractNamedRelevant
C:\Users\thoma\Documents\Cyber Crimes Tools\Takeout Zips\takeout-20260602T071913Z-11-026.zip,takeout-20260602T071913Z-11-026.zip,Takeout/Drive/Pictures/2010/2009-12-27 09.28.10.jpg,C:\Users\thoma\Documents\Cyber Crimes Tools\Takeout Extracted\Takeout\Drive\Pictures\2010\2009-12-27 09.28.10.jpg,1068091,2013-02-27 12:40:26,ExtractNamedRelevant
C:\Users\thoma\Documents\Cyber Crimes Tools\Takeout Zips\takeout-20260602T071913Z-11-026.zip,takeout-20260602T071913Z-11-026.zip,Takeout/Drive/Unorganized/Nov 12 2011 (57).JPG,C:\Users\thoma\Documents\Cyber Crimes Tools\Takeout Extracted\Takeout\Drive\Unorganized\Nov 12 2011 (57).JPG,1578569,2013-03-02 16:42:04,ExtractNamedRelevant
C:\Users\thoma\Documents\Cyber Crimes Tools\Takeout Zips\takeout-20260602T071913Z-11-026.zip,takeout-20260602T071913Z-11-026.zip,Takeout/Drive/Pictures/2011/Picking up remains in Orlando (8).JPG,C:\Users\thoma\Documents\Cyber Crimes Tools\Takeout Extracted\Takeout\Drive\Pictures\2011\Picking up remains in Orlando (8).JPG,1201130,2013-02-28 11:23:32,ExtractNamedRelevant
C:\Users\thoma\Documents\Cyber Crimes Tools\Takeout Zips\takeout-20260602T071913Z-11-026.zip,takeout-20260602T071913Z-11-026.zip,Takeout/Drive/Pictures/2009/Trip To Oregon 2009/Oregon Trip Oct 2009 (3).MOV,C:\Users\thoma\Documents\Cyber Crimes Tools\Takeout Extracted\Takeout\Drive\Pictures\2009\Trip To Oregon 2009\Oregon Trip Oct 2009 (3).MOV,122559903,2013-02-27 12:17:18,SkipLargeMediaEvenIfNamed
C:\Users\thoma\Documents\Cyber Crimes Tools\Takeout Zips\takeout-20260602T071913Z-11-026.zip,takeout-20260602T071913Z-11-026.zip,Takeout/Drive/Pictures/2011/Grandpa visiting-Mar 31 (3).MOV,C:\Users\thoma\Documents\Cyber Crimes Tools\Takeout Extracted\Takeout\Drive\Pictures\2011\Grandpa visiting-Mar 31 (3).MOV,164775677,2013-02-28 06:29:18,SkipLargeMediaEvenIfNamed
C:\Users\thoma\Documents\Cyber Crimes Tools\Takeout Zips\takeout-20260602T071913Z-11-026.zip,takeout-20260602T071913Z-11-026.zip,Takeout/Drive/Unorganized/new pics 191.jpg,C:\Users\thoma\Documents\Cyber Crimes Tools\Takeout Extracted\Takeout\Drive\Unorganized\new pics 191.jpg,697947,2013-03-03 09:28:16,ExtractNamedRelevant
C:\Users\thoma\Documents\Cyber Crimes Tools\Takeout Zips\takeout-20260602T071913Z-11-026.zip,takeout-20260602T071913Z-11-026.zip,Takeout/Drive/Unorganized/2010-04-13 14.28.55.jpg,C:\Users\thoma\Documents\Cyber Crimes Tools\Takeout Extracted\Takeout\Drive\Unorganized\2010-04-13 14.28.55.jpg,2045646,2013-02-28 17:24:20,ExtractNamedRelevant
C:\Users\thoma\Documents\Cyber Crimes Tools\Takeout Zips\takeout-20260602T071913Z-11-026.zip,takeout-20260602T071913Z-11-026.zip,Takeout/Drive/Unorganized/231_2068.JPG,C:\Users\thoma\Documents\Cyber Crimes Tools\Takeout Extracted\Takeout\Drive\Unorganized\231_2068.JPG,948494,2013-03-01 01:33:42,ExtractNamedRelevant
C:\Users\thoma\Documents\Cyber Crimes Tools\Takeout Zips\takeout-20260602T071913Z-11-026.zip,takeout-20260602T071913Z-11-026.zip,Takeout/Drive/Unorganized/231_2069.JPG,C:\Users\thoma\Documents\Cyber Crimes Tools\Takeout Extracted\Takeout\Drive\Unorganized\231_2069.JPG,1149766,2013-03-01 01:33:46,ExtractNamedRelevant
C:\Users\thoma\Documents\Cyber Crimes Tools\Takeout Zips\takeout-20260602T071913Z-11-026.zip,takeout-20260602T071913Z-11-026.zip,Takeout/Drive/Pictures/2009/Trip To Oregon 2009/Oregon Trip Oct 2009 farewell dinner (132).JPG,C:\Users\thoma\Documents\Cyber Crimes Tools\Takeout Extracted\Takeout\Drive\Pictures\2009\Trip To Oregon 2009\Oregon Trip Oct 2009 farewell dinner (132).JPG,2381663,2013-02-27 12:33:50,ExtractNamedRelevant
C:\Users\thoma\Documents\Cyber Crimes Tools\Takeout Zips\takeout-20260602T071913Z-11-026.zip,takeout-20260602T071913Z-11-026.zip,Takeout/Drive/Unorganized/2010-03-20 09.51.02.jpg,C:\Users\thoma\Documents\Cyber Crimes Tools\Takeout Extracted\Takeout\Drive\Unorganized\2010-03-20 09.51.02.jpg,832982,2013-02-28 17:18:34,ExtractNamedRelevant
C:\Users\thoma\Documents\Cyber Crimes Tools\Takeout Zips\takeout-20260602T071913Z-11-026.zip,takeout-20260602T071913Z-11-026.zip,"Takeout/Drive/Pictures/2011/Spruce Creek Park Feb, 2011 (3).JPG","C:\Users\thoma\Documents\Cyber Crimes Tools\Takeout Extracted\Takeout\Drive\Pictures\2011\Spruce Creek Park Feb, 2011 (3).JPG",1407487,2013-02-28 11:26:56,ExtractNamedRelevant
C:\Users\thoma\Documents\Cyber Crimes Tools\Takeout Zips\takeout-20260602T071913Z-11-026.zip,takeout-20260602T071913Z-11-026.zip,Takeout/Drive/Kula Yoga/IMG_0226.JPG,C:\Users\thoma\Documents\Cyber Crimes Tools\Takeout Extracted\Takeout\Drive\Kula Yoga\IMG_0226.JPG,1471836,2016-06-28 13:09:06,ExtractNamedRelevant
C:\Users\thoma\Documents\Cyber Crimes Tools\Takeout Zips\takeout-20260602T071913Z-11-026.zip,takeout-20260602T071913Z-11-026.zip,Takeout/Drive/Unorganized/Marriot World Center Orlando_Dec 2010 (56).JPG,C:\Users\thoma\Documents\Cyber Crimes Tools\Takeout Extracted\Takeout\Drive\Unorganized\Marriot World Center Orlando_Dec 2010 (56).JPG,1586565,2013-02-28 18:52:14,ExtractNamedRelevant
C:\Users\thoma\Documents\Cyber Crimes Tools\Takeout Zips\takeout-20260602T071913Z-11-026.zip,takeout-20260602T071913Z-11-026.zip,Takeout/Drive/Unorganized/IMGP0071.JPG,C:\Users\thoma\Documents\Cyber Crimes Tools\Takeout Extracted\Takeout\Drive\Unorganized\IMGP0071.JPG,1527144,2013-03-03 13:39:22,ExtractNamedRelevant
C:\Users\thoma\Documents\Cyber Crimes Tools\Takeout Zips\takeout-20260602T071913Z-11-026.zip,takeout-20260602T071913Z-11-026.zip,Takeout/Drive/Pictures/2011/DSC01872.JPG,C:\Users\thoma\Documents\Cyber Crimes Tools\Takeout Extracted\Takeout\Drive\Pictures\2011\DSC01872.JPG,2651082,2013-02-28 02:52:44,ExtractNamedRelevant
C:\Users\thoma\Documents\Cyber Crimes Tools\Takeout Zips\takeout-20260602T071913Z-11-026.zip,takeout-20260602T071913Z-11-026.zip,Takeout/Drive/Pictures/2011/Nov 12 2011 (2).MOV,C:\Users\thoma\Documents\Cyber Crimes Tools\Takeout Extracted\Takeout\Drive\Pictures\2011\Nov 12 2011 (2).MOV,182039811,2013-02-28 11:06:56,SkipLargeMediaEvenIfNamed
C:\Users\thoma\Documents\Cyber Crimes Tools\Takeout Zips\takeout-20260602T071913Z-11-026.zip,takeout-20260602T071913Z-11-026.zip,Takeout/Drive/Unorganized/2010-01-12 11.45.41.jpg,C:\Users\thoma\Documents\Cyber Crimes Tools\Takeout Extracted\Takeout\Drive\Unorganized\2010-01-12 11.45.41.jpg,981743,2013-02-28 17:15:12,ExtractNamedRelevant
C:\Users\thoma\Documents\Cyber Crimes Tools\Takeout Zips\takeout-20260602T071913Z-11-026.zip,takeout-20260602T071913Z-11-026.zip,Takeout/Drive/Pictures/2010/Elijah at 17 months (36).JPG,C:\Users\thoma\Documents\Cyber Crimes Tools\Takeout Extracted\Takeout\Drive\Pictures\2010\Elijah at 17 months (36).JPG,1521456,2013-02-27 13:36:22,ExtractNamedRelevant
C:\Users\thoma\Documents\Cyber Crimes Tools\Takeout Zips\takeout-20260602T071913Z-11-026.zip,takeout-20260602T071913Z-11-026.zip,Takeout/Drive/Unorganized/204_1571.JPG,C:\Users\thoma\Documents\Cyber Crimes Tools\Takeout Extracted\Takeout\Drive\Unorganized\204_1571.JPG,997197,2013-02-28 23:38:44,ExtractNamedRelevant
C:\Users\thoma\Documents\Cyber Crimes Tools\Takeout Zips\takeout-20260602T071913Z-11-026.zip,takeout-20260602T071913Z-11-026.zip,Takeout/Drive/Unorganized/276_2525.JPG,C:\Users\thoma\Documents\Cyber Crimes Tools\Takeout Extracted\Takeout\Drive\Unorganized\276_2525.JPG,1842119,2013-03-03 11:54:34,ExtractNamedRelevant
C:\Users\thoma\Documents\Cyber Crimes Tools\Takeout Zips\takeout-20260602T071913Z-11-026.zip,takeout-20260602T071913Z-11-026.zip,Takeout/Drive/Unorganized/Nov 12 2011 (7).JPG,C:\Users\thoma\Documents\Cyber Crimes Tools\Takeout Extracted\Takeout\Drive\Unorganized\Nov 12 2011 (7).JPG,1722711,2013-03-02 16:42:14,ExtractNamedRelevant
C:\Users\thoma\Documents\Cyber Crimes Tools\Takeout Zips\takeout-20260602T071913Z-11-026.zip,takeout-20260602T071913Z-11-026.zip,Takeout/Drive/Pictures/2011/204_1484.JPG,C:\Users\thoma\Documents\Cyber Crimes Tools\Takeout Extracted\Takeout\Drive\Pictures\2011\204_1484.JPG,960507,2013-02-27 19:04:24,ExtractNamedRelevant
C:\Users\thoma\Documents\Cyber Crimes Tools\Takeout Zips\takeout-20260602T071913Z-11-026.zip,takeout-20260602T071913Z-11-026.zip,Takeout/Drive/Hurd Family Legal/July 11 Trial/SergeantMechtelNSB-PD1.mp4,C:\Users\thoma\Documents\Cyber Crimes Tools\Takeout Extracted\Takeout\Drive\Hurd Family Legal\July 11 Trial\SergeantMechtelNSB-PD1.mp4,929097890,2023-07-10 21:20:54,SkipLargeMediaEvenIfNamed
C:\Users\thoma\Documents\Cyber Crimes Tools\Takeout Zips\takeout-20260602T071913Z-11-026.zip,takeout-20260602T071913Z-11-026.zip,Takeout/Drive/Unorganized/October 2010 (18).JPG,C:\Users\thoma\Documents\Cyber Crimes Tools\Takeout Extracted\Takeout\Drive\Unorganized\October 2010 (18).JPG,948210,2013-02-28 21:16:48,ExtractNamedRelevant
C:\Users\thoma\Documents\Cyber Crimes Tools\Takeout Zips\takeout-20260602T071913Z-11-026.zip,takeout-20260602T071913Z-11-026.zip,Takeout/Drive/Unorganized/204_1572.JPG,C:\Users\thoma\Documents\Cyber Crimes Tools\Takeout Extracted\Takeout\Drive\Unorganized\204_1572.JPG,909418,2013-02-28 23:38:50,ExtractNamedRelevant
C:\Users\thoma\Documents\Cyber Crimes Tools\Takeout Zips\takeout-20260602T071913Z-11-026.zip,takeout-20260602T071913Z-11-026.zip,Takeout/Drive/Pictures/2010/October 2010 (12).JPG,C:\Users\thoma\Documents\Cyber Crimes Tools\Takeout Extracted\Takeout\Drive\Pictures\2010\October 2010 (12).JPG,760844,2013-02-27 16:53:00,ExtractNamedRelevant
C:\Users\thoma\Documents\Cyber Crimes Tools\Takeout Zips\takeout-20260602T071913Z-11-026.zip,takeout-20260602T071913Z-11-026.zip,Takeout/Drive/Pictures/2010/2010.MOV,C:\Users\thoma\Documents\Cyber Crimes Tools\Takeout Extracted\Takeout\Drive\Pictures\2010\2010.MOV,130642718,2013-02-27 13:06:14,SkipLargeMediaEvenIfNamed
C:\Users\thoma\Documents\Cyber Crimes Tools\Takeout Zips\takeout-20260602T071913Z-11-026.zip,takeout-20260602T071913Z-11-026.zip,Takeout/Drive/DHS Pictures.pdf,C:\Users\thoma\Documents\Cyber Crimes Tools\Takeout Extracted\Takeout\Drive\DHS Pictures.pdf,5328758,2019-06-18 17:33:38,ExtractEvidenceType
C:\Users\thoma\Documents\Cyber Crimes Tools\Takeout Zips\takeout-20260602T071913Z-11-026.zip,takeout-20260602T071913Z-11-026.zip,Takeout/Drive/Unorganized/Nov 7 2011 (1).JPG,C:\Users\thoma\Documents\Cyber Crimes Tools\Takeout Extracted\Takeout\Drive\Unorganized\Nov 7 2011 (1).JPG,2344664,2013-03-02 16:42:52,ExtractNamedRelevant
C:\Users\thoma\Documents\Cyber Crimes Tools\Takeout Zips\takeout-20260602T071913Z-11-026.zip,takeout-20260602T071913Z-11-026.zip,Takeout/Drive/Unorganized/204_1435.JPG,C:\Users\thoma\Documents\Cyber Crimes Tools\Takeout Extracted\Takeout\Drive\Unorganized\204_1435.JPG,2426674,2013-02-28 22:58:40,ExtractNamedRelevant
C:\Users\thoma\Documents\Cyber Crimes Tools\Takeout Zips\takeout-20260602T071913Z-11-026.zip,takeout-20260602T071913Z-11-026.zip,Takeout/Drive/Unorganized/October 2010 (17).JPG,C:\Users\thoma\Documents\Cyber Crimes Tools\Takeout Extracted\Takeout\Drive\Unorganized\October 2010 (17).JPG,772408,2013-02-28 21:16:44,ExtractNamedRelevant
C:\Users\thoma\Documents\Cyber Crimes Tools\Takeout Zips\takeout-20260602T071913Z-11-026.zip,takeout-20260602T071913Z-11-026.zip,Takeout/Drive/Unorganized/IMGP0072.JPG,C:\Users\thoma\Documents\Cyber Crimes Tools\Takeout Extracted\Takeout\Drive\Unorganized\IMGP0072.JPG,1528743,2013-03-03 13:39:32,ExtractNamedRelevant
C:\Users\thoma\Documents\Cyber Crimes Tools\Takeout Zips\takeout-20260602T071913Z-11-026.zip,takeout-20260602T071913Z-11-026.zip,Takeout/Drive/Pictures/2010/2009-12-27 09.25.04.jpg,C:\Users\thoma\Documents\Cyber Crimes Tools\Takeout Extracted\Takeout\Drive\Pictures\2010\2009-12-27 09.25.04.jpg,1134019,2013-02-27 12:40:20,ExtractNamedRelevant
C:\Users\thoma\Documents\Cyber Crimes Tools\Takeout Zips\takeout-20260602T071913Z-11-026.zip,takeout-20260602T071913Z-11-026.zip,Takeout/Drive/Unorganized/DSC01980.JPG,C:\Users\thoma\Documents\Cyber Crimes Tools\Takeout Extracted\Takeout\Drive\Unorganized\DSC01980.JPG,2772771,2013-03-01 06:59:12,ExtractNamedRelevant
C:\Users\thoma\Documents\Cyber Crimes Tools\Takeout Zips\takeout-20260602T071913Z-11-026.zip,takeout-20260602T071913Z-11-026.zip,Takeout/Drive/Pictures/2009/2009 083.jpg,C:\Users\thoma\Documents\Cyber Crimes Tools\Takeout Extracted\Takeout\Drive\Pictures\2009\2009 083.jpg,728721,2013-02-27 11:06:16,ExtractNamedRelevant
C:\Users\thoma\Documents\Cyber Crimes Tools\Takeout Zips\takeout-20260602T071913Z-11-026.zip,takeout-20260602T071913Z-11-026.zip,Takeout/Drive/Unorganized/204_1573.JPG,C:\Users\thoma\Documents\Cyber Crimes Tools\Takeout Extracted\Takeout\Drive\Unorganized\204_1573.JPG,1998329,2013-02-28 23:38:56,ExtractNamedRelevant
C:\Users\thoma\Documents\Cyber Crimes Tools\Takeout Zips\takeout-20260602T071913Z-11-026.zip,takeout-20260602T071913Z-11-026.zip,Takeout/Drive/Pictures/2009/Trip To Oregon 2009/Oregon Trip Oct 2009 (37).JPG,C:\Users\thoma\Documents\Cyber Crimes Tools\Takeout Extracted\Takeout\Drive\Pictures\2009\Trip To Oregon 2009\Oregon Trip Oct 2009 (37).JPG,2133539,2013-02-27 12:18:22,ExtractNamedRelevant
C:\Users\thoma\Documents\Cyber Crimes Tools\Takeout Zips\takeout-20260602T071913Z-11-026.zip,takeout-20260602T071913Z-11-026.zip,Takeout/Drive/Unorganized/2010-03-20 09.50.58.jpg,C:\Users\thoma\Documents\Cyber Crimes Tools\Takeout Extracted\Takeout\Drive\Unorganized\2010-03-20 09.50.58.jpg,944872,2013-02-28 17:18:30,ExtractNamedRelevant
C:\Users\thoma\Documents\Cyber Crimes Tools\Takeout Zips\takeout-20260602T071913Z-11-026.zip,takeout-20260602T071913Z-11-026.zip,Takeout/Drive/Unorganized/At the Zoo-Jan 2011 (8).MOV,C:\Users\thoma\Documents\Cyber Crimes Tools\Takeout Extracted\Takeout\Drive\Unorganized\At the Zoo-Jan 2011 (8).MOV,9944377,2013-03-01 02:41:20,ExtractNamedRelevant
C:\Users\thoma\Documents\Cyber Crimes Tools\Takeout Zips\takeout-20260602T071913Z-11-026.zip,takeout-20260602T071913Z-11-026.zip,Takeout/Drive/Unorganized/IMGP0073.JPG,C:\Users\thoma\Documents\Cyber Crimes Tools\Takeout Extracted\Takeout\Drive\Unorganized\IMGP0073.JPG,1514897,2013-03-03 13:39:42,ExtractNamedRelevant
C:\Users\thoma\Documents\Cyber Crimes Tools\Takeout Zips\takeout-20260602T071913Z-11-026.zip,takeout-20260602T071913Z-11-026.zip,Takeout/Drive/Unorganized/DSC01979.JPG,C:\Users\thoma\Documents\Cyber Crimes Tools\Takeout Extracted\Takeout\Drive\Unorganized\DSC01979.JPG,2968200,2013-03-01 06:58:38,ExtractNamedRelevant
C:\Users\thoma\Documents\Cyber Crimes Tools\Takeout Zips\takeout-20260602T071913Z-11-026.zip,takeout-20260602T071913Z-11-026.zip,Takeout/Drive/Pictures/2011/Grandpa visiting-Mar 31 (3).JPG,C:\Users\thoma\Documents\Cyber Crimes Tools\Takeout Extracted\Takeout\Drive\Pictures\2011\Grandpa visiting-Mar 31 (3).JPG,2508729,2013-02-28 06:19:48,ExtractNamedRelevant
C:\Users\thoma\Documents\Cyber Crimes Tools\Takeout Zips\takeout-20260602T071913Z-11-026.zip,takeout-20260602T071913Z-11-026.zip,Takeout/Drive/Unorganized/2010-03-20 09.47.42.jpg,C:\Users\thoma\Documents\Cyber Crimes Tools\Takeout Extracted\Takeout\Drive\Unorganized\2010-03-20 09.47.42.jpg,926194,2013-02-28 17:18:26,ExtractNamedRelevant
C:\Users\thoma\Documents\Cyber Crimes Tools\Takeout Zips\takeout-20260602T071913Z-11-026.zip,takeout-20260602T071913Z-11-026.zip,Takeout/Drive/Hurd Family Legal/Business letter.docx,C:\Users\thoma\Documents\Cyber Crimes Tools\Takeout Extracted\Takeout\Drive\Hurd Family Legal\Business letter.docx,695912,2023-08-09 12:45:00,ExtractEvidenceType
C:\Users\thoma\Documents\Cyber Crimes Tools\Takeout Zips\takeout-20260602T071913Z-11-026.zip,takeout-20260602T071913Z-11-026.zip,Takeout/Drive/Unorganized/IMGP0070.JPG,C:\Users\thoma\Documents\Cyber Crimes Tools\Takeout Extracted\Takeout\Drive\Unorganized\IMGP0070.JPG,1505127,2013-03-03 13:39:12,ExtractNamedRelevant
C:\Users\thoma\Documents\Cyber Crimes Tools\Takeout Zips\takeout-20260602T071913Z-11-026.zip,takeout-20260602T071913Z-11-026.zip,Takeout/Drive/Hurd Family Legal/July 11 Trial/MESUS - American Terrorist (Official Music Vide.mp4,C:\Users\thoma\Documents\Cyber Crimes Tools\Takeout Extracted\Takeout\Drive\Hurd Family Legal\July 11 Trial\MESUS - American Terrorist (Official Music Vide.mp4,44021207,2023-07-08 11:15:08,SkipLargeMediaEvenIfNamed
C:\Users\thoma\Documents\Cyber Crimes Tools\Takeout Zips\takeout-20260602T071913Z-11-026.zip,takeout-20260602T071913Z-11-026.zip,Takeout/Drive/Pictures/2010/2009-12-27 09.24.50.jpg,C:\Users\thoma\Documents\Cyber Crimes Tools\Takeout Extracted\Takeout\Drive\Pictures\2010\2009-12-27 09.24.50.jpg,1192000,2013-02-27 12:40:16,ExtractNamedRelevant
C:\Users\thoma\Documents\Cyber Crimes Tools\Takeout Zips\takeout-20260602T071913Z-11-026.zip,takeout-20260602T071913Z-11-026.zip,Takeout/Drive/Pictures/2010/October 2010 (11).JPG,C:\Users\thoma\Documents\Cyber Crimes Tools\Takeout Extracted\Takeout\Drive\Pictures\2010\October 2010 (11).JPG,901531,2013-02-27 16:52:56,ExtractNamedRelevant
C:\Users\thoma\Documents\Cyber Crimes Tools\Takeout Zips\takeout-20260602T071913Z-11-026.zip,takeout-20260602T071913Z-11-026.zip,"Takeout/Drive/Pictures/2011/Spruce Creek Park Feb, 2011 (29).JPG","C:\Users\thoma\Documents\Cyber Crimes Tools\Takeout Extracted\Takeout\Drive\Pictures\2011\Spruce Creek Park Feb, 2011 (29).JPG",1270891,2013-02-28 11:26:46,ExtractNamedRelevant
C:\Users\thoma\Documents\Cyber Crimes Tools\Takeout Zips\takeout-20260602T071913Z-11-026.zip,takeout-20260602T071913Z-11-026.zip,Takeout/Drive/Pictures/2011/Picking up remains in Orlando (7).JPG,C:\Users\thoma\Documents\Cyber Crimes Tools\Takeout Extracted\Takeout\Drive\Pictures\2011\Picking up remains in Orlando (7).JPG,1177404,2013-02-28 11:23:22,ExtractNamedRelevant
C:\Users\thoma\Documents\Cyber Crimes Tools\Takeout Zips\takeout-20260602T071913Z-11-026.zip,takeout-20260602T071913Z-11-026.zip,Takeout/Drive/Unorganized/258_2477.JPG,C:\Users\thoma\Documents\Cyber Crimes Tools\Takeout Extracted\Takeout\Drive\Unorganized\258_2477.JPG,1316915,2013-03-02 23:16:08,ExtractNamedRelevant
C:\Users\thoma\Documents\Cyber Crimes Tools\Takeout Zips\takeout-20260602T071913Z-11-026.zip,takeout-20260602T071913Z-11-026.zip,Takeout/Drive/Unorganized/Marriot World Center Orlando_Dec 2010 (54).JPG,C:\Users\thoma\Documents\Cyber Crimes Tools\Takeout Extracted\Takeout\Drive\Unorganized\Marriot World Center Orlando_Dec 2010 (54).JPG,1364591,2013-02-28 18:52:02,ExtractNamedRelevant
C:\Users\thoma\Documents\Cyber Crimes Tools\Takeout Zips\takeout-20260602T071913Z-11-026.zip,takeout-20260602T071913Z-11-026.zip,Takeout/Drive/Kula Yoga/IMG_0224.JPG,C:\Users\thoma\Documents\Cyber Crimes Tools\Takeout Extracted\Takeout\Drive\Kula Yoga\IMG_0224.JPG,1447074,2016-06-28 13:09:00,ExtractNamedRelevant
C:\Users\thoma\Documents\Cyber Crimes Tools\Takeout Zips\takeout-20260602T071913Z-11-026.zip,takeout-20260602T071913Z-11-026.zip,Takeout/Drive/Pictures/2010/Elijah at 17 months (35).JPG,C:\Users\thoma\Documents\Cyber Crimes Tools\Takeout Extracted\Takeout\Drive\Pictures\2010\Elijah at 17 months (35).JPG,1519484,2013-02-27 13:36:16,ExtractNamedRelevant
C:\Users\thoma\Documents\Cyber Crimes Tools\Takeout Zips\takeout-20260602T071913Z-11-026.zip,takeout-20260602T071913Z-11-026.zip,Takeout/Drive/Pictures/2009/Trip To Oregon 2009/Oregon Trip Oct 2009 farewell dinner (131).JPG,C:\Users\thoma\Documents\Cyber Crimes Tools\Takeout Extracted\Takeout\Drive\Pictures\2009\Trip To Oregon 2009\Oregon Trip Oct 2009 farewell dinner (131).JPG,2436687,2013-02-27 12:33:42,ExtractNamedRelevant
C:\Users\thoma\Documents\Cyber Crimes Tools\Takeout Zips\takeout-20260602T071913Z-11-026.zip,takeout-20260602T071913Z-11-026.zip,Takeout/Drive/Pictures/2010/Race track - Dec 2010 (6).JPG,C:\Users\thoma\Documents\Cyber Crimes Tools\Takeout Extracted\Takeout\Drive\Pictures\2010\Race track - Dec 2010 (6).JPG,1359501,2013-02-27 17:34:24,ExtractNamedRelevant
C:\Users\thoma\Documents\Cyber Crimes Tools\Takeout Zips\takeout-20260602T071913Z-11-026.zip,takeout-20260602T071913Z-11-026.zip,Takeout/Drive/loveshealthtemplate80_.jpg,C:\Users\thoma\Documents\Cyber Crimes Tools\Takeout Extracted\Takeout\Drive\loveshealthtemplate80_.jpg,957972,2014-06-24 15:01:58,ExtractNamedRelevant
C:\Users\thoma\Documents\Cyber Crimes Tools\Takeout Zips\takeout-20260602T071913Z-11-026.zip,takeout-20260602T071913Z-11-026.zip,Takeout/Drive/Smiley Face — Converted from Classic Sites/DRAFT/Cambria Massage Therapy.html,C:\Users\thoma\Documents\Cyber Crimes Tools\Takeout Extracted\Takeout\Drive\Smiley Face — Converted from Classic Sites\DRAFT\Cambria Massage Therapy.html,2166051,2026-06-02 00:27:52,ExtractEvidenceType
C:\Users\thoma\Documents\Cyber Crimes Tools\Takeout Zips\takeout-20260602T071913Z-11-026.zip,takeout-20260602T071913Z-11-026.zip,Takeout/Drive/Unorganized/new pics 189.jpg,C:\Users\thoma\Documents\Cyber Crimes Tools\Takeout Extracted\Takeout\Drive\Unorganized\new pics 189.jpg,746071,2013-03-03 09:28:12,ExtractNamedRelevant
C:\Users\thoma\Documents\Cyber Crimes Tools\Takeout Zips\takeout-20260602T071913Z-11-026.zip,takeout-20260602T071913Z-11-026.zip,Takeout/Drive/Unorganized/276_2524.JPG,C:\Users\thoma\Documents\Cyber Crimes Tools\Takeout Extracted\Takeout\Drive\Unorganized\276_2524.JPG,1605465,2013-03-03 11:54:22,ExtractNamedRelevant
C:\Users\thoma\Documents\Cyber Crimes Tools\Takeout Zips\takeout-20260602T071913Z-11-026.zip,takeout-20260602T071913Z-11-026.zip,Takeout/Drive/Unorganized/204_1569.JPG,C:\Users\thoma\Documents\Cyber Crimes Tools\Takeout Extracted\Takeout\Drive\Unorganized\204_1569.JPG,932215,2013-02-28 23:38:40,ExtractNamedRelevant
C:\Users\thoma\Documents\Cyber Crimes Tools\Takeout Zips\takeout-20260602T071913Z-11-026.zip,takeout-20260602T071913Z-11-026.zip,Takeout/Drive/BW Aku Tiki Inn Fact Sheet Feb 2017(1).docx,C:\Users\thoma\Documents\Cyber Crimes Tools\Takeout Extracted\Takeout\Drive\BW Aku Tiki Inn Fact Sheet Feb 2017(1).docx,518273,2017-05-12 15:41:32,ExtractEvidenceType
C:\Users\thoma\Documents\Cyber Crimes Tools\Takeout Zips\takeout-20260602T071913Z-11-026.zip,takeout-20260602T071913Z-11-026.zip,Takeout/Drive/Pictures/2011/DSC01871.JPG,C:\Users\thoma\Documents\Cyber Crimes Tools\Takeout Extracted\Takeout\Drive\Pictures\2011\DSC01871.JPG,2447785,2013-02-28 02:52:34,ExtractNamedRelevant
C:\Users\thoma\Documents\Cyber Crimes Tools\Takeout Zips\takeout-20260602T071913Z-11-026.zip,takeout-20260602T071913Z-11-026.zip,Takeout/Drive/Unorganized/Nov 12 2011 (56).JPG,C:\Users\thoma\Documents\Cyber Crimes Tools\Takeout Extracted\Takeout\Drive\Unorganized\Nov 12 2011 (56).JPG,1434958,2013-03-02 16:41:54,ExtractNamedRelevant
C:\Users\thoma\Documents\Cyber Crimes Tools\Takeout Zips\takeout-20260602T071913Z-11-026.zip,takeout-20260602T071913Z-11-026.zip,Takeout/Drive/Pictures/2011/238_2250.JPG,C:\Users\thoma\Documents\Cyber Crimes Tools\Takeout Extracted\Takeout\Drive\Pictures\2011\238_2250.JPG,1129499,2013-02-27 21:36:14,ExtractNamedRelevant
C:\Users\thoma\Documents\Cyber Crimes Tools\Takeout Zips\takeout-20260602T071913Z-11-026.zip,takeout-20260602T071913Z-11-026.zip,Takeout/Drive/Unorganized/At the Zoo-Jan 2011 (8).JPG,C:\Users\thoma\Documents\Cyber Crimes Tools\Takeout Extracted\Takeout\Drive\Unorganized\At the Zoo-Jan 2011 (8).JPG,1365544,2013-03-01 02:40:50,ExtractNamedRelevant
C:\Users\thoma\Documents\Cyber Crimes Tools\Takeout Zips\takeout-20260602T071913Z-11-026.zip,takeout-20260602T071913Z-11-026.zip,Takeout/Drive/Pictures/2009/Trip To Oregon 2009/Oregon Trip Oct 2009 (36).JPG,C:\Users\thoma\Documents\Cyber Crimes Tools\Takeout Extracted\Takeout\Drive\Pictures\2009\Trip To Oregon 2009\Oregon Trip Oct 2009 (36).JPG,2230154,2013-02-27 12:18:14,ExtractNamedRelevant
C:\Users\thoma\Documents\Cyber Crimes Tools\Takeout Zips\takeout-20260602T071913Z-11-026.zip,takeout-20260602T071913Z-11-026.zip,Takeout/Drive/Unorganized/231_2067.JPG,C:\Users\thoma\Documents\Cyber Crimes Tools\Takeout Extracted\Takeout\Drive\Unorganized\231_2067.JPG,867694,2013-03-01 01:33:38,ExtractNamedRelevant
C:\Users\thoma\Documents\Cyber Crimes Tools\Takeout Zips\takeout-20260602T071913Z-11-026.zip,takeout-20260602T071913Z-11-026.zip,Takeout/Drive/Unorganized/204_1568.JPG,C:\Users\thoma\Documents\Cyber Crimes Tools\Takeout Extracted\Takeout\Drive\Unorganized\204_1568.JPG,986179,2013-02-28 23:38:36,ExtractNamedRelevant
C:\Users\thoma\Documents\Cyber Crimes Tools\Takeout Zips\takeout-20260602T071913Z-11-026.zip,takeout-20260602T071913Z-11-026.zip,Takeout/Drive/Unorganized/new pics 406.jpg,C:\Users\thoma\Documents\Cyber Crimes Tools\Takeout Extracted\Takeout\Drive\Unorganized\new pics 406.jpg,1222070,2013-02-28 19:11:36,ExtractNamedRelevant
C:\Users\thoma\Documents\Cyber Crimes Tools\Takeout Zips\takeout-20260602T071913Z-11-026.zip,takeout-20260602T071913Z-11-026.zip,Takeout/Drive/Pictures/2011/204_1482.JPG,C:\Users\thoma\Documents\Cyber Crimes Tools\Takeout Extracted\Takeout\Drive\Pictures\2011\204_1482.JPG,1072935,2013-02-27 19:04:16,ExtractNamedRelevant
C:\Users\thoma\Documents\Cyber Crimes Tools\Takeout Zips\takeout-20260602T071913Z-11-026.zip,takeout-20260602T071913Z-11-026.zip,Takeout/Drive/Pictures/2010/2010-08-15 14.42.06.jpg,C:\Users\thoma\Documents\Cyber Crimes Tools\Takeout Extracted\Takeout\Drive\Pictures\2010\2010-08-15 14.42.06.jpg,1465319,2013-02-27 12:59:20,ExtractNamedRelevant
C:\Users\thoma\Documents\Cyber Crimes Tools\Takeout Zips\takeout-20260602T071913Z-11-026.zip,takeout-20260602T071913Z-11-026.zip,Takeout/Drive/Pictures/2011/Nov 12 2011 (2).JPG,C:\Users\thoma\Documents\Cyber Crimes Tools\Takeout Extracted\Takeout\Drive\Pictures\2011\Nov 12 2011 (2).JPG,1859599,2013-02-28 10:47:26,ExtractNamedRelevant
C:\Users\thoma\Documents\Cyber Crimes Tools\Takeout Zips\takeout-20260602T071913Z-11-026.zip,takeout-20260602T071913Z-11-026.zip,Takeout/Drive/Hurd Family Legal/Response&CounterPetitionbyResp.pdf,C:\Users\thoma\Documents\Cyber Crimes Tools\Takeout Extracted\Takeout\Drive\Hurd Family Legal\Response&CounterPetitionbyResp.pdf,1977612,2023-02-28 20:39:18,ExtractEvidenceType
C:\Users\thoma\Documents\Cyber Crimes Tools\Takeout Zips\takeout-20260602T071913Z-11-026.zip,takeout-20260602T071913Z-11-026.zip,Takeout/Drive/Unorganized/Race track - Dec 2010 (8).JPG,C:\Users\thoma\Documents\Cyber Crimes Tools\Takeout Extracted\Takeout\Drive\Unorganized\Race track - Dec 2010 (8).JPG,1420113,2013-02-28 21:58:26,ExtractNamedRelevant
C:\Users\thoma\Documents\Cyber Crimes Tools\Takeout Zips\takeout-20260602T071913Z-11-026.zip,takeout-20260602T071913Z-11-026.zip,Takeout/Drive/Pictures/2010/new pics 424.jpg,C:\Users\thoma\Documents\Cyber Crimes Tools\Takeout Extracted\Takeout\Drive\Pictures\2010\new pics 424.jpg,787013,2013-02-27 14:43:46,ExtractNamedRelevant
C:\Users\thoma\Documents\Cyber Crimes Tools\Takeout Zips\takeout-20260602T071913Z-11-026.zip,takeout-20260602T071913Z-11-026.zip,Takeout/Drive/Unorganized/October 2010 (16).JPG,C:\Users\thoma\Documents\Cyber Crimes Tools\Takeout Extracted\Takeout\Drive\Unorganized\October 2010 (16).JPG,747959,2013-02-28 21:16:40,ExtractNamedRelevant
C:\Users\thoma\Documents\Cyber Crimes Tools\Takeout Zips\takeout-20260602T071913Z-11-026.zip,takeout-20260602T071913Z-11-026.zip,Takeout/Drive/Pictures/2010/Yummy Blueberry pancakes Oct 2010 (1).JPG,C:\Users\thoma\Documents\Cyber Crimes Tools\Takeout Extracted\Takeout\Drive\Pictures\2010\Yummy Blueberry pancakes Oct 2010 (1).JPG,736826,2013-02-27 17:48:40,ExtractNamedRelevant
C:\Users\thoma\Documents\Cyber Crimes Tools\Takeout Zips\takeout-20260602T071913Z-11-026.zip,takeout-20260602T071913Z-11-026.zip,Takeout/Drive/InSPA-BuyersList.xlsx,C:\Users\thoma\Documents\Cyber Crimes Tools\Takeout Extracted\Takeout\Drive\InSPA-BuyersList.xlsx,614855,2015-12-03 08:32:26,ExtractEvidenceType
C:\Users\thoma\Documents\Cyber Crimes Tools\Takeout Zips\takeout-20260602T071913Z-11-026.zip,takeout-20260602T071913Z-11-026.zip,Takeout/Drive/Pictures/2011/204_1483.JPG,C:\Users\thoma\Documents\Cyber Crimes Tools\Takeout Extracted\Takeout\Drive\Pictures\2011\204_1483.JPG,1098921,2013-02-27 19:04:20,ExtractNamedRelevant
C:\Users\thoma\Documents\Cyber Crimes Tools\Takeout Zips\takeout-20260602T071913Z-11-026.zip,takeout-20260602T071913Z-11-026.zip,Takeout/Drive/Unorganized/Oct 2010 (13).JPG,C:\Users\thoma\Documents\Cyber Crimes Tools\Takeout Extracted\Takeout\Drive\Unorganized\Oct 2010 (13).JPG,1679227,2013-02-28 21:09:00,ExtractNamedRelevant
C:\Users\thoma\Documents\Cyber Crimes Tools\Takeout Zips\takeout-20260602T071913Z-11-026.zip,takeout-20260602T071913Z-11-026.zip,Takeout/Drive/BW Aku Tiki Inn Fact Sheet Feb 2017.docx,C:\Users\thoma\Documents\Cyber Crimes Tools\Takeout Extracted\Takeout\Drive\BW Aku Tiki Inn Fact Sheet Feb 2017.docx,228482,2017-05-12 15:41:34,ExtractEvidenceType
C:\Users\thoma\Documents\Cyber Crimes Tools\Takeout Zips\takeout-20260602T071913Z-11-026.zip,takeout-20260602T071913Z-11-026.zip,Takeout/Drive/Bahama House SEO & SMO.docx,C:\Users\thoma\Documents\Cyber Crimes Tools\Takeout Extracted\Takeout\Drive\Bahama House SEO & SMO.docx,590821,2019-02-06 12:27:28,ExtractEvidenceType
C:\Users\thoma\Documents\Cyber Crimes Tools\Takeout Zips\takeout-20260602T071913Z-11-026.zip,takeout-20260602T071913Z-11-026.zip,Takeout/Drive/Pyramid of Pain Activity Complete.pptx,C:\Users\thoma\Documents\Cyber Crimes Tools\Takeout Extracted\Takeout\Drive\Pyramid of Pain Activity Complete.pptx,2786603,2024-12-11 17:37:46,ExtractEvidenceType
C:\Users\thoma\Documents\Cyber Crimes Tools\Takeout Zips\takeout-20260602T071913Z-11-026.zip,takeout-20260602T071913Z-11-026.zip,Takeout/Drive/CONFIDENTIAL INFORMATION MEMORANDUM.docx,C:\Users\thoma\Documents\Cyber Crimes Tools\Takeout Extracted\Takeout\Drive\CONFIDENTIAL INFORMATION MEMORANDUM.docx,2661212,2019-05-23 10:46:04,ExtractEvidenceType
C:\Users\thoma\Documents\Cyber Crimes Tools\Takeout Zips\takeout-20260602T071913Z-11-026.zip,takeout-20260602T071913Z-11-026.zip,Takeout/Drive/Kula Yoga/JackieKeeganFlyingBird2.mp4,C:\Users\thoma\Documents\Cyber Crimes Tools\Takeout Extracted\Takeout\Drive\Kula Yoga\JackieKeeganFlyingBird2.mp4,140785999,2016-09-30 21:51:08,SkipLargeMediaEvenIfNamed
C:\Users\thoma\Documents\Cyber Crimes Tools\Takeout Zips\takeout-20260602T071913Z-11-026.zip,takeout-20260602T071913Z-11-026.zip,Takeout/Drive/Pictures/2010/Yummy Blueberry pancakes Oct 2010 (2).JPG,C:\Users\thoma\Documents\Cyber Crimes Tools\Takeout Extracted\Takeout\Drive\Pictures\2010\Yummy Blueberry pancakes Oct 2010 (2).JPG,736563,2013-02-27 17:48:44,ExtractNamedRelevant
C:\Users\thoma\Documents\Cyber Crimes Tools\Takeout Zips\takeout-20260602T071913Z-11-026.zip,takeout-20260602T071913Z-11-026.zip,Takeout/Drive/plsupplementsCCauth.jpg,C:\Users\thoma\Documents\Cyber Crimes Tools\Takeout Extracted\Takeout\Drive\plsupplementsCCauth.jpg,2590852,2014-02-17 19:28:14,ExtractNamedRelevant
C:\Users\thoma\Documents\Cyber Crimes Tools\Takeout Zips\takeout-20260602T071913Z-11-026.zip,takeout-20260602T071913Z-11-026.zip,Takeout/Drive/Pictures/2011/Nov 8 2011 (4).JPG,C:\Users\thoma\Documents\Cyber Crimes Tools\Takeout Extracted\Takeout\Drive\Pictures\2011\Nov 8 2011 (4).JPG,1840907,2013-02-28 11:19:34,ExtractNamedRelevant
