SourceZip,SourceZipFilename,EntryPath,ExtractedPath,EntrySize,EntryModified,ExtractedStatus
C:\Users\thoma\Documents\Cyber Crimes Tools\Takeout Zips\takeout-20260602T071913Z-11-009.zip,takeout-20260602T071913Z-11-009.zip,Takeout/Drive/Hurd Family Legal/July 11 Trial/VMC-Part3.mp4,C:\Users\thoma\Documents\Cyber Crimes Tools\Takeout Extracted\Takeout\Drive\Hurd Family Legal\July 11 Trial\VMC-Part3.mp4,191850486,2023-07-06 17:17:42,SkipLargeMediaEvenIfNamed
C:\Users\thoma\Documents\Cyber Crimes Tools\Takeout Zips\takeout-20260602T071913Z-11-009.zip,takeout-20260602T071913Z-11-009.zip,Takeout/Drive/Movies/Peter.Pan.2003.1080p.BluRay.x264-[YTS.AG].mp4,C:\Users\thoma\Documents\Cyber Crimes Tools\Takeout Extracted\Takeout\Drive\Movies\Peter.Pan.2003.1080p.BluRay.x264-[YTS.AG].mp4,1840671880,2016-08-03 11:16:38,SkipLargeMediaEvenIfNamed
C:\Users\thoma\Documents\Cyber Crimes Tools\Takeout Zips\takeout-20260602T071913Z-11-009.zip,takeout-20260602T071913Z-11-009.zip,Takeout/Drive/Movies/The.Hiding.Place.DVDRip.XviD.Parkyns/The.Hiding.Place.DVDRip.XviD.Parkyns.avi,C:\Users\thoma\Documents\Cyber Crimes Tools\Takeout Extracted\Takeout\Drive\Movies\The.Hiding.Place.DVDRip.XviD.Parkyns\The.Hiding.Place.DVDRip.XviD.Parkyns.avi,729110528,2011-01-01 04:23:16,SkipLargeMediaEvenIfNamed
C:\Users\thoma\Documents\Cyber Crimes Tools\Takeout Zips\takeout-20260602T071913Z-11-009.zip,takeout-20260602T071913Z-11-009.zip,Takeout/Drive/Pictures/2009/Time with Austin and Dara Nov 2009 (1).MOV,C:\Users\thoma\Documents\Cyber Crimes Tools\Takeout Extracted\Takeout\Drive\Pictures\2009\Time with Austin and Dara Nov 2009 (1).MOV,42952759,2013-02-27 11:21:42,SkipLargeMediaEvenIfNamed
C:\Users\thoma\Documents\Cyber Crimes Tools\Takeout Zips\takeout-20260602T071913Z-11-009.zip,takeout-20260602T071913Z-11-009.zip,"Takeout/Drive/12-26-75/07 Ep. 6 Prosecution_s Case, Part Two.mp3","C:\Users\thoma\Documents\Cyber Crimes Tools\Takeout Extracted\Takeout\Drive\12-26-75\07 Ep. 6 Prosecution_s Case, Part Two.mp3",51912814,2017-06-08 11:33:44,SkipLargeMediaEvenIfNamed
C:\Users\thoma\Documents\Cyber Crimes Tools\Takeout Zips\takeout-20260602T071913Z-11-009.zip,takeout-20260602T071913Z-11-009.zip,Takeout/Drive/Pictures/2009/Time with Austin and Dara Nov 2009 (4).MOV,C:\Users\thoma\Documents\Cyber Crimes Tools\Takeout Extracted\Takeout\Drive\Pictures\2009\Time with Austin and Dara Nov 2009 (4).MOV,103405635,2013-02-27 11:30:38,SkipLargeMediaEvenIfNamed
C:\Users\thoma\Documents\Cyber Crimes Tools\Takeout Zips\takeout-20260602T071913Z-11-009.zip,takeout-20260602T071913Z-11-009.zip,Takeout/Drive/Hurd Family Legal/July 11 Trial/VMC-Part2.mp4,C:\Users\thoma\Documents\Cyber Crimes Tools\Takeout Extracted\Takeout\Drive\Hurd Family Legal\July 11 Trial\VMC-Part2.mp4,1178883937,2023-07-06 17:07:36,SkipLargeMediaEvenIfNamed
C:\Users\thoma\Documents\Cyber Crimes Tools\Takeout Zips\takeout-20260602T071913Z-11-009.zip,takeout-20260602T071913Z-11-009.zip,Takeout/Drive/Pictures/2011/Pals-Jan 2011 (4).JPG,C:\Users\thoma\Documents\Cyber Crimes Tools\Takeout Extracted\Takeout\Drive\Pictures\2011\Pals-Jan 2011 (4).JPG,1577049,2013-02-28 11:21:24,ExtractNamedRelevant
C:\Users\thoma\Documents\Cyber Crimes Tools\Takeout Zips\takeout-20260602T071913Z-11-009.zip,takeout-20260602T071913Z-11-009.zip,Takeout/Drive/Pictures/2011/Pals-Jan 2011 (3).JPG,C:\Users\thoma\Documents\Cyber Crimes Tools\Takeout Extracted\Takeout\Drive\Pictures\2011\Pals-Jan 2011 (3).JPG,1562074,2013-02-28 11:21:14,ExtractNamedRelevant
C:\Users\thoma\Documents\Cyber Crimes Tools\Takeout Zips\takeout-20260602T071913Z-11-009.zip,takeout-20260602T071913Z-11-009.zip,Takeout/Drive/Expert IT/Recently denied(1).xlsx,C:\Users\thoma\Documents\Cyber Crimes Tools\Takeout Extracted\Takeout\Drive\Expert IT\Recently denied(1).xlsx,3194540,2018-08-16 22:42:48,ExtractEvidenceType
C:\Users\thoma\Documents\Cyber Crimes Tools\Takeout Zips\takeout-20260602T071913Z-11-009.zip,takeout-20260602T071913Z-11-009.zip,Takeout/Drive/SCN1585608395940.pdf,C:\Users\thoma\Documents\Cyber Crimes Tools\Takeout Extracted\Takeout\Drive\SCN1585608395940.pdf,4330240,2020-04-02 19:18:56,ExtractEvidenceType
C:\Users\thoma\Documents\Cyber Crimes Tools\Takeout Zips\takeout-20260602T071913Z-11-009.zip,takeout-20260602T071913Z-11-009.zip,Takeout/Drive/SCN1584888944748.pdf,C:\Users\thoma\Documents\Cyber Crimes Tools\Takeout Extracted\Takeout\Drive\SCN1584888944748.pdf,1397630,2020-03-22 07:55:44,ExtractEvidenceType
C:\Users\thoma\Documents\Cyber Crimes Tools\Takeout Zips\takeout-20260602T071913Z-11-009.zip,takeout-20260602T071913Z-11-009.zip,Takeout/Drive/Kula Yoga/IMG_0246.JPG,C:\Users\thoma\Documents\Cyber Crimes Tools\Takeout Extracted\Takeout\Drive\Kula Yoga\IMG_0246.JPG,1404728,2016-06-28 13:12:12,ExtractNamedRelevant
C:\Users\thoma\Documents\Cyber Crimes Tools\Takeout Zips\takeout-20260602T071913Z-11-009.zip,takeout-20260602T071913Z-11-009.zip,Takeout/Drive/Pictures/2010/Window art! Dec 2010 (3).JPG,C:\Users\thoma\Documents\Cyber Crimes Tools\Takeout Extracted\Takeout\Drive\Pictures\2010\Window art! Dec 2010 (3).JPG,1011406,2013-02-27 17:48:08,ExtractNamedRelevant
C:\Users\thoma\Documents\Cyber Crimes Tools\Takeout Zips\takeout-20260602T071913Z-11-009.zip,takeout-20260602T071913Z-11-009.zip,Takeout/Drive/ThomasHurdFinancialAffidavit.pdf,C:\Users\thoma\Documents\Cyber Crimes Tools\Takeout Extracted\Takeout\Drive\ThomasHurdFinancialAffidavit.pdf,9900584,2020-08-17 13:50:58,ExtractEvidenceType
C:\Users\thoma\Documents\Cyber Crimes Tools\Takeout Zips\takeout-20260602T071913Z-11-009.zip,takeout-20260602T071913Z-11-009.zip,"Takeout/Drive/12-26-75/05 Ep. 5 Prosecution_s Case, Part One.mp3","C:\Users\thoma\Documents\Cyber Crimes Tools\Takeout Extracted\Takeout\Drive\12-26-75\05 Ep. 5 Prosecution_s Case, Part One.mp3",44441388,2017-06-08 11:32:32,SkipLargeMediaEvenIfNamed
C:\Users\thoma\Documents\Cyber Crimes Tools\Takeout Zips\takeout-20260602T071913Z-11-009.zip,takeout-20260602T071913Z-11-009.zip,Takeout/Drive/Pictures/2011/Nov 8 2011 (3).JPG,C:\Users\thoma\Documents\Cyber Crimes Tools\Takeout Extracted\Takeout\Drive\Pictures\2011\Nov 8 2011 (3).JPG,1925103,2013-02-28 11:19:22,ExtractNamedRelevant
C:\Users\thoma\Documents\Cyber Crimes Tools\Takeout Zips\takeout-20260602T071913Z-11-009.zip,takeout-20260602T071913Z-11-009.zip,Takeout/Drive/Pictures/2010/Road trip to Fl with Kameron-Nov 2010 (6).JPG,C:\Users\thoma\Documents\Cyber Crimes Tools\Takeout Extracted\Takeout\Drive\Pictures\2010\Road trip to Fl with Kameron-Nov 2010 (6).JPG,1595074,2013-02-27 17:43:50,ExtractNamedRelevant
C:\Users\thoma\Documents\Cyber Crimes Tools\Takeout Zips\takeout-20260602T071913Z-11-009.zip,takeout-20260602T071913Z-11-009.zip,Takeout/Drive/Pictures/2011/Nov 8 2011 (2).JPG,C:\Users\thoma\Documents\Cyber Crimes Tools\Takeout Extracted\Takeout\Drive\Pictures\2011\Nov 8 2011 (2).JPG,1820205,2013-02-28 11:19:08,ExtractNamedRelevant
C:\Users\thoma\Documents\Cyber Crimes Tools\Takeout Zips\takeout-20260602T071913Z-11-009.zip,takeout-20260602T071913Z-11-009.zip,Takeout/Drive/Pictures/2010/Road trip to Fl with Kameron-Nov 2010 (4).JPG,C:\Users\thoma\Documents\Cyber Crimes Tools\Takeout Extracted\Takeout\Drive\Pictures\2010\Road trip to Fl with Kameron-Nov 2010 (4).JPG,834652,2013-02-27 17:43:36,ExtractNamedRelevant
C:\Users\thoma\Documents\Cyber Crimes Tools\Takeout Zips\takeout-20260602T071913Z-11-009.zip,takeout-20260602T071913Z-11-009.zip,Takeout/Drive/Pictures/2011/Nov 8 2011 (14).JPG,C:\Users\thoma\Documents\Cyber Crimes Tools\Takeout Extracted\Takeout\Drive\Pictures\2011\Nov 8 2011 (14).JPG,1153806,2013-02-28 11:18:44,ExtractNamedRelevant
C:\Users\thoma\Documents\Cyber Crimes Tools\Takeout Zips\takeout-20260602T071913Z-11-009.zip,takeout-20260602T071913Z-11-009.zip,Takeout/Drive/Bahama House Basic Bundle.pptx,C:\Users\thoma\Documents\Cyber Crimes Tools\Takeout Extracted\Takeout\Drive\Bahama House Basic Bundle.pptx,2069353,2014-11-25 13:49:48,ExtractEvidenceType
C:\Users\thoma\Documents\Cyber Crimes Tools\Takeout Zips\takeout-20260602T071913Z-11-009.zip,takeout-20260602T071913Z-11-009.zip,Takeout/Drive/Pictures/2011/Nov 8 2011 (13).JPG,C:\Users\thoma\Documents\Cyber Crimes Tools\Takeout Extracted\Takeout\Drive\Pictures\2011\Nov 8 2011 (13).JPG,1163025,2013-02-28 11:18:36,ExtractNamedRelevant
C:\Users\thoma\Documents\Cyber Crimes Tools\Takeout Zips\takeout-20260602T071913Z-11-009.zip,takeout-20260602T071913Z-11-009.zip,Takeout/Drive/Pictures/2010/Road trip to Fl with Kameron-Nov 2010 (32).JPG,C:\Users\thoma\Documents\Cyber Crimes Tools\Takeout Extracted\Takeout\Drive\Pictures\2010\Road trip to Fl with Kameron-Nov 2010 (32).JPG,1021138,2013-02-27 17:43:26,ExtractNamedRelevant
C:\Users\thoma\Documents\Cyber Crimes Tools\Takeout Zips\takeout-20260602T071913Z-11-009.zip,takeout-20260602T071913Z-11-009.zip,Takeout/Drive/Pictures/2011/Nov 8 2011 (12).JPG,C:\Users\thoma\Documents\Cyber Crimes Tools\Takeout Extracted\Takeout\Drive\Pictures\2011\Nov 8 2011 (12).JPG,1215928,2013-02-28 11:18:26,ExtractNamedRelevant
C:\Users\thoma\Documents\Cyber Crimes Tools\Takeout Zips\takeout-20260602T071913Z-11-009.zip,takeout-20260602T071913Z-11-009.zip,Takeout/Drive/Pictures/2010/Road trip to Fl with Kameron-Nov 2010 (31).JPG,C:\Users\thoma\Documents\Cyber Crimes Tools\Takeout Extracted\Takeout\Drive\Pictures\2010\Road trip to Fl with Kameron-Nov 2010 (31).JPG,1060796,2013-02-27 17:43:16,ExtractNamedRelevant
C:\Users\thoma\Documents\Cyber Crimes Tools\Takeout Zips\takeout-20260602T071913Z-11-009.zip,takeout-20260602T071913Z-11-009.zip,Takeout/Drive/Pictures/2011/Nov 8 2011 (11).JPG,C:\Users\thoma\Documents\Cyber Crimes Tools\Takeout Extracted\Takeout\Drive\Pictures\2011\Nov 8 2011 (11).JPG,1060138,2013-02-28 11:18:18,ExtractNamedRelevant
C:\Users\thoma\Documents\Cyber Crimes Tools\Takeout Zips\takeout-20260602T071913Z-11-009.zip,takeout-20260602T071913Z-11-009.zip,Takeout/Drive/Pictures/2010/Road trip to Fl with Kameron-Nov 2010 (30).JPG,C:\Users\thoma\Documents\Cyber Crimes Tools\Takeout Extracted\Takeout\Drive\Pictures\2010\Road trip to Fl with Kameron-Nov 2010 (30).JPG,1291007,2013-02-27 17:43:12,ExtractNamedRelevant
C:\Users\thoma\Documents\Cyber Crimes Tools\Takeout Zips\takeout-20260602T071913Z-11-009.zip,takeout-20260602T071913Z-11-009.zip,Takeout/Drive/Pictures/2010/Road trip to Fl with Kameron-Nov 2010 (3).JPG,C:\Users\thoma\Documents\Cyber Crimes Tools\Takeout Extracted\Takeout\Drive\Pictures\2010\Road trip to Fl with Kameron-Nov 2010 (3).JPG,1148350,2013-02-27 17:43:04,ExtractNamedRelevant
C:\Users\thoma\Documents\Cyber Crimes Tools\Takeout Zips\takeout-20260602T071913Z-11-009.zip,takeout-20260602T071913Z-11-009.zip,Takeout/Drive/Pictures/2011/Nov 8 2011 (10).JPG,C:\Users\thoma\Documents\Cyber Crimes Tools\Takeout Extracted\Takeout\Drive\Pictures\2011\Nov 8 2011 (10).JPG,928805,2013-02-28 11:18:10,ExtractNamedRelevant
C:\Users\thoma\Documents\Cyber Crimes Tools\Takeout Zips\takeout-20260602T071913Z-11-009.zip,takeout-20260602T071913Z-11-009.zip,Takeout/Drive/Pictures/2010/Road trip to Fl with Kameron-Nov 2010 (33).JPG,C:\Users\thoma\Documents\Cyber Crimes Tools\Takeout Extracted\Takeout\Drive\Pictures\2010\Road trip to Fl with Kameron-Nov 2010 (33).JPG,1079413,2013-02-27 17:43:32,ExtractNamedRelevant
C:\Users\thoma\Documents\Cyber Crimes Tools\Takeout Zips\takeout-20260602T071913Z-11-009.zip,takeout-20260602T071913Z-11-009.zip,Takeout/Drive/Pictures/2010/Road trip to Fl with Kameron-Nov 2010 (29).JPG,C:\Users\thoma\Documents\Cyber Crimes Tools\Takeout Extracted\Takeout\Drive\Pictures\2010\Road trip to Fl with Kameron-Nov 2010 (29).JPG,1137199,2013-02-27 17:43:00,ExtractNamedRelevant
C:\Users\thoma\Documents\Cyber Crimes Tools\Takeout Zips\takeout-20260602T071913Z-11-009.zip,takeout-20260602T071913Z-11-009.zip,Takeout/Drive/Pictures/2011/Nov 8 2011 (1).JPG,C:\Users\thoma\Documents\Cyber Crimes Tools\Takeout Extracted\Takeout\Drive\Pictures\2011\Nov 8 2011 (1).JPG,1265170,2013-02-28 11:18:02,ExtractNamedRelevant
C:\Users\thoma\Documents\Cyber Crimes Tools\Takeout Zips\takeout-20260602T071913Z-11-009.zip,takeout-20260602T071913Z-11-009.zip,Takeout/Drive/Pictures/2009/SB Zoo 2009 (8).jpg,C:\Users\thoma\Documents\Cyber Crimes Tools\Takeout Extracted\Takeout\Drive\Pictures\2009\SB Zoo 2009 (8).jpg,278264,2013-02-27 11:19:12,ExtractNamedRelevant
C:\Users\thoma\Documents\Cyber Crimes Tools\Takeout Zips\takeout-20260602T071913Z-11-009.zip,takeout-20260602T071913Z-11-009.zip,Takeout/Drive/Pictures/2009/SB Zoo 2009 (6).jpg,C:\Users\thoma\Documents\Cyber Crimes Tools\Takeout Extracted\Takeout\Drive\Pictures\2009\SB Zoo 2009 (6).jpg,308526,2013-02-27 11:19:08,ExtractNamedRelevant
C:\Users\thoma\Documents\Cyber Crimes Tools\Takeout Zips\takeout-20260602T071913Z-11-009.zip,takeout-20260602T071913Z-11-009.zip,Takeout/Drive/Pictures/2010/Road trip to Fl with Kameron-Nov 2010 (28).JPG,C:\Users\thoma\Documents\Cyber Crimes Tools\Takeout Extracted\Takeout\Drive\Pictures\2010\Road trip to Fl with Kameron-Nov 2010 (28).JPG,1172604,2013-02-27 17:42:54,ExtractNamedRelevant
C:\Users\thoma\Documents\Cyber Crimes Tools\Takeout Zips\takeout-20260602T071913Z-11-009.zip,takeout-20260602T071913Z-11-009.zip,Takeout/Drive/Pictures/2009/SB Zoo 2009 (7).jpg,C:\Users\thoma\Documents\Cyber Crimes Tools\Takeout Extracted\Takeout\Drive\Pictures\2009\SB Zoo 2009 (7).jpg,335541,2013-02-27 11:19:10,ExtractNamedRelevant
C:\Users\thoma\Documents\Cyber Crimes Tools\Takeout Zips\takeout-20260602T071913Z-11-009.zip,takeout-20260602T071913Z-11-009.zip,Takeout/Drive/Pictures/2010/Road trip to Fl with Kameron-Nov 2010 (27).JPG,C:\Users\thoma\Documents\Cyber Crimes Tools\Takeout Extracted\Takeout\Drive\Pictures\2010\Road trip to Fl with Kameron-Nov 2010 (27).JPG,1019094,2013-02-27 17:42:50,ExtractNamedRelevant
C:\Users\thoma\Documents\Cyber Crimes Tools\Takeout Zips\takeout-20260602T071913Z-11-009.zip,takeout-20260602T071913Z-11-009.zip,Takeout/Drive/Pictures/2009/SB Zoo 2009 (3).jpg,C:\Users\thoma\Documents\Cyber Crimes Tools\Takeout Extracted\Takeout\Drive\Pictures\2009\SB Zoo 2009 (3).jpg,327019,2013-02-27 11:19:04,ExtractNamedRelevant
C:\Users\thoma\Documents\Cyber Crimes Tools\Takeout Zips\takeout-20260602T071913Z-11-009.zip,takeout-20260602T071913Z-11-009.zip,Takeout/Drive/Pictures/2009/SB Zoo 2009 (4).jpg,C:\Users\thoma\Documents\Cyber Crimes Tools\Takeout Extracted\Takeout\Drive\Pictures\2009\SB Zoo 2009 (4).jpg,284625,2013-02-27 11:19:06,ExtractNamedRelevant
C:\Users\thoma\Documents\Cyber Crimes Tools\Takeout Zips\takeout-20260602T071913Z-11-009.zip,takeout-20260602T071913Z-11-009.zip,Takeout/Drive/Pictures/2009/Nov 2009 (9).JPG,C:\Users\thoma\Documents\Cyber Crimes Tools\Takeout Extracted\Takeout\Drive\Pictures\2009\Nov 2009 (9).JPG,2278355,2013-02-27 11:18:58,ExtractNamedRelevant
C:\Users\thoma\Documents\Cyber Crimes Tools\Takeout Zips\takeout-20260602T071913Z-11-009.zip,takeout-20260602T071913Z-11-009.zip,Takeout/Drive/Pictures/2010/Road trip to Fl with Kameron-Nov 2010 (26).JPG,C:\Users\thoma\Documents\Cyber Crimes Tools\Takeout Extracted\Takeout\Drive\Pictures\2010\Road trip to Fl with Kameron-Nov 2010 (26).JPG,1150563,2013-02-27 17:42:46,ExtractNamedRelevant
C:\Users\thoma\Documents\Cyber Crimes Tools\Takeout Zips\takeout-20260602T071913Z-11-009.zip,takeout-20260602T071913Z-11-009.zip,Takeout/Drive/Pictures/2009/Nov 2009 (6).JPG,C:\Users\thoma\Documents\Cyber Crimes Tools\Takeout Extracted\Takeout\Drive\Pictures\2009\Nov 2009 (6).JPG,2622920,2013-02-27 11:18:28,ExtractNamedRelevant
C:\Users\thoma\Documents\Cyber Crimes Tools\Takeout Zips\takeout-20260602T071913Z-11-009.zip,takeout-20260602T071913Z-11-009.zip,Takeout/Drive/Pictures/2009/Nov 2009 (8).JPG,C:\Users\thoma\Documents\Cyber Crimes Tools\Takeout Extracted\Takeout\Drive\Pictures\2009\Nov 2009 (8).JPG,2679904,2013-02-27 11:18:48,ExtractNamedRelevant
C:\Users\thoma\Documents\Cyber Crimes Tools\Takeout Zips\takeout-20260602T071913Z-11-009.zip,takeout-20260602T071913Z-11-009.zip,Takeout/Drive/Pictures/2009/Nov 2009 (5).JPG,C:\Users\thoma\Documents\Cyber Crimes Tools\Takeout Extracted\Takeout\Drive\Pictures\2009\Nov 2009 (5).JPG,2434833,2013-02-27 11:18:18,ExtractNamedRelevant
C:\Users\thoma\Documents\Cyber Crimes Tools\Takeout Zips\takeout-20260602T071913Z-11-009.zip,takeout-20260602T071913Z-11-009.zip,Takeout/Drive/Pictures/2009/Nov 2009 (4).JPG,C:\Users\thoma\Documents\Cyber Crimes Tools\Takeout Extracted\Takeout\Drive\Pictures\2009\Nov 2009 (4).JPG,2564833,2013-02-27 11:18:08,ExtractNamedRelevant
C:\Users\thoma\Documents\Cyber Crimes Tools\Takeout Zips\takeout-20260602T071913Z-11-009.zip,takeout-20260602T071913Z-11-009.zip,Takeout/Drive/Pictures/2009/Nov 2009 (7).JPG,C:\Users\thoma\Documents\Cyber Crimes Tools\Takeout Extracted\Takeout\Drive\Pictures\2009\Nov 2009 (7).JPG,2573170,2013-02-27 11:18:38,ExtractNamedRelevant
C:\Users\thoma\Documents\Cyber Crimes Tools\Takeout Zips\takeout-20260602T071913Z-11-009.zip,takeout-20260602T071913Z-11-009.zip,Takeout/Drive/Discretionary Trading Authority - Lucror Capita.pdf,C:\Users\thoma\Documents\Cyber Crimes Tools\Takeout Extracted\Takeout\Drive\Discretionary Trading Authority - Lucror Capita.pdf,197804,2012-05-27 20:45:46,ExtractEvidenceType
C:\Users\thoma\Documents\Cyber Crimes Tools\Takeout Zips\takeout-20260602T071913Z-11-009.zip,takeout-20260602T071913Z-11-009.zip,Takeout/Drive/Pictures/2009/Nov 2009 (15).JPG,C:\Users\thoma\Documents\Cyber Crimes Tools\Takeout Extracted\Takeout\Drive\Pictures\2009\Nov 2009 (15).JPG,2352701,2013-02-27 11:17:36,ExtractNamedRelevant
C:\Users\thoma\Documents\Cyber Crimes Tools\Takeout Zips\takeout-20260602T071913Z-11-009.zip,takeout-20260602T071913Z-11-009.zip,Takeout/Drive/Pictures/2009/Nov 2009 (11).png,C:\Users\thoma\Documents\Cyber Crimes Tools\Takeout Extracted\Takeout\Drive\Pictures\2009\Nov 2009 (11).png,404345,2013-02-27 11:16:58,ExtractNamedRelevant
C:\Users\thoma\Documents\Cyber Crimes Tools\Takeout Zips\takeout-20260602T071913Z-11-009.zip,takeout-20260602T071913Z-11-009.zip,Takeout/Drive/SpaFinder Entire List SpaFinder.xlsx,C:\Users\thoma\Documents\Cyber Crimes Tools\Takeout Extracted\Takeout\Drive\SpaFinder Entire List SpaFinder.xlsx,24545,2015-11-24 07:43:20,ExtractEvidenceType
C:\Users\thoma\Documents\Cyber Crimes Tools\Takeout Zips\takeout-20260602T071913Z-11-009.zip,takeout-20260602T071913Z-11-009.zip,Takeout/Drive/Replicated Site URL Redirects List.xlsx,C:\Users\thoma\Documents\Cyber Crimes Tools\Takeout Extracted\Takeout\Drive\Replicated Site URL Redirects List.xlsx,9519,2012-05-15 16:44:20,ExtractEvidenceType
C:\Users\thoma\Documents\Cyber Crimes Tools\Takeout Zips\takeout-20260602T071913Z-11-009.zip,takeout-20260602T071913Z-11-009.zip,"Takeout/Drive/Copy of Avery Shipping Labels, 6 per sheet.docx","C:\Users\thoma\Documents\Cyber Crimes Tools\Takeout Extracted\Takeout\Drive\Copy of Avery Shipping Labels, 6 per sheet.docx",10435,2012-05-23 11:17:40,ExtractEvidenceType
C:\Users\thoma\Documents\Cyber Crimes Tools\Takeout Zips\takeout-20260602T071913Z-11-009.zip,takeout-20260602T071913Z-11-009.zip,Takeout/Drive/Bahama House Coupon Calculation.xlsx,C:\Users\thoma\Documents\Cyber Crimes Tools\Takeout Extracted\Takeout\Drive\Bahama House Coupon Calculation.xlsx,4382,2014-06-05 08:29:32,ExtractEvidenceType
C:\Users\thoma\Documents\Cyber Crimes Tools\Takeout Zips\takeout-20260602T071913Z-11-009.zip,takeout-20260602T071913Z-11-009.zip,Takeout/Drive/Pictures/2011/Marine Center (3).JPG,C:\Users\thoma\Documents\Cyber Crimes Tools\Takeout Extracted\Takeout\Drive\Pictures\2011\Marine Center (3).JPG,1268233,2013-02-28 09:05:12,ExtractNamedRelevant
C:\Users\thoma\Documents\Cyber Crimes Tools\Takeout Zips\takeout-20260602T071913Z-11-009.zip,takeout-20260602T071913Z-11-009.zip,Takeout/Drive/It Works Review Bloggers Master List.xlsx,C:\Users\thoma\Documents\Cyber Crimes Tools\Takeout Extracted\Takeout\Drive\It Works Review Bloggers Master List.xlsx,95245,2015-05-11 07:05:54,ExtractEvidenceType
C:\Users\thoma\Documents\Cyber Crimes Tools\Takeout Zips\takeout-20260602T071913Z-11-009.zip,takeout-20260602T071913Z-11-009.zip,Takeout/Drive/Movies/VIDEO_TS/VTS_07_0.VOB,C:\Users\thoma\Documents\Cyber Crimes Tools\Takeout Extracted\Takeout\Drive\Movies\VIDEO_TS\VTS_07_0.VOB,116736,2011-03-14 18:04:00,ExtractNamedRelevant
C:\Users\thoma\Documents\Cyber Crimes Tools\Takeout Zips\takeout-20260602T071913Z-11-009.zip,takeout-20260602T071913Z-11-009.zip,Takeout/Drive/Movies/VIDEO_TS/VIDEO_TS.VOB,C:\Users\thoma\Documents\Cyber Crimes Tools\Takeout Extracted\Takeout\Drive\Movies\VIDEO_TS\VIDEO_TS.VOB,116736,2011-03-14 18:04:04,ExtractNamedRelevant
C:\Users\thoma\Documents\Cyber Crimes Tools\Takeout Zips\takeout-20260602T071913Z-11-009.zip,takeout-20260602T071913Z-11-009.zip,Takeout/Drive/Family Birthday Lists.xlsx,C:\Users\thoma\Documents\Cyber Crimes Tools\Takeout Extracted\Takeout\Drive\Family Birthday Lists.xlsx,4871,2011-04-17 07:24:18,ExtractEvidenceType
C:\Users\thoma\Documents\Cyber Crimes Tools\Takeout Zips\takeout-20260602T071913Z-11-009.zip,takeout-20260602T071913Z-11-009.zip,Takeout/Drive/Credit Application-ECO-GEN.docx,C:\Users\thoma\Documents\Cyber Crimes Tools\Takeout Extracted\Takeout\Drive\Credit Application-ECO-GEN.docx,107388,2019-03-02 11:13:18,ExtractEvidenceType
C:\Users\thoma\Documents\Cyber Crimes Tools\Takeout Zips\takeout-20260602T071913Z-11-009.zip,takeout-20260602T071913Z-11-009.zip,Takeout/Drive/Copy of Helo_BusinessPlan_May_2019_Edits.docx-driv.html,C:\Users\thoma\Documents\Cyber Crimes Tools\Takeout Extracted\Takeout\Drive\Copy of Helo_BusinessPlan_May_2019_Edits.docx-driv.html,3403,2019-06-26 20:20:02,ExtractEvidenceType
C:\Users\thoma\Documents\Cyber Crimes Tools\Takeout Zips\takeout-20260602T071913Z-11-009.zip,takeout-20260602T071913Z-11-009.zip,Takeout/Drive/ThomasHurdFA.docx,C:\Users\thoma\Documents\Cyber Crimes Tools\Takeout Extracted\Takeout\Drive\ThomasHurdFA.docx,51347,2020-07-12 19:51:14,ExtractEvidenceType
C:\Users\thoma\Documents\Cyber Crimes Tools\Takeout Zips\takeout-20260602T071913Z-11-009.zip,takeout-20260602T071913Z-11-009.zip,Takeout/Drive/Mia 1 & 2.xlsx,C:\Users\thoma\Documents\Cyber Crimes Tools\Takeout Extracted\Takeout\Drive\Mia 1 & 2.xlsx,4351,2014-04-01 17:08:36,ExtractEvidenceType
C:\Users\thoma\Documents\Cyber Crimes Tools\Takeout Zips\takeout-20260602T071913Z-11-009.zip,takeout-20260602T071913Z-11-009.zip,Takeout/Drive/Tom Hurd Legal/Response to General Interrogatories(2).docx,C:\Users\thoma\Documents\Cyber Crimes Tools\Takeout Extracted\Takeout\Drive\Tom Hurd Legal\Response to General Interrogatories(2).docx,12945,2014-01-12 14:05:20,ExtractEvidenceType
C:\Users\thoma\Documents\Cyber Crimes Tools\Takeout Zips\takeout-20260602T071913Z-11-009.zip,takeout-20260602T071913Z-11-009.zip,Takeout/Drive/Untitled spreadsheet(28).xlsx,C:\Users\thoma\Documents\Cyber Crimes Tools\Takeout Extracted\Takeout\Drive\Untitled spreadsheet(28).xlsx,4206,2013-09-16 13:10:16,ExtractEvidenceType
C:\Users\thoma\Documents\Cyber Crimes Tools\Takeout Zips\takeout-20260602T071913Z-11-009.zip,takeout-20260602T071913Z-11-009.zip,Takeout/Drive/Tom Hurd Legal/Response to General Interrogatories(1).docx,C:\Users\thoma\Documents\Cyber Crimes Tools\Takeout Extracted\Takeout\Drive\Tom Hurd Legal\Response to General Interrogatories(1).docx,8551,2014-01-12 14:06:18,ExtractEvidenceType
C:\Users\thoma\Documents\Cyber Crimes Tools\Takeout Zips\takeout-20260602T071913Z-11-009.zip,takeout-20260602T071913Z-11-009.zip,Takeout/Drive/Pictures/2010/new pics 374.jpg,C:\Users\thoma\Documents\Cyber Crimes Tools\Takeout Extracted\Takeout\Drive\Pictures\2010\new pics 374.jpg,25368,2013-02-27 14:41:44,ExtractNamedRelevant
C:\Users\thoma\Documents\Cyber Crimes Tools\Takeout Zips\takeout-20260602T071913Z-11-009.zip,takeout-20260602T071913Z-11-009.zip,Takeout/Drive/Pictures/2010/new pics 371.jpg,C:\Users\thoma\Documents\Cyber Crimes Tools\Takeout Extracted\Takeout\Drive\Pictures\2010\new pics 371.jpg,25139,2013-02-27 14:41:38,ExtractNamedRelevant
C:\Users\thoma\Documents\Cyber Crimes Tools\Takeout Zips\takeout-20260602T071913Z-11-009.zip,takeout-20260602T071913Z-11-009.zip,Takeout/Drive/Campaign Tracking Spreadsheet.xlsx,C:\Users\thoma\Documents\Cyber Crimes Tools\Takeout Extracted\Takeout\Drive\Campaign Tracking Spreadsheet.xlsx,11594,2011-05-27 12:49:28,ExtractEvidenceType
C:\Users\thoma\Documents\Cyber Crimes Tools\Takeout Zips\takeout-20260602T071913Z-11-009.zip,takeout-20260602T071913Z-11-009.zip,Takeout/Drive/HELO Organix.kmz,C:\Users\thoma\Documents\Cyber Crimes Tools\Takeout Extracted\Takeout\Drive\HELO Organix.kmz,289,2019-06-05 21:08:04,SkippedExisting
C:\Users\thoma\Documents\Cyber Crimes Tools\Takeout Zips\takeout-20260602T071913Z-11-009.zip,takeout-20260602T071913Z-11-009.zip,Takeout/Drive/Solar Contact Sheet.xlsx,C:\Users\thoma\Documents\Cyber Crimes Tools\Takeout Extracted\Takeout\Drive\Solar Contact Sheet.xlsx,4309,2010-11-15 17:00:22,SkippedExisting
C:\Users\thoma\Documents\Cyber Crimes Tools\Takeout Zips\takeout-20260602T071913Z-11-010.zip,takeout-20260602T071913Z-11-010.zip,Takeout/Drive/Movies/VIDEO_TS/VTS_01_4.VOB,C:\Users\thoma\Documents\Cyber Crimes Tools\Takeout Extracted\Takeout\Drive\Movies\VIDEO_TS\VTS_01_4.VOB,1073565696,2011-03-14 18:03:04,SkipLargeMediaEvenIfNamed
C:\Users\thoma\Documents\Cyber Crimes Tools\Takeout Zips\takeout-20260602T071913Z-11-010.zip,takeout-20260602T071913Z-11-010.zip,Takeout/Drive/Movies/VIDEO_TS/VTS_01_3.VOB,C:\Users\thoma\Documents\Cyber Crimes Tools\Takeout Extracted\Takeout\Drive\Movies\VIDEO_TS\VTS_01_3.VOB,1073565696,2011-03-14 17:59:36,SkipLargeMediaEvenIfNamed
C:\Users\thoma\Documents\Cyber Crimes Tools\Takeout Zips\takeout-20260602T071913Z-11-010.zip,takeout-20260602T071913Z-11-010.zip,Takeout/Drive/Hurd Family Legal/July 11 Trial/VMC-Part1.mp4,C:\Users\thoma\Documents\Cyber Crimes Tools\Takeout Extracted\Takeout\Drive\Hurd Family Legal\July 11 Trial\VMC-Part1.mp4,723939600,2023-07-05 10:45:44,SkipLargeMediaEvenIfNamed
C:\Users\thoma\Documents\Cyber Crimes Tools\Takeout Zips\takeout-20260602T071913Z-11-010.zip,takeout-20260602T071913Z-11-010.zip,Takeout/Drive/Pictures/2009/Nov 2009 (3).JPG,C:\Users\thoma\Documents\Cyber Crimes Tools\Takeout Extracted\Takeout\Drive\Pictures\2009\Nov 2009 (3).JPG,2456611,2013-02-27 11:17:56,ExtractNamedRelevant
C:\Users\thoma\Documents\Cyber Crimes Tools\Takeout Zips\takeout-20260602T071913Z-11-010.zip,takeout-20260602T071913Z-11-010.zip,Takeout/Drive/Pictures/2009/Nov 2009 (2).JPG,C:\Users\thoma\Documents\Cyber Crimes Tools\Takeout Extracted\Takeout\Drive\Pictures\2009\Nov 2009 (2).JPG,2762503,2013-02-27 11:17:46,ExtractNamedRelevant
C:\Users\thoma\Documents\Cyber Crimes Tools\Takeout Zips\takeout-20260602T071913Z-11-010.zip,takeout-20260602T071913Z-11-010.zip,Takeout/Drive/Pictures/2009/Nov 2009 (13).JPG,C:\Users\thoma\Documents\Cyber Crimes Tools\Takeout Extracted\Takeout\Drive\Pictures\2009\Nov 2009 (13).JPG,2378493,2013-02-27 11:17:18,ExtractNamedRelevant
C:\Users\thoma\Documents\Cyber Crimes Tools\Takeout Zips\takeout-20260602T071913Z-11-010.zip,takeout-20260602T071913Z-11-010.zip,Takeout/Drive/Pictures/2009/Nov 2009 (14).JPG,C:\Users\thoma\Documents\Cyber Crimes Tools\Takeout Extracted\Takeout\Drive\Pictures\2009\Nov 2009 (14).JPG,2436606,2013-02-27 11:17:26,ExtractNamedRelevant
C:\Users\thoma\Documents\Cyber Crimes Tools\Takeout Zips\takeout-20260602T071913Z-11-010.zip,takeout-20260602T071913Z-11-010.zip,Takeout/Drive/Pictures/2009/Nov 2009 (12).JPG,C:\Users\thoma\Documents\Cyber Crimes Tools\Takeout Extracted\Takeout\Drive\Pictures\2009\Nov 2009 (12).JPG,2620134,2013-02-27 11:17:08,ExtractNamedRelevant
C:\Users\thoma\Documents\Cyber Crimes Tools\Takeout Zips\takeout-20260602T071913Z-11-010.zip,takeout-20260602T071913Z-11-010.zip,Takeout/Drive/Pictures/2009/Nov 2009 (11).JPG,C:\Users\thoma\Documents\Cyber Crimes Tools\Takeout Extracted\Takeout\Drive\Pictures\2009\Nov 2009 (11).JPG,1899792,2013-02-27 11:16:56,ExtractNamedRelevant
C:\Users\thoma\Documents\Cyber Crimes Tools\Takeout Zips\takeout-20260602T071913Z-11-010.zip,takeout-20260602T071913Z-11-010.zip,Takeout/Drive/Helo Letter Head.docx,C:\Users\thoma\Documents\Cyber Crimes Tools\Takeout Extracted\Takeout\Drive\Helo Letter Head.docx,361609,2019-07-24 11:51:26,SkippedExisting
C:\Users\thoma\Documents\Cyber Crimes Tools\Takeout Zips\takeout-20260602T071913Z-11-010.zip,takeout-20260602T071913Z-11-010.zip,Takeout/Drive/Pictures/to be organzed/Pictures/2009/09122009-Rio-Sierra 001.jpg,C:\Users\thoma\Documents\Cyber Crimes Tools\Takeout Extracted\Takeout\Drive\Pictures\to be organzed\Pictures\2009\09122009-Rio-Sierra 001.jpg,635578,2013-02-28 15:07:04,SkippedExisting
C:\Users\thoma\Documents\Cyber Crimes Tools\Takeout Zips\takeout-20260602T071913Z-11-010.zip,takeout-20260602T071913Z-11-010.zip,Takeout/Drive/Pictures/to be organzed/Pictures/2009/2009 003.jpg,C:\Users\thoma\Documents\Cyber Crimes Tools\Takeout Extracted\Takeout\Drive\Pictures\to be organzed\Pictures\2009\2009 003.jpg,686394,2013-02-28 15:07:14,SkippedExisting
C:\Users\thoma\Documents\Cyber Crimes Tools\Takeout Zips\takeout-20260602T071913Z-11-010.zip,takeout-20260602T071913Z-11-010.zip,Takeout/Drive/best-western-proposal July 30 2019.docx,C:\Users\thoma\Documents\Cyber Crimes Tools\Takeout Extracted\Takeout\Drive\best-western-proposal July 30 2019.docx,232841,2019-07-30 14:27:40,SkippedExisting
C:\Users\thoma\Documents\Cyber Crimes Tools\Takeout Zips\takeout-20260602T071913Z-11-010.zip,takeout-20260602T071913Z-11-010.zip,Takeout/Drive/Flat.File.Health.xlsx,C:\Users\thoma\Documents\Cyber Crimes Tools\Takeout Extracted\Takeout\Drive\Flat.File.Health.xlsx,641956,2013-08-08 12:21:40,SkippedExisting
C:\Users\thoma\Documents\Cyber Crimes Tools\Takeout Zips\takeout-20260602T071913Z-11-010.zip,takeout-20260602T071913Z-11-010.zip,Takeout/Drive/Discretionary Trading Authority - Lucror Capita.pdf(1).docx,C:\Users\thoma\Documents\Cyber Crimes Tools\Takeout Extracted\Takeout\Drive\Discretionary Trading Authority - Lucror Capita.pdf(1).docx,320497,2012-04-23 11:26:18,SkippedExisting
C:\Users\thoma\Documents\Cyber Crimes Tools\Takeout Zips\takeout-20260602T071913Z-11-010.zip,takeout-20260602T071913Z-11-010.zip,Takeout/Drive/Pictures/2011/Nov 7 2011 (7).JPG,C:\Users\thoma\Documents\Cyber Crimes Tools\Takeout Extracted\Takeout\Drive\Pictures\2011\Nov 7 2011 (7).JPG,1614119,2013-02-28 11:17:44,SkippedExisting
C:\Users\thoma\Documents\Cyber Crimes Tools\Takeout Zips\takeout-20260602T071913Z-11-010.zip,takeout-20260602T071913Z-11-010.zip,Takeout/Drive/THE Hurd Budget.xlsx,C:\Users\thoma\Documents\Cyber Crimes Tools\Takeout Extracted\Takeout\Drive\THE Hurd Budget.xlsx,141841,2015-11-18 20:42:08,SkippedExisting
C:\Users\thoma\Documents\Cyber Crimes Tools\Takeout Zips\takeout-20260602T071913Z-11-010.zip,takeout-20260602T071913Z-11-010.zip,Takeout/Drive/Pictures/2011/Nov 7 2011 (6).JPG,C:\Users\thoma\Documents\Cyber Crimes Tools\Takeout Extracted\Takeout\Drive\Pictures\2011\Nov 7 2011 (6).JPG,625776,2013-02-28 11:17:32,SkippedExisting
C:\Users\thoma\Documents\Cyber Crimes Tools\Takeout Zips\takeout-20260602T071913Z-11-010.zip,takeout-20260602T071913Z-11-010.zip,Takeout/Drive/Pictures/2011/Nov 7 2011 (8).JPG,C:\Users\thoma\Documents\Cyber Crimes Tools\Takeout Extracted\Takeout\Drive\Pictures\2011\Nov 7 2011 (8).JPG,954695,2013-02-28 11:17:52,SkippedExisting
C:\Users\thoma\Documents\Cyber Crimes Tools\Takeout Zips\takeout-20260602T071913Z-11-010.zip,takeout-20260602T071913Z-11-010.zip,Takeout/Drive/Pictures/2011/Nov 7 2011 (2).JPG,C:\Users\thoma\Documents\Cyber Crimes Tools\Takeout Extracted\Takeout\Drive\Pictures\2011\Nov 7 2011 (2).JPG,2674341,2013-02-28 11:16:40,SkippedExisting
C:\Users\thoma\Documents\Cyber Crimes Tools\Takeout Zips\takeout-20260602T071913Z-11-010.zip,takeout-20260602T071913Z-11-010.zip,Takeout/Drive/Pictures/2011/Nov 7 2011 (3).JPG,C:\Users\thoma\Documents\Cyber Crimes Tools\Takeout Extracted\Takeout\Drive\Pictures\2011\Nov 7 2011 (3).JPG,2522161,2013-02-28 11:16:58,SkippedExisting
C:\Users\thoma\Documents\Cyber Crimes Tools\Takeout Zips\takeout-20260602T071913Z-11-010.zip,takeout-20260602T071913Z-11-010.zip,Takeout/Drive/Instant Customer Loyal Customers.xlsx,C:\Users\thoma\Documents\Cyber Crimes Tools\Takeout Extracted\Takeout\Drive\Instant Customer Loyal Customers.xlsx,121794,2013-10-06 15:39:48,SkippedExisting
C:\Users\thoma\Documents\Cyber Crimes Tools\Takeout Zips\takeout-20260602T071913Z-11-010.zip,takeout-20260602T071913Z-11-010.zip,Takeout/Drive/Pictures/2011/Nov 7 2011 (5).JPG,C:\Users\thoma\Documents\Cyber Crimes Tools\Takeout Extracted\Takeout\Drive\Pictures\2011\Nov 7 2011 (5).JPG,1357240,2013-02-28 11:17:28,SkippedExisting
C:\Users\thoma\Documents\Cyber Crimes Tools\Takeout Zips\takeout-20260602T071913Z-11-010.zip,takeout-20260602T071913Z-11-010.zip,Takeout/Drive/Pictures/2011/Nov 7 2011 (1).JPG,C:\Users\thoma\Documents\Cyber Crimes Tools\Takeout Extracted\Takeout\Drive\Pictures\2011\Nov 7 2011 (1).JPG,2344664,2013-02-28 11:16:22,SkippedExisting
C:\Users\thoma\Documents\Cyber Crimes Tools\Takeout Zips\takeout-20260602T071913Z-11-010.zip,takeout-20260602T071913Z-11-010.zip,Takeout/Drive/Pictures/2011/Nov 7 2011 (4).JPG,C:\Users\thoma\Documents\Cyber Crimes Tools\Takeout Extracted\Takeout\Drive\Pictures\2011\Nov 7 2011 (4).JPG,2601945,2013-02-28 11:17:16,SkippedExisting
C:\Users\thoma\Documents\Cyber Crimes Tools\Takeout Zips\takeout-20260602T071913Z-11-010.zip,takeout-20260602T071913Z-11-010.zip,Takeout/Drive/Pictures/2011/Nov 12 2011 (55).JPG,C:\Users\thoma\Documents\Cyber Crimes Tools\Takeout Extracted\Takeout\Drive\Pictures\2011\Nov 12 2011 (55).JPG,1521220,2013-02-28 11:15:02,SkippedExisting
C:\Users\thoma\Documents\Cyber Crimes Tools\Takeout Zips\takeout-20260602T071913Z-11-010.zip,takeout-20260602T071913Z-11-010.zip,Takeout/Drive/Pictures/2011/Nov 12 2011 (7).JPG,C:\Users\thoma\Documents\Cyber Crimes Tools\Takeout Extracted\Takeout\Drive\Pictures\2011\Nov 12 2011 (7).JPG,1722711,2013-02-28 11:15:36,SkippedExisting
C:\Users\thoma\Documents\Cyber Crimes Tools\Takeout Zips\takeout-20260602T071913Z-11-010.zip,takeout-20260602T071913Z-11-010.zip,Takeout/Drive/Pictures/2011/Nov 12 2011 (56).JPG,C:\Users\thoma\Documents\Cyber Crimes Tools\Takeout Extracted\Takeout\Drive\Pictures\2011\Nov 12 2011 (56).JPG,1434958,2013-02-28 11:15:14,SkippedExisting
C:\Users\thoma\Documents\Cyber Crimes Tools\Takeout Zips\takeout-20260602T071913Z-11-010.zip,takeout-20260602T071913Z-11-010.zip,Takeout/Drive/Pictures/2011/Nov 12 2011 (57).JPG,C:\Users\thoma\Documents\Cyber Crimes Tools\Takeout Extracted\Takeout\Drive\Pictures\2011\Nov 12 2011 (57).JPG,1578569,2013-02-28 11:15:24,SkippedExisting
C:\Users\thoma\Documents\Cyber Crimes Tools\Takeout Zips\takeout-20260602T071913Z-11-010.zip,takeout-20260602T071913Z-11-010.zip,Takeout/Drive/Pictures/2011/Nov 12 2011 (9).JPG,C:\Users\thoma\Documents\Cyber Crimes Tools\Takeout Extracted\Takeout\Drive\Pictures\2011\Nov 12 2011 (9).JPG,1596262,2013-02-28 11:16:06,SkippedExisting
C:\Users\thoma\Documents\Cyber Crimes Tools\Takeout Zips\takeout-20260602T071913Z-11-010.zip,takeout-20260602T071913Z-11-010.zip,Takeout/Drive/Pictures/2011/Nov 12 2011 (8).JPG,C:\Users\thoma\Documents\Cyber Crimes Tools\Takeout Extracted\Takeout\Drive\Pictures\2011\Nov 12 2011 (8).JPG,2338192,2013-02-28 11:15:54,SkippedExisting
C:\Users\thoma\Documents\Cyber Crimes Tools\Takeout Zips\takeout-20260602T071913Z-11-010.zip,takeout-20260602T071913Z-11-010.zip,Takeout/Drive/Pictures/2010/Road trip to Fl with Kameron-Nov 2010 (25).JPG,C:\Users\thoma\Documents\Cyber Crimes Tools\Takeout Extracted\Takeout\Drive\Pictures\2010\Road trip to Fl with Kameron-Nov 2010 (25).JPG,1044056,2013-02-27 17:42:40,SkippedExisting
C:\Users\thoma\Documents\Cyber Crimes Tools\Takeout Zips\takeout-20260602T071913Z-11-010.zip,takeout-20260602T071913Z-11-010.zip,Takeout/Drive/Pictures/2010/Road trip to Fl with Kameron-Nov 2010 (24).JPG,C:\Users\thoma\Documents\Cyber Crimes Tools\Takeout Extracted\Takeout\Drive\Pictures\2010\Road trip to Fl with Kameron-Nov 2010 (24).JPG,999229,2013-02-27 17:42:34,SkippedExisting
C:\Users\thoma\Documents\Cyber Crimes Tools\Takeout Zips\takeout-20260602T071913Z-11-010.zip,takeout-20260602T071913Z-11-010.zip,Takeout/Drive/Pictures/2011/Nov 12 2011 (53).JPG,C:\Users\thoma\Documents\Cyber Crimes Tools\Takeout Extracted\Takeout\Drive\Pictures\2011\Nov 12 2011 (53).JPG,1868813,2013-02-28 11:14:40,SkippedExisting
C:\Users\thoma\Documents\Cyber Crimes Tools\Takeout Zips\takeout-20260602T071913Z-11-010.zip,takeout-20260602T071913Z-11-010.zip,Takeout/Drive/Pictures/2011/Nov 12 2011 (54).JPG,C:\Users\thoma\Documents\Cyber Crimes Tools\Takeout Extracted\Takeout\Drive\Pictures\2011\Nov 12 2011 (54).JPG,1656211,2013-02-28 11:14:52,SkippedExisting
C:\Users\thoma\Documents\Cyber Crimes Tools\Takeout Zips\takeout-20260602T071913Z-11-010.zip,takeout-20260602T071913Z-11-010.zip,Takeout/Drive/Pictures/2011/Nov 12 2011 (52).JPG,C:\Users\thoma\Documents\Cyber Crimes Tools\Takeout Extracted\Takeout\Drive\Pictures\2011\Nov 12 2011 (52).JPG,2231652,2013-02-28 11:14:26,SkippedExisting
C:\Users\thoma\Documents\Cyber Crimes Tools\Takeout Zips\takeout-20260602T071913Z-11-010.zip,takeout-20260602T071913Z-11-010.zip,Takeout/Drive/Pictures/2010/Road trip to Fl with Kameron-Nov 2010 (23).JPG,C:\Users\thoma\Documents\Cyber Crimes Tools\Takeout Extracted\Takeout\Drive\Pictures\2010\Road trip to Fl with Kameron-Nov 2010 (23).JPG,882389,2013-02-27 17:42:30,SkippedExisting
C:\Users\thoma\Documents\Cyber Crimes Tools\Takeout Zips\takeout-20260602T071913Z-11-010.zip,takeout-20260602T071913Z-11-010.zip,Takeout/Drive/Pictures/2010/Road trip to Fl with Kameron-Nov 2010 (20).JPG,C:\Users\thoma\Documents\Cyber Crimes Tools\Takeout Extracted\Takeout\Drive\Pictures\2010\Road trip to Fl with Kameron-Nov 2010 (20).JPG,868707,2013-02-27 17:42:18,SkippedExisting
C:\Users\thoma\Documents\Cyber Crimes Tools\Takeout Zips\takeout-20260602T071913Z-11-010.zip,takeout-20260602T071913Z-11-010.zip,Takeout/Drive/Pictures/2010/Road trip to Fl with Kameron-Nov 2010 (21).JPG,C:\Users\thoma\Documents\Cyber Crimes Tools\Takeout Extracted\Takeout\Drive\Pictures\2010\Road trip to Fl with Kameron-Nov 2010 (21).JPG,906999,2013-02-27 17:42:22,SkippedExisting
C:\Users\thoma\Documents\Cyber Crimes Tools\Takeout Zips\takeout-20260602T071913Z-11-010.zip,takeout-20260602T071913Z-11-010.zip,Takeout/Drive/Pictures/2011/Nov 12 2011 (50).JPG,C:\Users\thoma\Documents\Cyber Crimes Tools\Takeout Extracted\Takeout\Drive\Pictures\2011\Nov 12 2011 (50).JPG,1681804,2013-02-28 11:13:40,SkippedExisting
C:\Users\thoma\Documents\Cyber Crimes Tools\Takeout Zips\takeout-20260602T071913Z-11-010.zip,takeout-20260602T071913Z-11-010.zip,Takeout/Drive/Pictures/2010/Road trip to Fl with Kameron-Nov 2010 (2).JPG,C:\Users\thoma\Documents\Cyber Crimes Tools\Takeout Extracted\Takeout\Drive\Pictures\2010\Road trip to Fl with Kameron-Nov 2010 (2).JPG,880117,2013-02-27 17:42:10,SkippedExisting
C:\Users\thoma\Documents\Cyber Crimes Tools\Takeout Zips\takeout-20260602T071913Z-11-010.zip,takeout-20260602T071913Z-11-010.zip,Takeout/Drive/Pictures/2011/Nov 12 2011 (51).JPG,C:\Users\thoma\Documents\Cyber Crimes Tools\Takeout Extracted\Takeout\Drive\Pictures\2011\Nov 12 2011 (51).JPG,2077795,2013-02-28 11:13:54,SkippedExisting
C:\Users\thoma\Documents\Cyber Crimes Tools\Takeout Zips\takeout-20260602T071913Z-11-010.zip,takeout-20260602T071913Z-11-010.zip,Takeout/Drive/Pictures/2010/Road trip to Fl with Kameron-Nov 2010 (22).JPG,C:\Users\thoma\Documents\Cyber Crimes Tools\Takeout Extracted\Takeout\Drive\Pictures\2010\Road trip to Fl with Kameron-Nov 2010 (22).JPG,887917,2013-02-27 17:42:26,SkippedExisting
C:\Users\thoma\Documents\Cyber Crimes Tools\Takeout Zips\takeout-20260602T071913Z-11-010.zip,takeout-20260602T071913Z-11-010.zip,Takeout/Drive/Pictures/2011/Nov 12 2011 (49).JPG,C:\Users\thoma\Documents\Cyber Crimes Tools\Takeout Extracted\Takeout\Drive\Pictures\2011\Nov 12 2011 (49).JPG,1978149,2013-02-28 11:13:16,SkippedExisting
C:\Users\thoma\Documents\Cyber Crimes Tools\Takeout Zips\takeout-20260602T071913Z-11-010.zip,takeout-20260602T071913Z-11-010.zip,Takeout/Drive/Pictures/2011/Nov 12 2011 (48).JPG,C:\Users\thoma\Documents\Cyber Crimes Tools\Takeout Extracted\Takeout\Drive\Pictures\2011\Nov 12 2011 (48).JPG,1624480,2013-02-28 11:12:30,SkippedExisting
C:\Users\thoma\Documents\Cyber Crimes Tools\Takeout Zips\takeout-20260602T071913Z-11-010.zip,takeout-20260602T071913Z-11-010.zip,Takeout/Drive/Pictures/2011/Nov 12 2011 (5).JPG,C:\Users\thoma\Documents\Cyber Crimes Tools\Takeout Extracted\Takeout\Drive\Pictures\2011\Nov 12 2011 (5).JPG,1766762,2013-02-28 11:13:28,SkippedExisting
C:\Users\thoma\Documents\Cyber Crimes Tools\Takeout Zips\takeout-20260602T071913Z-11-010.zip,takeout-20260602T071913Z-11-010.zip,Takeout/Drive/Pictures/2010/Road trip to Fl with Kameron-Nov 2010 (19).JPG,C:\Users\thoma\Documents\Cyber Crimes Tools\Takeout Extracted\Takeout\Drive\Pictures\2010\Road trip to Fl with Kameron-Nov 2010 (19).JPG,874246,2013-02-27 17:42:06,SkippedExisting
C:\Users\thoma\Documents\Cyber Crimes Tools\Takeout Zips\takeout-20260602T071913Z-11-010.zip,takeout-20260602T071913Z-11-010.zip,Takeout/Drive/Pictures/2010/Road trip to Fl with Kameron-Nov 2010 (18).JPG,C:\Users\thoma\Documents\Cyber Crimes Tools\Takeout Extracted\Takeout\Drive\Pictures\2010\Road trip to Fl with Kameron-Nov 2010 (18).JPG,1121516,2013-02-27 17:42:02,SkippedExisting
C:\Users\thoma\Documents\Cyber Crimes Tools\Takeout Zips\takeout-20260602T071913Z-11-010.zip,takeout-20260602T071913Z-11-010.zip,Takeout/Drive/Pictures/2011/Nov 12 2011 (45).JPG,C:\Users\thoma\Documents\Cyber Crimes Tools\Takeout Extracted\Takeout\Drive\Pictures\2011\Nov 12 2011 (45).JPG,1568602,2013-02-28 11:12:04,SkippedExisting
C:\Users\thoma\Documents\Cyber Crimes Tools\Takeout Zips\takeout-20260602T071913Z-11-010.zip,takeout-20260602T071913Z-11-010.zip,Takeout/Drive/Pictures/2011/Nov 12 2011 (46).JPG,C:\Users\thoma\Documents\Cyber Crimes Tools\Takeout Extracted\Takeout\Drive\Pictures\2011\Nov 12 2011 (46).JPG,1933939,2013-02-28 11:12:18,SkippedExisting
C:\Users\thoma\Documents\Cyber Crimes Tools\Takeout Zips\takeout-20260602T071913Z-11-010.zip,takeout-20260602T071913Z-11-010.zip,Takeout/Drive/Pictures/2010/Road trip to Fl with Kameron-Nov 2010 (2).MOV,C:\Users\thoma\Documents\Cyber Crimes Tools\Takeout Extracted\Takeout\Drive\Pictures\2010\Road trip to Fl with Kameron-Nov 2010 (2).MOV,931772,2013-02-27 17:42:14,SkippedExisting
C:\Users\thoma\Documents\Cyber Crimes Tools\Takeout Zips\takeout-20260602T071913Z-11-010.zip,takeout-20260602T071913Z-11-010.zip,Takeout/Drive/Pictures/2011/Nov 12 2011 (44).JPG,C:\Users\thoma\Documents\Cyber Crimes Tools\Takeout Extracted\Takeout\Drive\Pictures\2011\Nov 12 2011 (44).JPG,1632800,2013-02-28 11:11:52,SkippedExisting
C:\Users\thoma\Documents\Cyber Crimes Tools\Takeout Zips\takeout-20260602T071913Z-11-010.zip,takeout-20260602T071913Z-11-010.zip,Takeout/Drive/Pictures/2010/Road trip to Fl with Kameron-Nov 2010 (16).JPG,C:\Users\thoma\Documents\Cyber Crimes Tools\Takeout Extracted\Takeout\Drive\Pictures\2010\Road trip to Fl with Kameron-Nov 2010 (16).JPG,537180,2013-02-27 17:41:52,SkippedExisting
C:\Users\thoma\Documents\Cyber Crimes Tools\Takeout Zips\takeout-20260602T071913Z-11-010.zip,takeout-20260602T071913Z-11-010.zip,Takeout/Drive/Pictures/2010/Road trip to Fl with Kameron-Nov 2010 (15).JPG,C:\Users\thoma\Documents\Cyber Crimes Tools\Takeout Extracted\Takeout\Drive\Pictures\2010\Road trip to Fl with Kameron-Nov 2010 (15).JPG,569648,2013-02-27 17:41:50,SkippedExisting
C:\Users\thoma\Documents\Cyber Crimes Tools\Takeout Zips\takeout-20260602T071913Z-11-010.zip,takeout-20260602T071913Z-11-010.zip,Takeout/Drive/Pictures/2010/Road trip to Fl with Kameron-Nov 2010 (17).JPG,C:\Users\thoma\Documents\Cyber Crimes Tools\Takeout Extracted\Takeout\Drive\Pictures\2010\Road trip to Fl with Kameron-Nov 2010 (17).JPG,594714,2013-02-27 17:41:56,SkippedExisting
C:\Users\thoma\Documents\Cyber Crimes Tools\Takeout Zips\takeout-20260602T071913Z-11-010.zip,takeout-20260602T071913Z-11-010.zip,Takeout/Drive/Pictures/2010/Road trip to Fl with Kameron-Nov 2010 (14).JPG,C:\Users\thoma\Documents\Cyber Crimes Tools\Takeout Extracted\Takeout\Drive\Pictures\2010\Road trip to Fl with Kameron-Nov 2010 (14).JPG,648695,2013-02-27 17:41:46,SkippedExisting
C:\Users\thoma\Documents\Cyber Crimes Tools\Takeout Zips\takeout-20260602T071913Z-11-010.zip,takeout-20260602T071913Z-11-010.zip,Takeout/Drive/Gillette Fusion Side.jpg,C:\Users\thoma\Documents\Cyber Crimes Tools\Takeout Extracted\Takeout\Drive\Gillette Fusion Side.jpg,2616036,2013-09-22 20:50:46,SkippedExisting
C:\Users\thoma\Documents\Cyber Crimes Tools\Takeout Zips\takeout-20260602T071913Z-11-010.zip,takeout-20260602T071913Z-11-010.zip,Takeout/Drive/Pictures/2011/Pals-Jan 2011 (2).JPG,C:\Users\thoma\Documents\Cyber Crimes Tools\Takeout Extracted\Takeout\Drive\Pictures\2011\Pals-Jan 2011 (2).JPG,1590103,2013-02-28 11:21:02,SkippedExisting
C:\Users\thoma\Documents\Cyber Crimes Tools\Takeout Zips\takeout-20260602T071913Z-11-010.zip,takeout-20260602T071913Z-11-010.zip,Takeout/Drive/Pictures/2009/2009 193.jpg,C:\Users\thoma\Documents\Cyber Crimes Tools\Takeout Extracted\Takeout\Drive\Pictures\2009\2009 193.jpg,941390,2013-02-27 11:09:26,SkippedExisting
C:\Users\thoma\Documents\Cyber Crimes Tools\Takeout Zips\takeout-20260602T071913Z-11-010.zip,takeout-20260602T071913Z-11-010.zip,Takeout/Drive/Draft Blurb for Passover Seder info 2016(1).docx,C:\Users\thoma\Documents\Cyber Crimes Tools\Takeout Extracted\Takeout\Drive\Draft Blurb for Passover Seder info 2016(1).docx,13154,2016-03-15 10:44:44,SkippedExisting
C:\Users\thoma\Documents\Cyber Crimes Tools\Takeout Zips\takeout-20260602T071913Z-11-010.zip,takeout-20260602T071913Z-11-010.zip,Takeout/Drive/Pictures/2010/Road trip to Fl with Kameron-Nov 2010 (13).JPG,C:\Users\thoma\Documents\Cyber Crimes Tools\Takeout Extracted\Takeout\Drive\Pictures\2010\Road trip to Fl with Kameron-Nov 2010 (13).JPG,1460176,2013-02-27 17:41:42,ExtractNamedRelevant
C:\Users\thoma\Documents\Cyber Crimes Tools\Takeout Zips\takeout-20260602T071913Z-11-010.zip,takeout-20260602T071913Z-11-010.zip,Takeout/Drive/Hurd Family Legal/Response to Contempt/venmo_statement (7).csv,C:\Users\thoma\Documents\Cyber Crimes Tools\Takeout Extracted\Takeout\Drive\Hurd Family Legal\Response to Contempt\venmo_statement (7).csv,9099,2022-07-14 15:46:22,SkippedExisting
C:\Users\thoma\Documents\Cyber Crimes Tools\Takeout Zips\takeout-20260602T071913Z-11-010.zip,takeout-20260602T071913Z-11-010.zip,Takeout/Drive/Movies/VIDEO_TS/VIDEO_TS.BUP,C:\Users\thoma\Documents\Cyber Crimes Tools\Takeout Extracted\Takeout\Drive\Movies\VIDEO_TS\VIDEO_TS.BUP,20480,2011-03-14 18:04:04,SkippedExisting
C:\Users\thoma\Documents\Cyber Crimes Tools\Takeout Zips\takeout-20260602T071913Z-11-010.zip,takeout-20260602T071913Z-11-010.zip,Takeout/Drive/HELO-CBD-Water-Label.jpg,C:\Users\thoma\Documents\Cyber Crimes Tools\Takeout Extracted\Takeout\Drive\HELO-CBD-Water-Label.jpg,874499,2019-06-14 19:56:08,SkippedExisting
C:\Users\thoma\Documents\Cyber Crimes Tools\Takeout Zips\takeout-20260602T071913Z-11-010.zip,takeout-20260602T071913Z-11-010.zip,Takeout/Drive/VIDEO-2020-06-14-08-40-42.mp4,C:\Users\thoma\Documents\Cyber Crimes Tools\Takeout Extracted\Takeout\Drive\VIDEO-2020-06-14-08-40-42.mp4,5704939,2020-07-20 20:31:52,ExtractNamedRelevant
C:\Users\thoma\Documents\Cyber Crimes Tools\Takeout Zips\takeout-20260602T071913Z-11-010.zip,takeout-20260602T071913Z-11-010.zip,Takeout/Drive/Kula Yoga/IMG_0245.JPG,C:\Users\thoma\Documents\Cyber Crimes Tools\Takeout Extracted\Takeout\Drive\Kula Yoga\IMG_0245.JPG,1353450,2016-06-28 13:11:58,SkippedExisting
C:\Users\thoma\Documents\Cyber Crimes Tools\Takeout Zips\takeout-20260602T071913Z-11-010.zip,takeout-20260602T071913Z-11-010.zip,Takeout/Drive/Expert IT/Data 15th Aug(1).xlsx,C:\Users\thoma\Documents\Cyber Crimes Tools\Takeout Extracted\Takeout\Drive\Expert IT\Data 15th Aug(1).xlsx,1057745,2018-08-16 01:47:22,SkippedExisting
C:\Users\thoma\Documents\Cyber Crimes Tools\Takeout Zips\takeout-20260602T071913Z-11-010.zip,takeout-20260602T071913Z-11-010.zip,Takeout/Drive/Movies/VIDEO_TS/VTS_01_1.VOB,C:\Users\thoma\Documents\Cyber Crimes Tools\Takeout Extracted\Takeout\Drive\Movies\VIDEO_TS\VTS_01_1.VOB,1073565696,2011-03-14 17:50:56,SkipLargeMediaEvenIfNamed
C:\Users\thoma\Documents\Cyber Crimes Tools\Takeout Zips\takeout-20260602T071913Z-11-010.zip,takeout-20260602T071913Z-11-010.zip,Takeout/Drive/HELO Letter of Intent v1.pdf,C:\Users\thoma\Documents\Cyber Crimes Tools\Takeout Extracted\Takeout\Drive\HELO Letter of Intent v1.pdf,352929,2019-04-19 13:44:04,SkippedExisting
C:\Users\thoma\Documents\Cyber Crimes Tools\Takeout Zips\takeout-20260602T071913Z-11-010.zip,takeout-20260602T071913Z-11-010.zip,Takeout/Drive/SCN1595447775210.pdf,C:\Users\thoma\Documents\Cyber Crimes Tools\Takeout Extracted\Takeout\Drive\SCN1595447775210.pdf,600329,2020-07-22 12:56:14,SkippedExisting
C:\Users\thoma\Documents\Cyber Crimes Tools\Takeout Zips\takeout-20260602T071913Z-11-010.zip,takeout-20260602T071913Z-11-010.zip,Takeout/Drive/Discretionary Trading Authority - Lucror Capita.pdf.docx,C:\Users\thoma\Documents\Cyber Crimes Tools\Takeout Extracted\Takeout\Drive\Discretionary Trading Authority - Lucror Capita.pdf.docx,442182,2012-05-28 10:15:42,SkippedExisting
C:\Users\thoma\Documents\Cyber Crimes Tools\Takeout Zips\takeout-20260602T071913Z-11-010.zip,takeout-20260602T071913Z-11-010.zip,Takeout/Drive/Hurd Family Legal/Talking Parents/Education Thread.docx,C:\Users\thoma\Documents\Cyber Crimes Tools\Takeout Extracted\Takeout\Drive\Hurd Family Legal\Talking Parents\Education Thread.docx,537875,2023-12-12 06:09:14,SkippedExisting
C:\Users\thoma\Documents\Cyber Crimes Tools\Takeout Zips\takeout-20260602T071913Z-11-010.zip,takeout-20260602T071913Z-11-010.zip,"Takeout/Drive/Pictures/2011/Spruce Creek Park Feb, 2011 (28).JPG","C:\Users\thoma\Documents\Cyber Crimes Tools\Takeout Extracted\Takeout\Drive\Pictures\2011\Spruce Creek Park Feb, 2011 (28).JPG",2204993,2013-02-28 11:26:36,ExtractNamedRelevant
C:\Users\thoma\Documents\Cyber Crimes Tools\Takeout Zips\takeout-20260602T071913Z-11-010.zip,takeout-20260602T071913Z-11-010.zip,Takeout/Drive/Chase9833_Activity_20190702.CSV,C:\Users\thoma\Documents\Cyber Crimes Tools\Takeout Extracted\Takeout\Drive\Chase9833_Activity_20190702.CSV,23274,2019-07-02 18:49:22,SkippedExisting
C:\Users\thoma\Documents\Cyber Crimes Tools\Takeout Zips\takeout-20260602T071913Z-11-010.zip,takeout-20260602T071913Z-11-010.zip,Takeout/Drive/25 Dollar Box Of Body Wraps.xlsx,C:\Users\thoma\Documents\Cyber Crimes Tools\Takeout Extracted\Takeout\Drive\25 Dollar Box Of Body Wraps.xlsx,4569,2012-01-12 15:54:20,SkippedExisting
C:\Users\thoma\Documents\Cyber Crimes Tools\Takeout Zips\takeout-20260602T071913Z-11-010.zip,takeout-20260602T071913Z-11-010.zip,Takeout/Drive/The Hinkens Group Web Dev Invoice 5.xlsx,C:\Users\thoma\Documents\Cyber Crimes Tools\Takeout Extracted\Takeout\Drive\The Hinkens Group Web Dev Invoice 5.xlsx,8208,2012-03-05 15:14:58,SkippedExisting
C:\Users\thoma\Documents\Cyber Crimes Tools\Takeout Zips\takeout-20260602T071913Z-11-010.zip,takeout-20260602T071913Z-11-010.zip,Takeout/Drive/Tom Hurd Legal/LPOA ATC Brokers Robin Rios.jpg,C:\Users\thoma\Documents\Cyber Crimes Tools\Takeout Extracted\Takeout\Drive\Tom Hurd Legal\LPOA ATC Brokers Robin Rios.jpg,1220611,2014-01-24 12:19:18,ExtractNamedRelevant
C:\Users\thoma\Documents\Cyber Crimes Tools\Takeout Zips\takeout-20260602T071913Z-11-010.zip,takeout-20260602T071913Z-11-010.zip,Takeout/Drive/12-26-75/04 Ep. 4 Day Two.mp3,C:\Users\thoma\Documents\Cyber Crimes Tools\Takeout Extracted\Takeout\Drive\12-26-75\04 Ep. 4 Day Two.mp3,56920362,2017-06-08 11:31:30,SkipLargeMediaEvenIfNamed
C:\Users\thoma\Documents\Cyber Crimes Tools\Takeout Zips\takeout-20260602T071913Z-11-010.zip,takeout-20260602T071913Z-11-010.zip,Takeout/Drive/12-26-75/03 Ep. 3 The Invoice Book.mp3,C:\Users\thoma\Documents\Cyber Crimes Tools\Takeout Extracted\Takeout\Drive\12-26-75\03 Ep. 3 The Invoice Book.mp3,49905872,2017-06-08 11:30:10,SkipLargeMediaEvenIfNamed
C:\Users\thoma\Documents\Cyber Crimes Tools\Takeout Zips\takeout-20260602T071913Z-11-010.zip,takeout-20260602T071913Z-11-010.zip,Takeout/Drive/Pictures/2010/Road trip to Fl with Kameron-Nov 2010 (12).JPG,C:\Users\thoma\Documents\Cyber Crimes Tools\Takeout Extracted\Takeout\Drive\Pictures\2010\Road trip to Fl with Kameron-Nov 2010 (12).JPG,1303074,2013-02-27 17:41:36,SkippedExisting
C:\Users\thoma\Documents\Cyber Crimes Tools\Takeout Zips\takeout-20260602T071913Z-11-010.zip,takeout-20260602T071913Z-11-010.zip,Takeout/Drive/Pictures/2010/Window art! Dec 2010 (2).JPG,C:\Users\thoma\Documents\Cyber Crimes Tools\Takeout Extracted\Takeout\Drive\Pictures\2010\Window art! Dec 2010 (2).JPG,1209543,2013-02-27 17:48:02,ExtractNamedRelevant
C:\Users\thoma\Documents\Cyber Crimes Tools\Takeout Zips\takeout-20260602T071913Z-11-010.zip,takeout-20260602T071913Z-11-010.zip,Takeout/Drive/Pictures/2010/Window art! Dec 2010 (1).JPG,C:\Users\thoma\Documents\Cyber Crimes Tools\Takeout Extracted\Takeout\Drive\Pictures\2010\Window art! Dec 2010 (1).JPG,1108627,2013-02-27 17:47:56,ExtractNamedRelevant
C:\Users\thoma\Documents\Cyber Crimes Tools\Takeout Zips\takeout-20260602T071913Z-11-010.zip,takeout-20260602T071913Z-11-010.zip,Takeout/Drive/Pictures/2011/Pals-Jan 2011 (1).MOV,C:\Users\thoma\Documents\Cyber Crimes Tools\Takeout Extracted\Takeout\Drive\Pictures\2011\Pals-Jan 2011 (1).MOV,1520644,2013-02-28 11:20:52,ExtractNamedRelevant
C:\Users\thoma\Documents\Cyber Crimes Tools\Takeout Zips\takeout-20260602T071913Z-11-010.zip,takeout-20260602T071913Z-11-010.zip,Takeout/Drive/SCN1584729170436.pdf,C:\Users\thoma\Documents\Cyber Crimes Tools\Takeout Extracted\Takeout\Drive\SCN1584729170436.pdf,3951501,2020-03-20 11:32:50,ExtractEvidenceType
C:\Users\thoma\Documents\Cyber Crimes Tools\Takeout Zips\takeout-20260602T071913Z-11-010.zip,takeout-20260602T071913Z-11-010.zip,Takeout/Drive/Tom Hurd Legal/SFA ATC Brokers Robin Rios.jpg,C:\Users\thoma\Documents\Cyber Crimes Tools\Takeout Extracted\Takeout\Drive\Tom Hurd Legal\SFA ATC Brokers Robin Rios.jpg,1079240,2014-01-24 12:19:18,SkippedExisting
C:\Users\thoma\Documents\Cyber Crimes Tools\Takeout Zips\takeout-20260602T071913Z-11-010.zip,takeout-20260602T071913Z-11-010.zip,Takeout/Drive/ThomasHurdFinancialAffidavit(1).pdf,C:\Users\thoma\Documents\Cyber Crimes Tools\Takeout Extracted\Takeout\Drive\ThomasHurdFinancialAffidavit(1).pdf,11200867,2020-07-13 18:24:02,SkippedExisting
C:\Users\thoma\Documents\Cyber Crimes Tools\Takeout Zips\takeout-20260602T071913Z-11-010.zip,takeout-20260602T071913Z-11-010.zip,Takeout/Drive/Pictures/2010/Race track - Dec 2010 (56).JPG,C:\Users\thoma\Documents\Cyber Crimes Tools\Takeout Extracted\Takeout\Drive\Pictures\2010\Race track - Dec 2010 (56).JPG,1704881,2013-02-27 17:34:16,SkippedExisting
C:\Users\thoma\Documents\Cyber Crimes Tools\Takeout Zips\takeout-20260602T071913Z-11-010.zip,takeout-20260602T071913Z-11-010.zip,Takeout/Drive/Pictures/2010/Race track - Dec 2010 (55).JPG,C:\Users\thoma\Documents\Cyber Crimes Tools\Takeout Extracted\Takeout\Drive\Pictures\2010\Race track - Dec 2010 (55).JPG,1763862,2013-02-27 17:34:10,SkippedExisting
C:\Users\thoma\Documents\Cyber Crimes Tools\Takeout Zips\takeout-20260602T071913Z-11-010.zip,takeout-20260602T071913Z-11-010.zip,Takeout/Drive/Pictures/2010/Race track - Dec 2010 (54).JPG,C:\Users\thoma\Documents\Cyber Crimes Tools\Takeout Extracted\Takeout\Drive\Pictures\2010\Race track - Dec 2010 (54).JPG,1802228,2013-02-27 17:34:02,SkippedExisting
C:\Users\thoma\Documents\Cyber Crimes Tools\Takeout Zips\takeout-20260602T071913Z-11-010.zip,takeout-20260602T071913Z-11-010.zip,Takeout/Drive/Pictures/2010/Race track - Dec 2010 (53).JPG,C:\Users\thoma\Documents\Cyber Crimes Tools\Takeout Extracted\Takeout\Drive\Pictures\2010\Race track - Dec 2010 (53).JPG,1721140,2013-02-27 17:33:54,SkippedExisting
C:\Users\thoma\Documents\Cyber Crimes Tools\Takeout Zips\takeout-20260602T071913Z-11-010.zip,takeout-20260602T071913Z-11-010.zip,Takeout/Drive/Pictures/2010/Race track - Dec 2010 (51).JPG,C:\Users\thoma\Documents\Cyber Crimes Tools\Takeout Extracted\Takeout\Drive\Pictures\2010\Race track - Dec 2010 (51).JPG,1722257,2013-02-27 17:33:40,SkippedExisting
C:\Users\thoma\Documents\Cyber Crimes Tools\Takeout Zips\takeout-20260602T071913Z-11-010.zip,takeout-20260602T071913Z-11-010.zip,Takeout/Drive/Pictures/2010/Race track - Dec 2010 (50).JPG,C:\Users\thoma\Documents\Cyber Crimes Tools\Takeout Extracted\Takeout\Drive\Pictures\2010\Race track - Dec 2010 (50).JPG,1851559,2013-02-27 17:33:34,SkippedExisting
C:\Users\thoma\Documents\Cyber Crimes Tools\Takeout Zips\takeout-20260602T071913Z-11-010.zip,takeout-20260602T071913Z-11-010.zip,Takeout/Drive/Pictures/2010/Race track - Dec 2010 (52).JPG,C:\Users\thoma\Documents\Cyber Crimes Tools\Takeout Extracted\Takeout\Drive\Pictures\2010\Race track - Dec 2010 (52).JPG,1685193,2013-02-27 17:33:46,SkippedExisting
C:\Users\thoma\Documents\Cyber Crimes Tools\Takeout Zips\takeout-20260602T071913Z-11-010.zip,takeout-20260602T071913Z-11-010.zip,Takeout/Drive/Pictures/2010/Race track - Dec 2010 (49).JPG,C:\Users\thoma\Documents\Cyber Crimes Tools\Takeout Extracted\Takeout\Drive\Pictures\2010\Race track - Dec 2010 (49).JPG,1814389,2013-02-27 17:28:50,SkippedExisting
C:\Users\thoma\Documents\Cyber Crimes Tools\Takeout Zips\takeout-20260602T071913Z-11-010.zip,takeout-20260602T071913Z-11-010.zip,Takeout/Drive/Pictures/2010/Race track - Dec 2010 (5).JPG,C:\Users\thoma\Documents\Cyber Crimes Tools\Takeout Extracted\Takeout\Drive\Pictures\2010\Race track - Dec 2010 (5).JPG,1405643,2013-02-27 17:28:56,SkippedExisting
C:\Users\thoma\Documents\Cyber Crimes Tools\Takeout Zips\takeout-20260602T071913Z-11-010.zip,takeout-20260602T071913Z-11-010.zip,Takeout/Drive/Pictures/2010/Race track - Dec 2010 (48).JPG,C:\Users\thoma\Documents\Cyber Crimes Tools\Takeout Extracted\Takeout\Drive\Pictures\2010\Race track - Dec 2010 (48).JPG,1828055,2013-02-27 17:28:42,SkippedExisting
C:\Users\thoma\Documents\Cyber Crimes Tools\Takeout Zips\takeout-20260602T071913Z-11-010.zip,takeout-20260602T071913Z-11-010.zip,Takeout/Drive/Pictures/2010/Race track - Dec 2010 (47).JPG,C:\Users\thoma\Documents\Cyber Crimes Tools\Takeout Extracted\Takeout\Drive\Pictures\2010\Race track - Dec 2010 (47).JPG,1791641,2013-02-27 17:28:34,SkippedExisting
C:\Users\thoma\Documents\Cyber Crimes Tools\Takeout Zips\takeout-20260602T071913Z-11-010.zip,takeout-20260602T071913Z-11-010.zip,Takeout/Drive/Pictures/2010/Race track - Dec 2010 (46).JPG,C:\Users\thoma\Documents\Cyber Crimes Tools\Takeout Extracted\Takeout\Drive\Pictures\2010\Race track - Dec 2010 (46).JPG,1888655,2013-02-27 17:28:22,SkippedExisting
C:\Users\thoma\Documents\Cyber Crimes Tools\Takeout Zips\takeout-20260602T071913Z-11-010.zip,takeout-20260602T071913Z-11-010.zip,Takeout/Drive/Pictures/2010/Race track - Dec 2010 (45).JPG,C:\Users\thoma\Documents\Cyber Crimes Tools\Takeout Extracted\Takeout\Drive\Pictures\2010\Race track - Dec 2010 (45).JPG,1858476,2013-02-27 17:28:16,SkippedExisting
C:\Users\thoma\Documents\Cyber Crimes Tools\Takeout Zips\takeout-20260602T071913Z-11-010.zip,takeout-20260602T071913Z-11-010.zip,Takeout/Drive/Pictures/2010/Race track - Dec 2010 (44).JPG,C:\Users\thoma\Documents\Cyber Crimes Tools\Takeout Extracted\Takeout\Drive\Pictures\2010\Race track - Dec 2010 (44).JPG,1788101,2013-02-27 17:28:08,SkippedExisting
C:\Users\thoma\Documents\Cyber Crimes Tools\Takeout Zips\takeout-20260602T071913Z-11-010.zip,takeout-20260602T071913Z-11-010.zip,Takeout/Drive/Pictures/2010/Race track - Dec 2010 (43).JPG,C:\Users\thoma\Documents\Cyber Crimes Tools\Takeout Extracted\Takeout\Drive\Pictures\2010\Race track - Dec 2010 (43).JPG,1801711,2013-02-27 17:28:00,SkippedExisting
C:\Users\thoma\Documents\Cyber Crimes Tools\Takeout Zips\takeout-20260602T071913Z-11-010.zip,takeout-20260602T071913Z-11-010.zip,Takeout/Drive/Pictures/2010/Race track - Dec 2010 (41).JPG,C:\Users\thoma\Documents\Cyber Crimes Tools\Takeout Extracted\Takeout\Drive\Pictures\2010\Race track - Dec 2010 (41).JPG,1814986,2013-02-27 17:27:46,SkippedExisting
C:\Users\thoma\Documents\Cyber Crimes Tools\Takeout Zips\takeout-20260602T071913Z-11-010.zip,takeout-20260602T071913Z-11-010.zip,Takeout/Drive/Pictures/2010/Race track - Dec 2010 (42).JPG,C:\Users\thoma\Documents\Cyber Crimes Tools\Takeout Extracted\Takeout\Drive\Pictures\2010\Race track - Dec 2010 (42).JPG,1829971,2013-02-27 17:27:52,SkippedExisting
C:\Users\thoma\Documents\Cyber Crimes Tools\Takeout Zips\takeout-20260602T071913Z-11-010.zip,takeout-20260602T071913Z-11-010.zip,Takeout/Drive/Pictures/2010/Race track - Dec 2010 (40).JPG,C:\Users\thoma\Documents\Cyber Crimes Tools\Takeout Extracted\Takeout\Drive\Pictures\2010\Race track - Dec 2010 (40).JPG,1786866,2013-02-27 17:27:38,SkippedExisting
C:\Users\thoma\Documents\Cyber Crimes Tools\Takeout Zips\takeout-20260602T071913Z-11-010.zip,takeout-20260602T071913Z-11-010.zip,Takeout/Drive/Pictures/2010/Race track - Dec 2010 (39).JPG,C:\Users\thoma\Documents\Cyber Crimes Tools\Takeout Extracted\Takeout\Drive\Pictures\2010\Race track - Dec 2010 (39).JPG,1791768,2013-02-27 17:20:28,SkippedExisting
C:\Users\thoma\Documents\Cyber Crimes Tools\Takeout Zips\takeout-20260602T071913Z-11-010.zip,takeout-20260602T071913Z-11-010.zip,Takeout/Drive/Pictures/2010/Race track - Dec 2010 (38).JPG,C:\Users\thoma\Documents\Cyber Crimes Tools\Takeout Extracted\Takeout\Drive\Pictures\2010\Race track - Dec 2010 (38).JPG,1788034,2013-02-27 17:20:20,SkippedExisting
C:\Users\thoma\Documents\Cyber Crimes Tools\Takeout Zips\takeout-20260602T071913Z-11-010.zip,takeout-20260602T071913Z-11-010.zip,Takeout/Drive/Pictures/2010/Race track - Dec 2010 (37).JPG,C:\Users\thoma\Documents\Cyber Crimes Tools\Takeout Extracted\Takeout\Drive\Pictures\2010\Race track - Dec 2010 (37).JPG,1758084,2013-02-27 17:20:12,SkippedExisting
C:\Users\thoma\Documents\Cyber Crimes Tools\Takeout Zips\takeout-20260602T071913Z-11-010.zip,takeout-20260602T071913Z-11-010.zip,Takeout/Drive/Pictures/2009/2009 154.jpg,C:\Users\thoma\Documents\Cyber Crimes Tools\Takeout Extracted\Takeout\Drive\Pictures\2009\2009 154.jpg,797861,2013-02-27 11:08:34,SkippedExisting
C:\Users\thoma\Documents\Cyber Crimes Tools\Takeout Zips\takeout-20260602T071913Z-11-010.zip,takeout-20260602T071913Z-11-010.zip,Takeout/Drive/Pictures/2009/2009 151.jpg,C:\Users\thoma\Documents\Cyber Crimes Tools\Takeout Extracted\Takeout\Drive\Pictures\2009\2009 151.jpg,583658,2013-02-27 11:08:26,SkippedExisting
C:\Users\thoma\Documents\Cyber Crimes Tools\Takeout Zips\takeout-20260602T071913Z-11-010.zip,takeout-20260602T071913Z-11-010.zip,Takeout/Drive/Pictures/2009/2009 147.jpg,C:\Users\thoma\Documents\Cyber Crimes Tools\Takeout Extracted\Takeout\Drive\Pictures\2009\2009 147.jpg,764507,2013-02-27 11:08:22,SkippedExisting
C:\Users\thoma\Documents\Cyber Crimes Tools\Takeout Zips\takeout-20260602T071913Z-11-010.zip,takeout-20260602T071913Z-11-010.zip,Takeout/Drive/Pictures/2009/2009 145.jpg,C:\Users\thoma\Documents\Cyber Crimes Tools\Takeout Extracted\Takeout\Drive\Pictures\2009\2009 145.jpg,781526,2013-02-27 11:08:16,SkippedExisting
C:\Users\thoma\Documents\Cyber Crimes Tools\Takeout Zips\takeout-20260602T071913Z-11-010.zip,takeout-20260602T071913Z-11-010.zip,Takeout/Drive/Pictures/2009/2009 143.jpg,C:\Users\thoma\Documents\Cyber Crimes Tools\Takeout Extracted\Takeout\Drive\Pictures\2009\2009 143.jpg,1155314,2013-02-27 11:08:12,SkippedExisting
C:\Users\thoma\Documents\Cyber Crimes Tools\Takeout Zips\takeout-20260602T071913Z-11-010.zip,takeout-20260602T071913Z-11-010.zip,Takeout/Drive/Pictures/2009/2009 141.jpg,C:\Users\thoma\Documents\Cyber Crimes Tools\Takeout Extracted\Takeout\Drive\Pictures\2009\2009 141.jpg,287912,2013-02-27 11:08:00,SkippedExisting
C:\Users\thoma\Documents\Cyber Crimes Tools\Takeout Zips\takeout-20260602T071913Z-11-010.zip,takeout-20260602T071913Z-11-010.zip,Takeout/Drive/Pictures/2009/2009 130.jpg,C:\Users\thoma\Documents\Cyber Crimes Tools\Takeout Extracted\Takeout\Drive\Pictures\2009\2009 130.jpg,345770,2013-02-27 11:07:48,SkippedExisting
C:\Users\thoma\Documents\Cyber Crimes Tools\Takeout Zips\takeout-20260602T071913Z-11-010.zip,takeout-20260602T071913Z-11-010.zip,Takeout/Drive/Pictures/2009/2009 124.jpg,C:\Users\thoma\Documents\Cyber Crimes Tools\Takeout Extracted\Takeout\Drive\Pictures\2009\2009 124.jpg,299316,2013-02-27 11:07:44,SkippedExisting
C:\Users\thoma\Documents\Cyber Crimes Tools\Takeout Zips\takeout-20260602T071913Z-11-010.zip,takeout-20260602T071913Z-11-010.zip,Takeout/Drive/Pictures/2009/2009 117.jpg,C:\Users\thoma\Documents\Cyber Crimes Tools\Takeout Extracted\Takeout\Drive\Pictures\2009\2009 117.jpg,464219,2013-02-27 11:07:40,SkippedExisting
C:\Users\thoma\Documents\Cyber Crimes Tools\Takeout Zips\takeout-20260602T071913Z-11-010.zip,takeout-20260602T071913Z-11-010.zip,Takeout/Drive/Pictures/2009/2009 113.jpg,C:\Users\thoma\Documents\Cyber Crimes Tools\Takeout Extracted\Takeout\Drive\Pictures\2009\2009 113.jpg,787072,2013-02-27 11:07:24,SkippedExisting
C:\Users\thoma\Documents\Cyber Crimes Tools\Takeout Zips\takeout-20260602T071913Z-11-010.zip,takeout-20260602T071913Z-11-010.zip,Takeout/Drive/Pictures/2009/2009 109.jpg,C:\Users\thoma\Documents\Cyber Crimes Tools\Takeout Extracted\Takeout\Drive\Pictures\2009\2009 109.jpg,1068853,2013-02-27 11:07:18,SkippedExisting
C:\Users\thoma\Documents\Cyber Crimes Tools\Takeout Zips\takeout-20260602T071913Z-11-010.zip,takeout-20260602T071913Z-11-010.zip,Takeout/Drive/Pictures/2010/Race track - Dec 2010 (36).JPG,C:\Users\thoma\Documents\Cyber Crimes Tools\Takeout Extracted\Takeout\Drive\Pictures\2010\Race track - Dec 2010 (36).JPG,1706678,2013-02-27 17:20:04,SkippedExisting
C:\Users\thoma\Documents\Cyber Crimes Tools\Takeout Zips\takeout-20260602T071913Z-11-010.zip,takeout-20260602T071913Z-11-010.zip,Takeout/Drive/Pictures/2010/Race track - Dec 2010 (35).JPG,C:\Users\thoma\Documents\Cyber Crimes Tools\Takeout Extracted\Takeout\Drive\Pictures\2010\Race track - Dec 2010 (35).JPG,1869818,2013-02-27 17:19:58,SkippedExisting
C:\Users\thoma\Documents\Cyber Crimes Tools\Takeout Zips\takeout-20260602T071913Z-11-010.zip,takeout-20260602T071913Z-11-010.zip,Takeout/Drive/Pictures/2010/Race track - Dec 2010 (33).JPG,C:\Users\thoma\Documents\Cyber Crimes Tools\Takeout Extracted\Takeout\Drive\Pictures\2010\Race track - Dec 2010 (33).JPG,1701211,2013-02-27 17:19:42,SkippedExisting
C:\Users\thoma\Documents\Cyber Crimes Tools\Takeout Zips\takeout-20260602T071913Z-11-010.zip,takeout-20260602T071913Z-11-010.zip,Takeout/Drive/Pictures/2010/Race track - Dec 2010 (34).JPG,C:\Users\thoma\Documents\Cyber Crimes Tools\Takeout Extracted\Takeout\Drive\Pictures\2010\Race track - Dec 2010 (34).JPG,1724834,2013-02-27 17:19:50,SkippedExisting
C:\Users\thoma\Documents\Cyber Crimes Tools\Takeout Zips\takeout-20260602T071913Z-11-010.zip,takeout-20260602T071913Z-11-010.zip,Takeout/Drive/Pictures/2010/Race track - Dec 2010 (32).JPG,C:\Users\thoma\Documents\Cyber Crimes Tools\Takeout Extracted\Takeout\Drive\Pictures\2010\Race track - Dec 2010 (32).JPG,1818087,2013-02-27 17:19:34,SkippedExisting
C:\Users\thoma\Documents\Cyber Crimes Tools\Takeout Zips\takeout-20260602T071913Z-11-010.zip,takeout-20260602T071913Z-11-010.zip,Takeout/Drive/Pictures/2010/Race track - Dec 2010 (29).JPG,C:\Users\thoma\Documents\Cyber Crimes Tools\Takeout Extracted\Takeout\Drive\Pictures\2010\Race track - Dec 2010 (29).JPG,1813547,2013-02-27 17:17:04,SkippedExisting
C:\Users\thoma\Documents\Cyber Crimes Tools\Takeout Zips\takeout-20260602T071913Z-11-010.zip,takeout-20260602T071913Z-11-010.zip,Takeout/Drive/Pictures/2010/Race track - Dec 2010 (3).JPG,C:\Users\thoma\Documents\Cyber Crimes Tools\Takeout Extracted\Takeout\Drive\Pictures\2010\Race track - Dec 2010 (3).JPG,1422245,2013-02-27 17:17:12,SkippedExisting
C:\Users\thoma\Documents\Cyber Crimes Tools\Takeout Zips\takeout-20260602T071913Z-11-010.zip,takeout-20260602T071913Z-11-010.zip,Takeout/Drive/Pictures/2010/Race track - Dec 2010 (28).JPG,C:\Users\thoma\Documents\Cyber Crimes Tools\Takeout Extracted\Takeout\Drive\Pictures\2010\Race track - Dec 2010 (28).JPG,1709807,2013-02-27 17:16:56,SkippedExisting
C:\Users\thoma\Documents\Cyber Crimes Tools\Takeout Zips\takeout-20260602T071913Z-11-010.zip,takeout-20260602T071913Z-11-010.zip,Takeout/Drive/Pictures/2010/Race track - Dec 2010 (27).JPG,C:\Users\thoma\Documents\Cyber Crimes Tools\Takeout Extracted\Takeout\Drive\Pictures\2010\Race track - Dec 2010 (27).JPG,1635681,2013-02-27 17:16:50,SkippedExisting
C:\Users\thoma\Documents\Cyber Crimes Tools\Takeout Zips\takeout-20260602T071913Z-11-010.zip,takeout-20260602T071913Z-11-010.zip,Takeout/Drive/Pictures/2010/Race track - Dec 2010 (31).JPG,C:\Users\thoma\Documents\Cyber Crimes Tools\Takeout Extracted\Takeout\Drive\Pictures\2010\Race track - Dec 2010 (31).JPG,1747907,2013-02-27 17:19:26,SkippedExisting
C:\Users\thoma\Documents\Cyber Crimes Tools\Takeout Zips\takeout-20260602T071913Z-11-010.zip,takeout-20260602T071913Z-11-010.zip,Takeout/Drive/Pictures/2010/Race track - Dec 2010 (25).JPG,C:\Users\thoma\Documents\Cyber Crimes Tools\Takeout Extracted\Takeout\Drive\Pictures\2010\Race track - Dec 2010 (25).JPG,1069518,2013-02-27 17:16:34,SkippedExisting
C:\Users\thoma\Documents\Cyber Crimes Tools\Takeout Zips\takeout-20260602T071913Z-11-010.zip,takeout-20260602T071913Z-11-010.zip,Takeout/Drive/Pictures/2010/Race track - Dec 2010 (26).JPG,C:\Users\thoma\Documents\Cyber Crimes Tools\Takeout Extracted\Takeout\Drive\Pictures\2010\Race track - Dec 2010 (26).JPG,1664492,2013-02-27 17:16:42,SkippedExisting
C:\Users\thoma\Documents\Cyber Crimes Tools\Takeout Zips\takeout-20260602T071913Z-11-010.zip,takeout-20260602T071913Z-11-010.zip,Takeout/Drive/Pictures/2010/Race track - Dec 2010 (24).JPG,C:\Users\thoma\Documents\Cyber Crimes Tools\Takeout Extracted\Takeout\Drive\Pictures\2010\Race track - Dec 2010 (24).JPG,1559848,2013-02-27 17:16:28,SkippedExisting
C:\Users\thoma\Documents\Cyber Crimes Tools\Takeout Zips\takeout-20260602T071913Z-11-010.zip,takeout-20260602T071913Z-11-010.zip,Takeout/Drive/Pictures/2010/Race track - Dec 2010 (30).JPG,C:\Users\thoma\Documents\Cyber Crimes Tools\Takeout Extracted\Takeout\Drive\Pictures\2010\Race track - Dec 2010 (30).JPG,1729580,2013-02-27 17:19:20,SkippedExisting
C:\Users\thoma\Documents\Cyber Crimes Tools\Takeout Zips\takeout-20260602T071913Z-11-010.zip,takeout-20260602T071913Z-11-010.zip,Takeout/Drive/Pictures/2010/Race track - Dec 2010 (22).JPG,C:\Users\thoma\Documents\Cyber Crimes Tools\Takeout Extracted\Takeout\Drive\Pictures\2010\Race track - Dec 2010 (22).JPG,1112737,2013-02-27 17:16:14,SkippedExisting
C:\Users\thoma\Documents\Cyber Crimes Tools\Takeout Zips\takeout-20260602T071913Z-11-010.zip,takeout-20260602T071913Z-11-010.zip,Takeout/Drive/Pictures/2010/Race track - Dec 2010 (23).JPG,C:\Users\thoma\Documents\Cyber Crimes Tools\Takeout Extracted\Takeout\Drive\Pictures\2010\Race track - Dec 2010 (23).JPG,1783214,2013-02-27 17:16:22,SkippedExisting
C:\Users\thoma\Documents\Cyber Crimes Tools\Takeout Zips\takeout-20260602T071913Z-11-010.zip,takeout-20260602T071913Z-11-010.zip,Takeout/Drive/Pictures/2010/Race track - Dec 2010 (19).JPG,C:\Users\thoma\Documents\Cyber Crimes Tools\Takeout Extracted\Takeout\Drive\Pictures\2010\Race track - Dec 2010 (19).JPG,1512086,2013-02-27 17:14:10,SkippedExisting
C:\Users\thoma\Documents\Cyber Crimes Tools\Takeout Zips\takeout-20260602T071913Z-11-010.zip,takeout-20260602T071913Z-11-010.zip,Takeout/Drive/Pictures/2010/Race track - Dec 2010 (21).JPG,C:\Users\thoma\Documents\Cyber Crimes Tools\Takeout Extracted\Takeout\Drive\Pictures\2010\Race track - Dec 2010 (21).JPG,1547966,2013-02-27 17:16:10,SkippedExisting
C:\Users\thoma\Documents\Cyber Crimes Tools\Takeout Zips\takeout-20260602T071913Z-11-010.zip,takeout-20260602T071913Z-11-010.zip,Takeout/Drive/Pictures/2010/Race track - Dec 2010 (18).JPG,C:\Users\thoma\Documents\Cyber Crimes Tools\Takeout Extracted\Takeout\Drive\Pictures\2010\Race track - Dec 2010 (18).JPG,1694124,2013-02-27 17:14:04,SkippedExisting
C:\Users\thoma\Documents\Cyber Crimes Tools\Takeout Zips\takeout-20260602T071913Z-11-010.zip,takeout-20260602T071913Z-11-010.zip,Takeout/Drive/Pictures/2010/Race track - Dec 2010 (20).JPG,C:\Users\thoma\Documents\Cyber Crimes Tools\Takeout Extracted\Takeout\Drive\Pictures\2010\Race track - Dec 2010 (20).JPG,1454785,2013-02-27 17:16:02,SkippedExisting
C:\Users\thoma\Documents\Cyber Crimes Tools\Takeout Zips\takeout-20260602T071913Z-11-010.zip,takeout-20260602T071913Z-11-010.zip,Takeout/Drive/Pictures/2011/Nov 12 2011 (43).JPG,C:\Users\thoma\Documents\Cyber Crimes Tools\Takeout Extracted\Takeout\Drive\Pictures\2011\Nov 12 2011 (43).JPG,1680983,2013-02-28 11:11:40,SkippedExisting
C:\Users\thoma\Documents\Cyber Crimes Tools\Takeout Zips\takeout-20260602T071913Z-11-010.zip,takeout-20260602T071913Z-11-010.zip,Takeout/Drive/Pictures/2010/Race track - Dec 2010 (16).JPG,C:\Users\thoma\Documents\Cyber Crimes Tools\Takeout Extracted\Takeout\Drive\Pictures\2010\Race track - Dec 2010 (16).JPG,1381948,2013-02-27 17:13:52,SkippedExisting
C:\Users\thoma\Documents\Cyber Crimes Tools\Takeout Zips\takeout-20260602T071913Z-11-010.zip,takeout-20260602T071913Z-11-010.zip,Takeout/Drive/Pictures/2010/Race track - Dec 2010 (17).JPG,C:\Users\thoma\Documents\Cyber Crimes Tools\Takeout Extracted\Takeout\Drive\Pictures\2010\Race track - Dec 2010 (17).JPG,1374932,2013-02-27 17:13:56,SkippedExisting
C:\Users\thoma\Documents\Cyber Crimes Tools\Takeout Zips\takeout-20260602T071913Z-11-010.zip,takeout-20260602T071913Z-11-010.zip,Takeout/Drive/Pictures/2010/Race track - Dec 2010 (2).JPG,C:\Users\thoma\Documents\Cyber Crimes Tools\Takeout Extracted\Takeout\Drive\Pictures\2010\Race track - Dec 2010 (2).JPG,1040537,2013-02-27 17:14:16,SkippedExisting
C:\Users\thoma\Documents\Cyber Crimes Tools\Takeout Zips\takeout-20260602T071913Z-11-010.zip,takeout-20260602T071913Z-11-010.zip,Takeout/Drive/Pictures/2011/Nov 12 2011 (42).JPG,C:\Users\thoma\Documents\Cyber Crimes Tools\Takeout Extracted\Takeout\Drive\Pictures\2011\Nov 12 2011 (42).JPG,1542217,2013-02-28 11:11:30,SkippedExisting
C:\Users\thoma\Documents\Cyber Crimes Tools\Takeout Zips\takeout-20260602T071913Z-11-010.zip,takeout-20260602T071913Z-11-010.zip,Takeout/Drive/Active Loyal Customers MC.xlsx,C:\Users\thoma\Documents\Cyber Crimes Tools\Takeout Extracted\Takeout\Drive\Active Loyal Customers MC.xlsx,56294,2012-07-20 15:59:06,SkippedExisting
C:\Users\thoma\Documents\Cyber Crimes Tools\Takeout Zips\takeout-20260602T071913Z-11-010.zip,takeout-20260602T071913Z-11-010.zip,Takeout/Drive/Movies/VIDEO_TS/VTS_07_0.IFO,C:\Users\thoma\Documents\Cyber Crimes Tools\Takeout Extracted\Takeout\Drive\Movies\VIDEO_TS\VTS_07_0.IFO,18432,2011-03-14 18:04:04,SkippedExisting
C:\Users\thoma\Documents\Cyber Crimes Tools\Takeout Zips\takeout-20260602T071913Z-11-010.zip,takeout-20260602T071913Z-11-010.zip,Takeout/Drive/Missing Begun Enrollment Leads.xlsx,C:\Users\thoma\Documents\Cyber Crimes Tools\Takeout Extracted\Takeout\Drive\Missing Begun Enrollment Leads.xlsx,33598,2012-03-23 09:49:32,SkippedExisting
C:\Users\thoma\Documents\Cyber Crimes Tools\Takeout Zips\takeout-20260602T071913Z-11-010.zip,takeout-20260602T071913Z-11-010.zip,Takeout/Drive/Pictures/2009/2009 108.jpg,C:\Users\thoma\Documents\Cyber Crimes Tools\Takeout Extracted\Takeout\Drive\Pictures\2009\2009 108.jpg,37324,2013-02-27 11:07:08,SkippedExisting
C:\Users\thoma\Documents\Cyber Crimes Tools\Takeout Zips\takeout-20260602T071913Z-11-010.zip,takeout-20260602T071913Z-11-010.zip,Takeout/Drive/Pictures/2009/2009 102.jpg,C:\Users\thoma\Documents\Cyber Crimes Tools\Takeout Extracted\Takeout\Drive\Pictures\2009\2009 102.jpg,36793,2013-02-27 11:06:58,SkippedExisting
C:\Users\thoma\Documents\Cyber Crimes Tools\Takeout Zips\takeout-20260602T071913Z-11-010.zip,takeout-20260602T071913Z-11-010.zip,Takeout/Drive/Pictures/2009/2009 100.jpg,C:\Users\thoma\Documents\Cyber Crimes Tools\Takeout Extracted\Takeout\Drive\Pictures\2009\2009 100.jpg,20069,2013-02-27 11:06:54,SkippedExisting
C:\Users\thoma\Documents\Cyber Crimes Tools\Takeout Zips\takeout-20260602T071913Z-11-010.zip,takeout-20260602T071913Z-11-010.zip,Takeout/Drive/Pictures/2009/2009 097.jpg,C:\Users\thoma\Documents\Cyber Crimes Tools\Takeout Extracted\Takeout\Drive\Pictures\2009\2009 097.jpg,19699,2013-02-27 11:06:46,SkippedExisting
C:\Users\thoma\Documents\Cyber Crimes Tools\Takeout Zips\takeout-20260602T071913Z-11-010.zip,takeout-20260602T071913Z-11-010.zip,Takeout/Drive/Pictures/2009/2009 090.jpg,C:\Users\thoma\Documents\Cyber Crimes Tools\Takeout Extracted\Takeout\Drive\Pictures\2009\2009 090.jpg,21319,2013-02-27 11:06:40,SkippedExisting
C:\Users\thoma\Documents\Cyber Crimes Tools\Takeout Zips\takeout-20260602T071913Z-11-010.zip,takeout-20260602T071913Z-11-010.zip,Takeout/Drive/Pictures/2009/2009 088.jpg,C:\Users\thoma\Documents\Cyber Crimes Tools\Takeout Extracted\Takeout\Drive\Pictures\2009\2009 088.jpg,21150,2013-02-27 11:06:36,SkippedExisting
C:\Users\thoma\Documents\Cyber Crimes Tools\Takeout Zips\takeout-20260602T071913Z-11-010.zip,takeout-20260602T071913Z-11-010.zip,Takeout/Drive/Pictures/2009/2009 086.jpg,C:\Users\thoma\Documents\Cyber Crimes Tools\Takeout Extracted\Takeout\Drive\Pictures\2009\2009 086.jpg,19978,2013-02-27 11:06:26,SkippedExisting
C:\Users\thoma\Documents\Cyber Crimes Tools\Takeout Zips\takeout-20260602T071913Z-11-010.zip,takeout-20260602T071913Z-11-010.zip,Takeout/Drive/Elizabeth Renee Export.xlsx,C:\Users\thoma\Documents\Cyber Crimes Tools\Takeout Extracted\Takeout\Drive\Elizabeth Renee Export.xlsx,4432,2015-10-13 06:24:26,SkippedExisting
C:\Users\thoma\Documents\Cyber Crimes Tools\Takeout Zips\takeout-20260602T071913Z-11-010.zip,takeout-20260602T071913Z-11-010.zip,Takeout/Drive/Go Pro Books.xlsx,C:\Users\thoma\Documents\Cyber Crimes Tools\Takeout Extracted\Takeout\Drive\Go Pro Books.xlsx,4465,2014-04-08 10:48:00,SkippedExisting
C:\Users\thoma\Documents\Cyber Crimes Tools\Takeout Zips\takeout-20260602T071913Z-11-010.zip,takeout-20260602T071913Z-11-010.zip,Takeout/Drive/Hurd Family Legal/final_document.txt,C:\Users\thoma\Documents\Cyber Crimes Tools\Takeout Extracted\Takeout\Drive\Hurd Family Legal\final_document.txt,388,2023-05-16 11:49:54,SkippedExisting
C:\Users\thoma\Documents\Cyber Crimes Tools\Takeout Zips\takeout-20260602T071913Z-11-011.zip,takeout-20260602T071913Z-11-011.zip,Takeout/Drive/Movies/VIDEO_TS/VTS_01_2.VOB,C:\Users\thoma\Documents\Cyber Crimes Tools\Takeout Extracted\Takeout\Drive\Movies\VIDEO_TS\VTS_01_2.VOB,1073565696,2011-03-14 17:55:38,SkipLargeMediaEvenIfNamed
C:\Users\thoma\Documents\Cyber Crimes Tools\Takeout Zips\takeout-20260602T071913Z-11-011.zip,takeout-20260602T071913Z-11-011.zip,Takeout/Drive/Authority Syndicate.avi,C:\Users\thoma\Documents\Cyber Crimes Tools\Takeout Extracted\Takeout\Drive\Authority Syndicate.avi,282376226,2015-10-17 20:33:32,SkipLargeMediaEvenIfNamed
C:\Users\thoma\Documents\Cyber Crimes Tools\Takeout Zips\takeout-20260602T071913Z-11-011.zip,takeout-20260602T071913Z-11-011.zip,Takeout/Drive/Pictures/2010/Race track - Dec 2010 (5).MOV,C:\Users\thoma\Documents\Cyber Crimes Tools\Takeout Extracted\Takeout\Drive\Pictures\2010\Race track - Dec 2010 (5).MOV,79470017,2013-02-27 17:33:22,SkipLargeMediaEvenIfNamed
C:\Users\thoma\Documents\Cyber Crimes Tools\Takeout Zips\takeout-20260602T071913Z-11-011.zip,takeout-20260602T071913Z-11-011.zip,Takeout/Drive/Pictures/2010/Race track - Dec 2010 (4).MOV,C:\Users\thoma\Documents\Cyber Crimes Tools\Takeout Extracted\Takeout\Drive\Pictures\2010\Race track - Dec 2010 (4).MOV,123344284,2013-02-27 17:27:30,SkipLargeMediaEvenIfNamed
C:\Users\thoma\Documents\Cyber Crimes Tools\Takeout Zips\takeout-20260602T071913Z-11-011.zip,takeout-20260602T071913Z-11-011.zip,Takeout/Drive/Pictures/2010/Race track - Dec 2010 (3).MOV,C:\Users\thoma\Documents\Cyber Crimes Tools\Takeout Extracted\Takeout\Drive\Pictures\2010\Race track - Dec 2010 (3).MOV,36038660,2013-02-27 17:19:12,SkipLargeMediaEvenIfNamed
C:\Users\thoma\Documents\Cyber Crimes Tools\Takeout Zips\takeout-20260602T071913Z-11-011.zip,takeout-20260602T071913Z-11-011.zip,Takeout/Drive/Pictures/2010/Race track - Dec 2010 (2).MOV,C:\Users\thoma\Documents\Cyber Crimes Tools\Takeout Extracted\Takeout\Drive\Pictures\2010\Race track - Dec 2010 (2).MOV,30053860,2013-02-27 17:15:56,SkipLargeMediaEvenIfNamed
C:\Users\thoma\Documents\Cyber Crimes Tools\Takeout Zips\takeout-20260602T071913Z-11-011.zip,takeout-20260602T071913Z-11-011.zip,"Takeout/Drive/Pictures/2011/Spruce Creek Park Feb, 2011 (27).JPG","C:\Users\thoma\Documents\Cyber Crimes Tools\Takeout Extracted\Takeout\Drive\Pictures\2011\Spruce Creek Park Feb, 2011 (27).JPG",2185192,2013-02-28 11:26:20,ExtractNamedRelevant
C:\Users\thoma\Documents\Cyber Crimes Tools\Takeout Zips\takeout-20260602T071913Z-11-011.zip,takeout-20260602T071913Z-11-011.zip,Takeout/Drive/12-26-75/02 Ep. 2 Donna_s Missing.mp3,C:\Users\thoma\Documents\Cyber Crimes Tools\Takeout Extracted\Takeout\Drive\12-26-75\02 Ep. 2 Donna_s Missing.mp3,54403086,2017-06-08 11:29:02,SkipLargeMediaEvenIfNamed
C:\Users\thoma\Documents\Cyber Crimes Tools\Takeout Zips\takeout-20260602T071913Z-11-011.zip,takeout-20260602T071913Z-11-011.zip,Takeout/Drive/Kula Yoga/IMG_0244.JPG,C:\Users\thoma\Documents\Cyber Crimes Tools\Takeout Extracted\Takeout\Drive\Kula Yoga\IMG_0244.JPG,1063829,2016-06-28 13:11:44,ExtractNamedRelevant
C:\Users\thoma\Documents\Cyber Crimes Tools\Takeout Zips\takeout-20260602T071913Z-11-011.zip,takeout-20260602T071913Z-11-011.zip,Takeout/Drive/Gillette Fusion Back.jpg,C:\Users\thoma\Documents\Cyber Crimes Tools\Takeout Extracted\Takeout\Drive\Gillette Fusion Back.jpg,3356072,2013-09-17 20:57:18,ExtractNamedRelevant
C:\Users\thoma\Documents\Cyber Crimes Tools\Takeout Zips\takeout-20260602T071913Z-11-011.zip,takeout-20260602T071913Z-11-011.zip,Takeout/Drive/Movies/VIDEO_TS/VTS_01_0.VOB,C:\Users\thoma\Documents\Cyber Crimes Tools\Takeout Extracted\Takeout\Drive\Movies\VIDEO_TS\VTS_01_0.VOB,81774592,2011-03-14 17:44:46,SkipLargeMediaEvenIfNamed
C:\Users\thoma\Documents\Cyber Crimes Tools\Takeout Zips\takeout-20260602T071913Z-11-011.zip,takeout-20260602T071913Z-11-011.zip,Takeout/Drive/Pictures/2010/What_s in the cookie jar project (12).JPG,C:\Users\thoma\Documents\Cyber Crimes Tools\Takeout Extracted\Takeout\Drive\Pictures\2010\What_s in the cookie jar project (12).JPG,2443090,2013-02-27 17:45:42,SkippedExisting
C:\Users\thoma\Documents\Cyber Crimes Tools\Takeout Zips\takeout-20260602T071913Z-11-011.zip,takeout-20260602T071913Z-11-011.zip,Takeout/Drive/Pictures/2010/What_s in the cookie jar project (9).JPG,C:\Users\thoma\Documents\Cyber Crimes Tools\Takeout Extracted\Takeout\Drive\Pictures\2010\What_s in the cookie jar project (9).JPG,2327185,2013-02-27 17:47:52,ExtractNamedRelevant
C:\Users\thoma\Documents\Cyber Crimes Tools\Takeout Zips\takeout-20260602T071913Z-11-011.zip,takeout-20260602T071913Z-11-011.zip,Takeout/Drive/Kula Yoga/IMG_0253.JPG,C:\Users\thoma\Documents\Cyber Crimes Tools\Takeout Extracted\Takeout\Drive\Kula Yoga\IMG_0253.JPG,1134142,2016-06-28 13:13:24,ExtractNamedRelevant
C:\Users\thoma\Documents\Cyber Crimes Tools\Takeout Zips\takeout-20260602T071913Z-11-011.zip,takeout-20260602T071913Z-11-011.zip,Takeout/Drive/Pictures/2011/Nov 12 2011 (41).JPG,C:\Users\thoma\Documents\Cyber Crimes Tools\Takeout Extracted\Takeout\Drive\Pictures\2011\Nov 12 2011 (41).JPG,1880017,2013-02-28 11:11:18,ExtractNamedRelevant
C:\Users\thoma\Documents\Cyber Crimes Tools\Takeout Zips\takeout-20260602T071913Z-11-011.zip,takeout-20260602T071913Z-11-011.zip,Takeout/Drive/Pictures/2009/2009 191.jpg,C:\Users\thoma\Documents\Cyber Crimes Tools\Takeout Extracted\Takeout\Drive\Pictures\2009\2009 191.jpg,611764,2013-02-27 11:09:16,ExtractNamedRelevant
C:\Users\thoma\Documents\Cyber Crimes Tools\Takeout Zips\takeout-20260602T071913Z-11-011.zip,takeout-20260602T071913Z-11-011.zip,Takeout/Drive/SCN1584728596701.pdf,C:\Users\thoma\Documents\Cyber Crimes Tools\Takeout Extracted\Takeout\Drive\SCN1584728596701.pdf,2578539,2020-03-20 11:23:16,ExtractEvidenceType
C:\Users\thoma\Documents\Cyber Crimes Tools\Takeout Zips\takeout-20260602T071913Z-11-011.zip,takeout-20260602T071913Z-11-011.zip,Takeout/Drive/Kula Yoga/IMG_0243.JPG,C:\Users\thoma\Documents\Cyber Crimes Tools\Takeout Extracted\Takeout\Drive\Kula Yoga\IMG_0243.JPG,1274921,2016-06-28 13:11:34,ExtractNamedRelevant
C:\Users\thoma\Documents\Cyber Crimes Tools\Takeout Zips\takeout-20260602T071913Z-11-011.zip,takeout-20260602T071913Z-11-011.zip,Takeout/Drive/Movies/VIDEO_TS/VTS_07_1.VOB,C:\Users\thoma\Documents\Cyber Crimes Tools\Takeout Extracted\Takeout\Drive\Movies\VIDEO_TS\VTS_07_1.VOB,15312896,2011-03-14 18:04:04,ExtractNamedRelevant
C:\Users\thoma\Documents\Cyber Crimes Tools\Takeout Zips\takeout-20260602T071913Z-11-011.zip,takeout-20260602T071913Z-11-011.zip,Takeout/Drive/SCN1594668523355.pdf,C:\Users\thoma\Documents\Cyber Crimes Tools\Takeout Extracted\Takeout\Drive\SCN1594668523355.pdf,2156946,2020-07-13 12:28:42,ExtractEvidenceType
C:\Users\thoma\Documents\Cyber Crimes Tools\Takeout Zips\takeout-20260602T071913Z-11-011.zip,takeout-20260602T071913Z-11-011.zip,Takeout/Drive/Expert IT/Email records(1).xlsx,C:\Users\thoma\Documents\Cyber Crimes Tools\Takeout Extracted\Takeout\Drive\Expert IT\Email records(1).xlsx,1721764,2018-08-12 14:31:26,ExtractEvidenceType
C:\Users\thoma\Documents\Cyber Crimes Tools\Takeout Zips\takeout-20260602T071913Z-11-011.zip,takeout-20260602T071913Z-11-011.zip,"Takeout/Drive/Pictures/2011/Spruce Creek Park Feb, 2011 (23).JPG","C:\Users\thoma\Documents\Cyber Crimes Tools\Takeout Extracted\Takeout\Drive\Pictures\2011\Spruce Creek Park Feb, 2011 (23).JPG",1497002,2013-02-28 11:26:04,SkippedExisting
C:\Users\thoma\Documents\Cyber Crimes Tools\Takeout Zips\takeout-20260602T071913Z-11-011.zip,takeout-20260602T071913Z-11-011.zip,Takeout/Drive/Lloyd_s of London Summary Component Warranty & .pdf,C:\Users\thoma\Documents\Cyber Crimes Tools\Takeout Extracted\Takeout\Drive\Lloyd_s of London Summary Component Warranty & .pdf,619873,2019-03-02 11:13:18,SkippedExisting
C:\Users\thoma\Documents\Cyber Crimes Tools\Takeout Zips\takeout-20260602T071913Z-11-011.zip,takeout-20260602T071913Z-11-011.zip,Takeout/Drive/Authority Syndicate.1.mp4,C:\Users\thoma\Documents\Cyber Crimes Tools\Takeout Extracted\Takeout\Drive\Authority Syndicate.1.mp4,45563533,2015-10-17 20:29:48,SkipLargeMediaEvenIfNamed
C:\Users\thoma\Documents\Cyber Crimes Tools\Takeout Zips\takeout-20260602T071913Z-11-011.zip,takeout-20260602T071913Z-11-011.zip,Takeout/Drive/Pictures/2011/Nov 12 2011 (18).JPG,C:\Users\thoma\Documents\Cyber Crimes Tools\Takeout Extracted\Takeout\Drive\Pictures\2011\Nov 12 2011 (18).JPG,1378968,2013-02-28 10:47:12,SkippedExisting
C:\Users\thoma\Documents\Cyber Crimes Tools\Takeout Zips\takeout-20260602T071913Z-11-011.zip,takeout-20260602T071913Z-11-011.zip,Takeout/Drive/Pictures/2011/Nov 12 2011 (17).JPG,C:\Users\thoma\Documents\Cyber Crimes Tools\Takeout Extracted\Takeout\Drive\Pictures\2011\Nov 12 2011 (17).JPG,1541241,2013-02-28 10:47:02,ExtractNamedRelevant
C:\Users\thoma\Documents\Cyber Crimes Tools\Takeout Zips\takeout-20260602T071913Z-11-011.zip,takeout-20260602T071913Z-11-011.zip,Takeout/Drive/Pictures/2009/2009 107.jpg,C:\Users\thoma\Documents\Cyber Crimes Tools\Takeout Extracted\Takeout\Drive\Pictures\2009\2009 107.jpg,1015108,2013-02-27 11:07:08,ExtractNamedRelevant
C:\Users\thoma\Documents\Cyber Crimes Tools\Takeout Zips\takeout-20260602T071913Z-11-011.zip,takeout-20260602T071913Z-11-011.zip,Takeout/Drive/Pictures/2009/2009 104.jpg,C:\Users\thoma\Documents\Cyber Crimes Tools\Takeout Extracted\Takeout\Drive\Pictures\2009\2009 104.jpg,870478,2013-02-27 11:07:02,ExtractNamedRelevant
C:\Users\thoma\Documents\Cyber Crimes Tools\Takeout Zips\takeout-20260602T071913Z-11-011.zip,takeout-20260602T071913Z-11-011.zip,Takeout/Drive/Pictures/2009/2009 101.jpg,C:\Users\thoma\Documents\Cyber Crimes Tools\Takeout Extracted\Takeout\Drive\Pictures\2009\2009 101.jpg,827166,2013-02-27 11:06:58,ExtractNamedRelevant
C:\Users\thoma\Documents\Cyber Crimes Tools\Takeout Zips\takeout-20260602T071913Z-11-011.zip,takeout-20260602T071913Z-11-011.zip,Takeout/Drive/Pictures/2009/2009 098.jpg,C:\Users\thoma\Documents\Cyber Crimes Tools\Takeout Extracted\Takeout\Drive\Pictures\2009\2009 098.jpg,761682,2013-02-27 11:06:48,SkippedExisting
C:\Users\thoma\Documents\Cyber Crimes Tools\Takeout Zips\takeout-20260602T071913Z-11-011.zip,takeout-20260602T071913Z-11-011.zip,Takeout/Drive/Pictures/2009/2009 099.jpg,C:\Users\thoma\Documents\Cyber Crimes Tools\Takeout Extracted\Takeout\Drive\Pictures\2009\2009 099.jpg,735066,2013-02-27 11:06:54,SkippedExisting
C:\Users\thoma\Documents\Cyber Crimes Tools\Takeout Zips\takeout-20260602T071913Z-11-011.zip,takeout-20260602T071913Z-11-011.zip,Takeout/Drive/Pictures/2009/2009 096.jpg,C:\Users\thoma\Documents\Cyber Crimes Tools\Takeout Extracted\Takeout\Drive\Pictures\2009\2009 096.jpg,560933,2013-02-27 11:06:44,SkippedExisting
C:\Users\thoma\Documents\Cyber Crimes Tools\Takeout Zips\takeout-20260602T071913Z-11-011.zip,takeout-20260602T071913Z-11-011.zip,Takeout/Drive/Pictures/2009/2009 089.jpg,C:\Users\thoma\Documents\Cyber Crimes Tools\Takeout Extracted\Takeout\Drive\Pictures\2009\2009 089.jpg,679572,2013-02-27 11:06:40,SkippedExisting
C:\Users\thoma\Documents\Cyber Crimes Tools\Takeout Zips\takeout-20260602T071913Z-11-011.zip,takeout-20260602T071913Z-11-011.zip,Takeout/Drive/Pictures/2009/2009 087.jpg,C:\Users\thoma\Documents\Cyber Crimes Tools\Takeout Extracted\Takeout\Drive\Pictures\2009\2009 087.jpg,657241,2013-02-27 11:06:34,SkippedExisting
C:\Users\thoma\Documents\Cyber Crimes Tools\Takeout Zips\takeout-20260602T071913Z-11-011.zip,takeout-20260602T071913Z-11-011.zip,Takeout/Drive/Pictures/2009/2009 085.jpg,C:\Users\thoma\Documents\Cyber Crimes Tools\Takeout Extracted\Takeout\Drive\Pictures\2009\2009 085.jpg,697803,2013-02-27 11:06:20,SkippedExisting
C:\Users\thoma\Documents\Cyber Crimes Tools\Takeout Zips\takeout-20260602T071913Z-11-011.zip,takeout-20260602T071913Z-11-011.zip,Takeout/Drive/Pictures/2009/2009 079.jpg,C:\Users\thoma\Documents\Cyber Crimes Tools\Takeout Extracted\Takeout\Drive\Pictures\2009\2009 079.jpg,28500,2013-02-27 11:06:06,SkippedExisting
C:\Users\thoma\Documents\Cyber Crimes Tools\Takeout Zips\takeout-20260602T071913Z-11-011.zip,takeout-20260602T071913Z-11-011.zip,Takeout/Drive/Pictures/2009/2009 084.jpg,C:\Users\thoma\Documents\Cyber Crimes Tools\Takeout Extracted\Takeout\Drive\Pictures\2009\2009 084.jpg,21407,2013-02-27 11:06:16,SkippedExisting
C:\Users\thoma\Documents\Cyber Crimes Tools\Takeout Zips\takeout-20260602T071913Z-11-011.zip,takeout-20260602T071913Z-11-011.zip,Takeout/Drive/Pictures/2009/2009 078.jpg,C:\Users\thoma\Documents\Cyber Crimes Tools\Takeout Extracted\Takeout\Drive\Pictures\2009\2009 078.jpg,933529,2013-02-27 11:06:06,SkippedExisting
C:\Users\thoma\Documents\Cyber Crimes Tools\Takeout Zips\takeout-20260602T071913Z-11-011.zip,takeout-20260602T071913Z-11-011.zip,Takeout/Drive/Pictures/2009/2009 074.jpg,C:\Users\thoma\Documents\Cyber Crimes Tools\Takeout Extracted\Takeout\Drive\Pictures\2009\2009 074.jpg,538157,2013-02-27 11:06:00,SkippedExisting
C:\Users\thoma\Documents\Cyber Crimes Tools\Takeout Zips\takeout-20260602T071913Z-11-011.zip,takeout-20260602T071913Z-11-011.zip,Takeout/Drive/Pictures/2009/2009 073.jpg,C:\Users\thoma\Documents\Cyber Crimes Tools\Takeout Extracted\Takeout\Drive\Pictures\2009\2009 073.jpg,15905,2013-02-27 11:05:58,SkippedExisting
C:\Users\thoma\Documents\Cyber Crimes Tools\Takeout Zips\takeout-20260602T071913Z-11-011.zip,takeout-20260602T071913Z-11-011.zip,Takeout/Drive/Pictures/2009/2009 070.jpg,C:\Users\thoma\Documents\Cyber Crimes Tools\Takeout Extracted\Takeout\Drive\Pictures\2009\2009 070.jpg,15451,2013-02-27 11:05:56,SkippedExisting
C:\Users\thoma\Documents\Cyber Crimes Tools\Takeout Zips\takeout-20260602T071913Z-11-011.zip,takeout-20260602T071913Z-11-011.zip,Takeout/Drive/Pictures/2009/2009 072.jpg,C:\Users\thoma\Documents\Cyber Crimes Tools\Takeout Extracted\Takeout\Drive\Pictures\2009\2009 072.jpg,15684,2013-02-27 11:05:56,SkippedExisting
C:\Users\thoma\Documents\Cyber Crimes Tools\Takeout Zips\takeout-20260602T071913Z-11-011.zip,takeout-20260602T071913Z-11-011.zip,Takeout/Drive/Pictures/2010/Race track - Dec 2010 (15).JPG,C:\Users\thoma\Documents\Cyber Crimes Tools\Takeout Extracted\Takeout\Drive\Pictures\2010\Race track - Dec 2010 (15).JPG,1408798,2013-02-27 17:13:46,ExtractNamedRelevant
C:\Users\thoma\Documents\Cyber Crimes Tools\Takeout Zips\takeout-20260602T071913Z-11-011.zip,takeout-20260602T071913Z-11-011.zip,Takeout/Drive/Pictures/2010/Race track - Dec 2010 (14).JPG,C:\Users\thoma\Documents\Cyber Crimes Tools\Takeout Extracted\Takeout\Drive\Pictures\2010\Race track - Dec 2010 (14).JPG,1395755,2013-02-27 17:13:40,SkippedExisting
C:\Users\thoma\Documents\Cyber Crimes Tools\Takeout Zips\takeout-20260602T071913Z-11-011.zip,takeout-20260602T071913Z-11-011.zip,Takeout/Drive/Pictures/2010/Race track - Dec 2010 (12).JPG,C:\Users\thoma\Documents\Cyber Crimes Tools\Takeout Extracted\Takeout\Drive\Pictures\2010\Race track - Dec 2010 (12).JPG,1299910,2013-02-27 17:13:26,ExtractNamedRelevant
C:\Users\thoma\Documents\Cyber Crimes Tools\Takeout Zips\takeout-20260602T071913Z-11-011.zip,takeout-20260602T071913Z-11-011.zip,Takeout/Drive/Pictures/2010/Race track - Dec 2010 (11).JPG,C:\Users\thoma\Documents\Cyber Crimes Tools\Takeout Extracted\Takeout\Drive\Pictures\2010\Race track - Dec 2010 (11).JPG,1278409,2013-02-27 17:13:20,ExtractNamedRelevant
C:\Users\thoma\Documents\Cyber Crimes Tools\Takeout Zips\takeout-20260602T071913Z-11-011.zip,takeout-20260602T071913Z-11-011.zip,Takeout/Drive/Pictures/2010/Race track - Dec 2010 (10).JPG,C:\Users\thoma\Documents\Cyber Crimes Tools\Takeout Extracted\Takeout\Drive\Pictures\2010\Race track - Dec 2010 (10).JPG,1497550,2013-02-27 17:13:14,SkippedExisting
C:\Users\thoma\Documents\Cyber Crimes Tools\Takeout Zips\takeout-20260602T071913Z-11-011.zip,takeout-20260602T071913Z-11-011.zip,Takeout/Drive/Untitled document(8).docx,C:\Users\thoma\Documents\Cyber Crimes Tools\Takeout Extracted\Takeout\Drive\Untitled document(8).docx,6494,2019-06-13 14:05:34,SkippedExisting
C:\Users\thoma\Documents\Cyber Crimes Tools\Takeout Zips\takeout-20260602T071913Z-11-011.zip,takeout-20260602T071913Z-11-011.zip,Takeout/Drive/Pictures/2010/Race track - Dec 2010 (1).JPG,C:\Users\thoma\Documents\Cyber Crimes Tools\Takeout Extracted\Takeout\Drive\Pictures\2010\Race track - Dec 2010 (1).JPG,1159915,2013-02-27 17:08:14,SkippedExisting
C:\Users\thoma\Documents\Cyber Crimes Tools\Takeout Zips\takeout-20260602T071913Z-11-011.zip,takeout-20260602T071913Z-11-011.zip,Takeout/Drive/Pictures/2010/playtime - Sep 2010 (9).JPG,C:\Users\thoma\Documents\Cyber Crimes Tools\Takeout Extracted\Takeout\Drive\Pictures\2010\playtime - Sep 2010 (9).JPG,978713,2013-02-27 17:08:08,SkippedExisting
C:\Users\thoma\Documents\Cyber Crimes Tools\Takeout Zips\takeout-20260602T071913Z-11-011.zip,takeout-20260602T071913Z-11-011.zip,Takeout/Drive/Pictures/2010/Race track - Dec 2010 (1).MOV,C:\Users\thoma\Documents\Cyber Crimes Tools\Takeout Extracted\Takeout\Drive\Pictures\2010\Race track - Dec 2010 (1).MOV,85812014,2013-02-27 17:13:08,SkipLargeMediaEvenIfNamed
C:\Users\thoma\Documents\Cyber Crimes Tools\Takeout Zips\takeout-20260602T071913Z-11-011.zip,takeout-20260602T071913Z-11-011.zip,Takeout/Drive/Pictures/2010/playtime - Sep 2010 (8).JPG,C:\Users\thoma\Documents\Cyber Crimes Tools\Takeout Extracted\Takeout\Drive\Pictures\2010\playtime - Sep 2010 (8).JPG,1053685,2013-02-27 17:08:02,ExtractNamedRelevant
C:\Users\thoma\Documents\Cyber Crimes Tools\Takeout Zips\takeout-20260602T071913Z-11-011.zip,takeout-20260602T071913Z-11-011.zip,Takeout/Drive/Pictures/2010/playtime - Sep 2010 (6).JPG,C:\Users\thoma\Documents\Cyber Crimes Tools\Takeout Extracted\Takeout\Drive\Pictures\2010\playtime - Sep 2010 (6).JPG,968742,2013-02-27 17:07:52,ExtractNamedRelevant
C:\Users\thoma\Documents\Cyber Crimes Tools\Takeout Zips\takeout-20260602T071913Z-11-011.zip,takeout-20260602T071913Z-11-011.zip,Takeout/Drive/Kameron_s Loyal Customer List.xlsx,C:\Users\thoma\Documents\Cyber Crimes Tools\Takeout Extracted\Takeout\Drive\Kameron_s Loyal Customer List.xlsx,15942,2012-07-10 16:31:40,SkippedExisting
C:\Users\thoma\Documents\Cyber Crimes Tools\Takeout Zips\takeout-20260602T071913Z-11-011.zip,takeout-20260602T071913Z-11-011.zip,Takeout/Drive/Pictures/2010/playtime - Sep 2010 (7).JPG,C:\Users\thoma\Documents\Cyber Crimes Tools\Takeout Extracted\Takeout\Drive\Pictures\2010\playtime - Sep 2010 (7).JPG,1063939,2013-02-27 17:07:58,SkippedExisting
C:\Users\thoma\Documents\Cyber Crimes Tools\Takeout Zips\takeout-20260602T071913Z-11-011.zip,takeout-20260602T071913Z-11-011.zip,Takeout/Drive/Pictures/2010/playtime - Sep 2010 (5).JPG,C:\Users\thoma\Documents\Cyber Crimes Tools\Takeout Extracted\Takeout\Drive\Pictures\2010\playtime - Sep 2010 (5).JPG,1106595,2013-02-27 17:07:46,SkippedExisting
C:\Users\thoma\Documents\Cyber Crimes Tools\Takeout Zips\takeout-20260602T071913Z-11-011.zip,takeout-20260602T071913Z-11-011.zip,Takeout/Drive/Pictures/2010/playtime - Sep 2010 (4).JPG,C:\Users\thoma\Documents\Cyber Crimes Tools\Takeout Extracted\Takeout\Drive\Pictures\2010\playtime - Sep 2010 (4).JPG,1151842,2013-02-27 17:07:40,SkippedExisting
C:\Users\thoma\Documents\Cyber Crimes Tools\Takeout Zips\takeout-20260602T071913Z-11-011.zip,takeout-20260602T071913Z-11-011.zip,Takeout/Drive/Pictures/2010/playtime - Sep 2010 (3).JPG,C:\Users\thoma\Documents\Cyber Crimes Tools\Takeout Extracted\Takeout\Drive\Pictures\2010\playtime - Sep 2010 (3).JPG,1049929,2013-02-27 17:07:34,ExtractNamedRelevant
C:\Users\thoma\Documents\Cyber Crimes Tools\Takeout Zips\takeout-20260602T071913Z-11-011.zip,takeout-20260602T071913Z-11-011.zip,Takeout/Drive/Pictures/2010/playtime - Sep 2010 (20).JPG,C:\Users\thoma\Documents\Cyber Crimes Tools\Takeout Extracted\Takeout\Drive\Pictures\2010\playtime - Sep 2010 (20).JPG,1027813,2013-02-27 17:07:22,SkippedExisting
C:\Users\thoma\Documents\Cyber Crimes Tools\Takeout Zips\takeout-20260602T071913Z-11-011.zip,takeout-20260602T071913Z-11-011.zip,Takeout/Drive/Pictures/2010/playtime - Sep 2010 (21).JPG,C:\Users\thoma\Documents\Cyber Crimes Tools\Takeout Extracted\Takeout\Drive\Pictures\2010\playtime - Sep 2010 (21).JPG,1046967,2013-02-27 17:07:28,ExtractNamedRelevant
C:\Users\thoma\Documents\Cyber Crimes Tools\Takeout Zips\takeout-20260602T071913Z-11-011.zip,takeout-20260602T071913Z-11-011.zip,Takeout/Drive/Pictures/2010/playtime - Sep 2010 (19).JPG,C:\Users\thoma\Documents\Cyber Crimes Tools\Takeout Extracted\Takeout\Drive\Pictures\2010\playtime - Sep 2010 (19).JPG,1105535,2013-02-27 17:02:20,ExtractNamedRelevant
C:\Users\thoma\Documents\Cyber Crimes Tools\Takeout Zips\takeout-20260602T071913Z-11-011.zip,takeout-20260602T071913Z-11-011.zip,Takeout/Drive/Pictures/2010/playtime - Sep 2010 (18).JPG,C:\Users\thoma\Documents\Cyber Crimes Tools\Takeout Extracted\Takeout\Drive\Pictures\2010\playtime - Sep 2010 (18).JPG,1050803,2013-02-27 17:02:14,ExtractNamedRelevant
C:\Users\thoma\Documents\Cyber Crimes Tools\Takeout Zips\takeout-20260602T071913Z-11-011.zip,takeout-20260602T071913Z-11-011.zip,Takeout/Drive/Facilitation Guide for The Work of Byron Katie Fou.docx,C:\Users\thoma\Documents\Cyber Crimes Tools\Takeout Extracted\Takeout\Drive\Facilitation Guide for The Work of Byron Katie Fou.docx,7381,2019-03-15 13:04:14,SkippedExisting
C:\Users\thoma\Documents\Cyber Crimes Tools\Takeout Zips\takeout-20260602T071913Z-11-011.zip,takeout-20260602T071913Z-11-011.zip,Takeout/Drive/Pictures/2010/playtime - Sep 2010 (2).JPG,C:\Users\thoma\Documents\Cyber Crimes Tools\Takeout Extracted\Takeout\Drive\Pictures\2010\playtime - Sep 2010 (2).JPG,1085943,2013-02-27 17:02:26,ExtractNamedRelevant
C:\Users\thoma\Documents\Cyber Crimes Tools\Takeout Zips\takeout-20260602T071913Z-11-011.zip,takeout-20260602T071913Z-11-011.zip,Takeout/Drive/Pictures/2010/playtime - Sep 2010 (17).JPG,C:\Users\thoma\Documents\Cyber Crimes Tools\Takeout Extracted\Takeout\Drive\Pictures\2010\playtime - Sep 2010 (17).JPG,1039367,2013-02-27 17:02:10,ExtractNamedRelevant
C:\Users\thoma\Documents\Cyber Crimes Tools\Takeout Zips\takeout-20260602T071913Z-11-011.zip,takeout-20260602T071913Z-11-011.zip,Takeout/Drive/Pictures/2010/playtime - Sep 2010 (16).JPG,C:\Users\thoma\Documents\Cyber Crimes Tools\Takeout Extracted\Takeout\Drive\Pictures\2010\playtime - Sep 2010 (16).JPG,1032553,2013-02-27 17:02:04,ExtractNamedRelevant
C:\Users\thoma\Documents\Cyber Crimes Tools\Takeout Zips\takeout-20260602T071913Z-11-011.zip,takeout-20260602T071913Z-11-011.zip,Takeout/Drive/Pictures/2010/playtime - Sep 2010 (15).JPG,C:\Users\thoma\Documents\Cyber Crimes Tools\Takeout Extracted\Takeout\Drive\Pictures\2010\playtime - Sep 2010 (15).JPG,1068895,2013-02-27 17:02:00,ExtractNamedRelevant
C:\Users\thoma\Documents\Cyber Crimes Tools\Takeout Zips\takeout-20260602T071913Z-11-011.zip,takeout-20260602T071913Z-11-011.zip,Takeout/Drive/Pictures/2010/playtime - Sep 2010 (14).JPG,C:\Users\thoma\Documents\Cyber Crimes Tools\Takeout Extracted\Takeout\Drive\Pictures\2010\playtime - Sep 2010 (14).JPG,1099343,2013-02-27 17:01:54,ExtractNamedRelevant
C:\Users\thoma\Documents\Cyber Crimes Tools\Takeout Zips\takeout-20260602T071913Z-11-011.zip,takeout-20260602T071913Z-11-011.zip,Takeout/Drive/Pictures/2009/2009 069.jpg,C:\Users\thoma\Documents\Cyber Crimes Tools\Takeout Extracted\Takeout\Drive\Pictures\2009\2009 069.jpg,475129,2013-02-27 11:05:54,SkippedExisting
C:\Users\thoma\Documents\Cyber Crimes Tools\Takeout Zips\takeout-20260602T071913Z-11-011.zip,takeout-20260602T071913Z-11-011.zip,Takeout/Drive/Pictures/2009/2009 061.jpg,C:\Users\thoma\Documents\Cyber Crimes Tools\Takeout Extracted\Takeout\Drive\Pictures\2009\2009 061.jpg,26080,2013-02-27 11:05:48,SkippedExisting
C:\Users\thoma\Documents\Cyber Crimes Tools\Takeout Zips\takeout-20260602T071913Z-11-011.zip,takeout-20260602T071913Z-11-011.zip,Takeout/Drive/Pictures/2009/2009 060.jpg,C:\Users\thoma\Documents\Cyber Crimes Tools\Takeout Extracted\Takeout\Drive\Pictures\2009\2009 060.jpg,835602,2013-02-27 11:05:48,ExtractNamedRelevant
C:\Users\thoma\Documents\Cyber Crimes Tools\Takeout Zips\takeout-20260602T071913Z-11-011.zip,takeout-20260602T071913Z-11-011.zip,Takeout/Drive/Pictures/2009/2009 059.jpg,C:\Users\thoma\Documents\Cyber Crimes Tools\Takeout Extracted\Takeout\Drive\Pictures\2009\2009 059.jpg,717423,2013-02-27 11:05:28,SkippedExisting
C:\Users\thoma\Documents\Cyber Crimes Tools\Takeout Zips\takeout-20260602T071913Z-11-011.zip,takeout-20260602T071913Z-11-011.zip,Takeout/Drive/Chase9833_Activity_20190605.CSV.xlsx,C:\Users\thoma\Documents\Cyber Crimes Tools\Takeout Extracted\Takeout\Drive\Chase9833_Activity_20190605.CSV.xlsx,36430,2019-06-11 12:35:34,SkippedExisting
C:\Users\thoma\Documents\Cyber Crimes Tools\Takeout Zips\takeout-20260602T071913Z-11-011.zip,takeout-20260602T071913Z-11-011.zip,Takeout/Drive/Pictures/2009/2009 057.jpg,C:\Users\thoma\Documents\Cyber Crimes Tools\Takeout Extracted\Takeout\Drive\Pictures\2009\2009 057.jpg,22098,2013-02-27 11:05:22,SkippedExisting
C:\Users\thoma\Documents\Cyber Crimes Tools\Takeout Zips\takeout-20260602T071913Z-11-011.zip,takeout-20260602T071913Z-11-011.zip,Takeout/Drive/Pictures/2009/2009 068.jpg,C:\Users\thoma\Documents\Cyber Crimes Tools\Takeout Extracted\Takeout\Drive\Pictures\2009\2009 068.jpg,478638,2013-02-27 11:05:52,SkippedExisting
C:\Users\thoma\Documents\Cyber Crimes Tools\Takeout Zips\takeout-20260602T071913Z-11-011.zip,takeout-20260602T071913Z-11-011.zip,Takeout/Drive/Pictures/2009/2009 052.jpg,C:\Users\thoma\Documents\Cyber Crimes Tools\Takeout Extracted\Takeout\Drive\Pictures\2009\2009 052.jpg,1066452,2013-02-27 11:05:20,SkippedExisting
C:\Users\thoma\Documents\Cyber Crimes Tools\Takeout Zips\takeout-20260602T071913Z-11-011.zip,takeout-20260602T071913Z-11-011.zip,Takeout/Drive/Pictures/2009/2009 051.jpg,C:\Users\thoma\Documents\Cyber Crimes Tools\Takeout Extracted\Takeout\Drive\Pictures\2009\2009 051.jpg,32597,2013-02-27 11:05:14,SkippedExisting
C:\Users\thoma\Documents\Cyber Crimes Tools\Takeout Zips\takeout-20260602T071913Z-11-011.zip,takeout-20260602T071913Z-11-011.zip,Takeout/Drive/Pictures/2010/playtime - Sep 2010 (2).MOV,C:\Users\thoma\Documents\Cyber Crimes Tools\Takeout Extracted\Takeout\Drive\Pictures\2010\playtime - Sep 2010 (2).MOV,80448407,2013-02-27 17:07:16,SkipLargeMediaEvenIfNamed
C:\Users\thoma\Documents\Cyber Crimes Tools\Takeout Zips\takeout-20260602T071913Z-11-011.zip,takeout-20260602T071913Z-11-011.zip,Takeout/Drive/Pictures/2009/2009 053.jpg,C:\Users\thoma\Documents\Cyber Crimes Tools\Takeout Extracted\Takeout\Drive\Pictures\2009\2009 053.jpg,29454,2013-02-27 11:05:22,ExtractNamedRelevant
C:\Users\thoma\Documents\Cyber Crimes Tools\Takeout Zips\takeout-20260602T071913Z-11-011.zip,takeout-20260602T071913Z-11-011.zip,Takeout/Drive/Parenting Plan.docx,C:\Users\thoma\Documents\Cyber Crimes Tools\Takeout Extracted\Takeout\Drive\Parenting Plan.docx,11989,2020-02-19 10:41:36,ExtractEvidenceType
C:\Users\thoma\Documents\Cyber Crimes Tools\Takeout Zips\takeout-20260602T071913Z-11-011.zip,takeout-20260602T071913Z-11-011.zip,Takeout/Drive/Pictures/2009/2009 047.jpg,C:\Users\thoma\Documents\Cyber Crimes Tools\Takeout Extracted\Takeout\Drive\Pictures\2009\2009 047.jpg,25541,2013-02-27 11:05:02,ExtractNamedRelevant
C:\Users\thoma\Documents\Cyber Crimes Tools\Takeout Zips\takeout-20260602T071913Z-11-011.zip,takeout-20260602T071913Z-11-011.zip,Takeout/Drive/Pictures/2009/2009 049.jpg,C:\Users\thoma\Documents\Cyber Crimes Tools\Takeout Extracted\Takeout\Drive\Pictures\2009\2009 049.jpg,1227640,2013-02-27 11:05:12,ExtractNamedRelevant
C:\Users\thoma\Documents\Cyber Crimes Tools\Takeout Zips\takeout-20260602T071913Z-11-011.zip,takeout-20260602T071913Z-11-011.zip,Takeout/Drive/Pictures/2009/2009 044.jpg,C:\Users\thoma\Documents\Cyber Crimes Tools\Takeout Extracted\Takeout\Drive\Pictures\2009\2009 044.jpg,1125943,2013-02-27 11:04:56,ExtractNamedRelevant
C:\Users\thoma\Documents\Cyber Crimes Tools\Takeout Zips\takeout-20260602T071913Z-11-011.zip,takeout-20260602T071913Z-11-011.zip,Takeout/Drive/Pictures/2009/2009 046.jpg,C:\Users\thoma\Documents\Cyber Crimes Tools\Takeout Extracted\Takeout\Drive\Pictures\2009\2009 046.jpg,1017631,2013-02-27 11:05:00,SkippedExisting
C:\Users\thoma\Documents\Cyber Crimes Tools\Takeout Zips\takeout-20260602T071913Z-11-011.zip,takeout-20260602T071913Z-11-011.zip,Takeout/Drive/Pictures/2009/2009 045.jpg,C:\Users\thoma\Documents\Cyber Crimes Tools\Takeout Extracted\Takeout\Drive\Pictures\2009\2009 045.jpg,25925,2013-02-27 11:04:56,SkippedExisting
C:\Users\thoma\Documents\Cyber Crimes Tools\Takeout Zips\takeout-20260602T071913Z-11-011.zip,takeout-20260602T071913Z-11-011.zip,Takeout/Drive/Hurd Family Legal/Response to Contempt/Coinbase-5a2572ad2482610118bfb68c-TransactionsHist.xlsx,C:\Users\thoma\Documents\Cyber Crimes Tools\Takeout Extracted\Takeout\Drive\Hurd Family Legal\Response to Contempt\Coinbase-5a2572ad2482610118bfb68c-TransactionsHist.xlsx,5616,2022-02-13 14:55:20,SkippedExisting
C:\Users\thoma\Documents\Cyber Crimes Tools\Takeout Zips\takeout-20260602T071913Z-11-011.zip,takeout-20260602T071913Z-11-011.zip,Takeout/Drive/Pictures/2009/2009 043.jpg,C:\Users\thoma\Documents\Cyber Crimes Tools\Takeout Extracted\Takeout\Drive\Pictures\2009\2009 043.jpg,35189,2013-02-27 11:04:50,SkippedExisting
C:\Users\thoma\Documents\Cyber Crimes Tools\Takeout Zips\takeout-20260602T071913Z-11-011.zip,takeout-20260602T071913Z-11-011.zip,Takeout/Drive/Pictures/2009/2009 039.jpg,C:\Users\thoma\Documents\Cyber Crimes Tools\Takeout Extracted\Takeout\Drive\Pictures\2009\2009 039.jpg,24887,2013-02-27 11:04:38,SkippedExisting
C:\Users\thoma\Documents\Cyber Crimes Tools\Takeout Zips\takeout-20260602T071913Z-11-011.zip,takeout-20260602T071913Z-11-011.zip,Takeout/Drive/Pictures/2009/2009 040.jpg,C:\Users\thoma\Documents\Cyber Crimes Tools\Takeout Extracted\Takeout\Drive\Pictures\2009\2009 040.jpg,967191,2013-02-27 11:04:42,ExtractNamedRelevant
C:\Users\thoma\Documents\Cyber Crimes Tools\Takeout Zips\takeout-20260602T071913Z-11-011.zip,takeout-20260602T071913Z-11-011.zip,Takeout/Drive/Pictures/2009/2009 041.jpg,C:\Users\thoma\Documents\Cyber Crimes Tools\Takeout Extracted\Takeout\Drive\Pictures\2009\2009 041.jpg,35542,2013-02-27 11:04:44,SkippedExisting
C:\Users\thoma\Documents\Cyber Crimes Tools\Takeout Zips\takeout-20260602T071913Z-11-011.zip,takeout-20260602T071913Z-11-011.zip,Takeout/Drive/Hurd Family Legal/final_document.docx,C:\Users\thoma\Documents\Cyber Crimes Tools\Takeout Extracted\Takeout\Drive\Hurd Family Legal\final_document.docx,7237,2023-05-16 11:50:00,SkippedExisting
C:\Users\thoma\Documents\Cyber Crimes Tools\Takeout Zips\takeout-20260602T071913Z-11-011.zip,takeout-20260602T071913Z-11-011.zip,Takeout/Drive/Pictures/2010/October 2010 (4).JPG,C:\Users\thoma\Documents\Cyber Crimes Tools\Takeout Extracted\Takeout\Drive\Pictures\2010\October 2010 (4).JPG,882145,2013-02-27 16:54:26,ExtractNamedRelevant
C:\Users\thoma\Documents\Cyber Crimes Tools\Takeout Zips\takeout-20260602T071913Z-11-011.zip,takeout-20260602T071913Z-11-011.zip,Takeout/Drive/Pictures/2010/October 2010 (28).JPG,C:\Users\thoma\Documents\Cyber Crimes Tools\Takeout Extracted\Takeout\Drive\Pictures\2010\October 2010 (28).JPG,891427,2013-02-27 16:54:18,ExtractNamedRelevant
C:\Users\thoma\Documents\Cyber Crimes Tools\Takeout Zips\takeout-20260602T071913Z-11-011.zip,takeout-20260602T071913Z-11-011.zip,Takeout/Drive/Pictures/2009/2009 038.jpg,C:\Users\thoma\Documents\Cyber Crimes Tools\Takeout Extracted\Takeout\Drive\Pictures\2009\2009 038.jpg,1062674,2013-02-27 11:04:38,SkippedExisting
C:\Users\thoma\Documents\Cyber Crimes Tools\Takeout Zips\takeout-20260602T071913Z-11-011.zip,takeout-20260602T071913Z-11-011.zip,Takeout/Drive/Copy of Hurd Petition.docx,C:\Users\thoma\Documents\Cyber Crimes Tools\Takeout Extracted\Takeout\Drive\Copy of Hurd Petition.docx,9622,2020-02-18 11:05:18,SkippedExisting
C:\Users\thoma\Documents\Cyber Crimes Tools\Takeout Zips\takeout-20260602T071913Z-11-011.zip,takeout-20260602T071913Z-11-011.zip,Takeout/Drive/SEO Project proposal.docx,C:\Users\thoma\Documents\Cyber Crimes Tools\Takeout Extracted\Takeout\Drive\SEO Project proposal.docx,344405,2017-06-19 07:33:18,ExtractEvidenceType
C:\Users\thoma\Documents\Cyber Crimes Tools\Takeout Zips\takeout-20260602T071913Z-11-011.zip,takeout-20260602T071913Z-11-011.zip,Takeout/Drive/Pictures/2009/2009 048.jpg,C:\Users\thoma\Documents\Cyber Crimes Tools\Takeout Extracted\Takeout\Drive\Pictures\2009\2009 048.jpg,1243069,2013-02-27 11:05:08,ExtractNamedRelevant
C:\Users\thoma\Documents\Cyber Crimes Tools\Takeout Zips\takeout-20260602T071913Z-11-011.zip,takeout-20260602T071913Z-11-011.zip,Takeout/Drive/Pictures/2009/2009 036.jpg,C:\Users\thoma\Documents\Cyber Crimes Tools\Takeout Extracted\Takeout\Drive\Pictures\2009\2009 036.jpg,1026189,2013-02-27 11:04:26,ExtractNamedRelevant
C:\Users\thoma\Documents\Cyber Crimes Tools\Takeout Zips\takeout-20260602T071913Z-11-011.zip,takeout-20260602T071913Z-11-011.zip,Takeout/Drive/Pictures/2009/2009 037.jpg,C:\Users\thoma\Documents\Cyber Crimes Tools\Takeout Extracted\Takeout\Drive\Pictures\2009\2009 037.jpg,24400,2013-02-27 11:04:28,SkippedExisting
C:\Users\thoma\Documents\Cyber Crimes Tools\Takeout Zips\takeout-20260602T071913Z-11-011.zip,takeout-20260602T071913Z-11-011.zip,Takeout/Drive/Pictures/2010/October 2010 (3).JPG,C:\Users\thoma\Documents\Cyber Crimes Tools\Takeout Extracted\Takeout\Drive\Pictures\2010\October 2010 (3).JPG,807525,2013-02-27 16:54:22,ExtractNamedRelevant
C:\Users\thoma\Documents\Cyber Crimes Tools\Takeout Zips\takeout-20260602T071913Z-11-011.zip,takeout-20260602T071913Z-11-011.zip,Takeout/Drive/Pictures/2010/October 2010 (27).JPG,C:\Users\thoma\Documents\Cyber Crimes Tools\Takeout Extracted\Takeout\Drive\Pictures\2010\October 2010 (27).JPG,846884,2013-02-27 16:54:14,ExtractNamedRelevant
C:\Users\thoma\Documents\Cyber Crimes Tools\Takeout Zips\takeout-20260602T071913Z-11-011.zip,takeout-20260602T071913Z-11-011.zip,Takeout/Drive/Pictures/2010/October 2010 (26).JPG,C:\Users\thoma\Documents\Cyber Crimes Tools\Takeout Extracted\Takeout\Drive\Pictures\2010\October 2010 (26).JPG,908934,2013-02-27 16:54:08,ExtractNamedRelevant
C:\Users\thoma\Documents\Cyber Crimes Tools\Takeout Zips\takeout-20260602T071913Z-11-011.zip,takeout-20260602T071913Z-11-011.zip,Takeout/Drive/Pictures/2010/October 2010 (25).JPG,C:\Users\thoma\Documents\Cyber Crimes Tools\Takeout Extracted\Takeout\Drive\Pictures\2010\October 2010 (25).JPG,1004408,2013-02-27 16:54:04,ExtractNamedRelevant
C:\Users\thoma\Documents\Cyber Crimes Tools\Takeout Zips\takeout-20260602T071913Z-11-011.zip,takeout-20260602T071913Z-11-011.zip,Takeout/Drive/Syndwire Accounts for Counting Network.xlsx,C:\Users\thoma\Documents\Cyber Crimes Tools\Takeout Extracted\Takeout\Drive\Syndwire Accounts for Counting Network.xlsx,7957,2016-03-07 09:30:52,SkippedExisting
C:\Users\thoma\Documents\Cyber Crimes Tools\Takeout Zips\takeout-20260602T071913Z-11-011.zip,takeout-20260602T071913Z-11-011.zip,Takeout/Drive/Pictures/2010/October 2010 (23).JPG,C:\Users\thoma\Documents\Cyber Crimes Tools\Takeout Extracted\Takeout\Drive\Pictures\2010\October 2010 (23).JPG,945624,2013-02-27 16:53:56,ExtractNamedRelevant
C:\Users\thoma\Documents\Cyber Crimes Tools\Takeout Zips\takeout-20260602T071913Z-11-011.zip,takeout-20260602T071913Z-11-011.zip,Takeout/Drive/Pictures/2010/October 2010 (20).JPG,C:\Users\thoma\Documents\Cyber Crimes Tools\Takeout Extracted\Takeout\Drive\Pictures\2010\October 2010 (20).JPG,868638,2013-02-27 16:53:38,ExtractNamedRelevant
C:\Users\thoma\Documents\Cyber Crimes Tools\Takeout Zips\takeout-20260602T071913Z-11-011.zip,takeout-20260602T071913Z-11-011.zip,Takeout/Drive/Pictures/2010/October 2010 (24).JPG,C:\Users\thoma\Documents\Cyber Crimes Tools\Takeout Extracted\Takeout\Drive\Pictures\2010\October 2010 (24).JPG,877590,2013-02-27 16:54:00,ExtractNamedRelevant
C:\Users\thoma\Documents\Cyber Crimes Tools\Takeout Zips\takeout-20260602T071913Z-11-011.zip,takeout-20260602T071913Z-11-011.zip,Takeout/Drive/Pictures/2010/October 2010 (21).JPG,C:\Users\thoma\Documents\Cyber Crimes Tools\Takeout Extracted\Takeout\Drive\Pictures\2010\October 2010 (21).JPG,851286,2013-02-27 16:53:42,ExtractNamedRelevant
C:\Users\thoma\Documents\Cyber Crimes Tools\Takeout Zips\takeout-20260602T071913Z-11-011.zip,takeout-20260602T071913Z-11-011.zip,Takeout/Drive/Pictures/2010/October 2010 (2).JPG,C:\Users\thoma\Documents\Cyber Crimes Tools\Takeout Extracted\Takeout\Drive\Pictures\2010\October 2010 (2).JPG,818435,2013-02-27 16:53:34,ExtractNamedRelevant
C:\Users\thoma\Documents\Cyber Crimes Tools\Takeout Zips\takeout-20260602T071913Z-11-011.zip,takeout-20260602T071913Z-11-011.zip,Takeout/Drive/Pictures/2010/October 2010 (19).JPG,C:\Users\thoma\Documents\Cyber Crimes Tools\Takeout Extracted\Takeout\Drive\Pictures\2010\October 2010 (19).JPG,818124,2013-02-27 16:53:30,ExtractNamedRelevant
C:\Users\thoma\Documents\Cyber Crimes Tools\Takeout Zips\takeout-20260602T071913Z-11-011.zip,takeout-20260602T071913Z-11-011.zip,Takeout/Drive/Pictures/2010/October 2010 (18).JPG,C:\Users\thoma\Documents\Cyber Crimes Tools\Takeout Extracted\Takeout\Drive\Pictures\2010\October 2010 (18).JPG,948210,2013-02-27 16:53:26,ExtractNamedRelevant
C:\Users\thoma\Documents\Cyber Crimes Tools\Takeout Zips\takeout-20260602T071913Z-11-011.zip,takeout-20260602T071913Z-11-011.zip,Takeout/Drive/Pictures/2011/Nov 12 2011 (16).JPG,C:\Users\thoma\Documents\Cyber Crimes Tools\Takeout Extracted\Takeout\Drive\Pictures\2011\Nov 12 2011 (16).JPG,1309169,2013-02-28 10:46:50,ExtractNamedRelevant
C:\Users\thoma\Documents\Cyber Crimes Tools\Takeout Zips\takeout-20260602T071913Z-11-011.zip,takeout-20260602T071913Z-11-011.zip,Takeout/Drive/Pictures/2011/Nov 12 2011 (12).JPG,C:\Users\thoma\Documents\Cyber Crimes Tools\Takeout Extracted\Takeout\Drive\Pictures\2011\Nov 12 2011 (12).JPG,1787545,2013-02-28 10:46:18,ExtractNamedRelevant
C:\Users\thoma\Documents\Cyber Crimes Tools\Takeout Zips\takeout-20260602T071913Z-11-011.zip,takeout-20260602T071913Z-11-011.zip,Takeout/Drive/Pictures/2011/Nov 12 2011 (13).JPG,C:\Users\thoma\Documents\Cyber Crimes Tools\Takeout Extracted\Takeout\Drive\Pictures\2011\Nov 12 2011 (13).JPG,1477958,2013-02-28 10:46:30,ExtractNamedRelevant
C:\Users\thoma\Documents\Cyber Crimes Tools\Takeout Zips\takeout-20260602T071913Z-11-011.zip,takeout-20260602T071913Z-11-011.zip,Takeout/Drive/Pictures/2011/Nov 12 2011 (14).JPG,C:\Users\thoma\Documents\Cyber Crimes Tools\Takeout Extracted\Takeout\Drive\Pictures\2011\Nov 12 2011 (14).JPG,1472742,2013-02-28 10:46:40,ExtractNamedRelevant
C:\Users\thoma\Documents\Cyber Crimes Tools\Takeout Zips\takeout-20260602T071913Z-11-011.zip,takeout-20260602T071913Z-11-011.zip,Takeout/Drive/Pictures/2011/Nov 12 2011 (11).JPG,C:\Users\thoma\Documents\Cyber Crimes Tools\Takeout Extracted\Takeout\Drive\Pictures\2011\Nov 12 2011 (11).JPG,1723609,2013-02-28 10:46:06,ExtractNamedRelevant
C:\Users\thoma\Documents\Cyber Crimes Tools\Takeout Zips\takeout-20260602T071913Z-11-011.zip,takeout-20260602T071913Z-11-011.zip,Takeout/Drive/Pictures/2011/Nov 12 2011 (10).JPG,C:\Users\thoma\Documents\Cyber Crimes Tools\Takeout Extracted\Takeout\Drive\Pictures\2011\Nov 12 2011 (10).JPG,1462568,2013-02-28 10:45:54,ExtractNamedRelevant
C:\Users\thoma\Documents\Cyber Crimes Tools\Takeout Zips\takeout-20260602T071913Z-11-011.zip,takeout-20260602T071913Z-11-011.zip,Takeout/Drive/Pictures/2011/Nov 12 2011 (1).JPG,C:\Users\thoma\Documents\Cyber Crimes Tools\Takeout Extracted\Takeout\Drive\Pictures\2011\Nov 12 2011 (1).JPG,1691016,2013-02-28 10:45:30,ExtractNamedRelevant
C:\Users\thoma\Documents\Cyber Crimes Tools\Takeout Zips\takeout-20260602T071913Z-11-011.zip,takeout-20260602T071913Z-11-011.zip,Takeout/Drive/Hurd Family Legal/RESPONSE TO PERCEIVED BIAS.docx,C:\Users\thoma\Documents\Cyber Crimes Tools\Takeout Extracted\Takeout\Drive\Hurd Family Legal\RESPONSE TO PERCEIVED BIAS.docx,9340,2023-05-16 21:14:28,SkippedExisting
C:\Users\thoma\Documents\Cyber Crimes Tools\Takeout Zips\takeout-20260602T071913Z-11-011.zip,takeout-20260602T071913Z-11-011.zip,Takeout/Drive/Pictures/2011/Mr. Incredible-Feb 2011 (6).JPG,C:\Users\thoma\Documents\Cyber Crimes Tools\Takeout Extracted\Takeout\Drive\Pictures\2011\Mr. Incredible-Feb 2011 (6).JPG,820830,2013-02-28 10:45:18,SkippedExisting
C:\Users\thoma\Documents\Cyber Crimes Tools\Takeout Zips\takeout-20260602T071913Z-11-011.zip,takeout-20260602T071913Z-11-011.zip,Takeout/Drive/Pictures/2011/Mr. Incredible-Feb 2011 (5).JPG,C:\Users\thoma\Documents\Cyber Crimes Tools\Takeout Extracted\Takeout\Drive\Pictures\2011\Mr. Incredible-Feb 2011 (5).JPG,922671,2013-02-28 10:45:10,ExtractNamedRelevant
C:\Users\thoma\Documents\Cyber Crimes Tools\Takeout Zips\takeout-20260602T071913Z-11-011.zip,takeout-20260602T071913Z-11-011.zip,Takeout/Drive/Pictures/2011/Mr. Incredible-Feb 2011 (3).JPG,C:\Users\thoma\Documents\Cyber Crimes Tools\Takeout Extracted\Takeout\Drive\Pictures\2011\Mr. Incredible-Feb 2011 (3).JPG,830546,2013-02-28 10:44:56,ExtractNamedRelevant
C:\Users\thoma\Documents\Cyber Crimes Tools\Takeout Zips\takeout-20260602T071913Z-11-011.zip,takeout-20260602T071913Z-11-011.zip,Takeout/Drive/Pictures/2011/Mr. Incredible-Feb 2011 (2).JPG,C:\Users\thoma\Documents\Cyber Crimes Tools\Takeout Extracted\Takeout\Drive\Pictures\2011\Mr. Incredible-Feb 2011 (2).JPG,799850,2013-02-28 10:44:50,SkippedExisting
C:\Users\thoma\Documents\Cyber Crimes Tools\Takeout Zips\takeout-20260602T071913Z-11-011.zip,takeout-20260602T071913Z-11-011.zip,Takeout/Drive/Pictures/2011/Mr. Incredible-Feb 2011 (4).JPG,C:\Users\thoma\Documents\Cyber Crimes Tools\Takeout Extracted\Takeout\Drive\Pictures\2011\Mr. Incredible-Feb 2011 (4).JPG,807080,2013-02-28 10:45:02,ExtractNamedRelevant
C:\Users\thoma\Documents\Cyber Crimes Tools\Takeout Zips\takeout-20260602T071913Z-11-011.zip,takeout-20260602T071913Z-11-011.zip,Takeout/Drive/Pictures/2011/Nov 12 2011 (1).MOV,C:\Users\thoma\Documents\Cyber Crimes Tools\Takeout Extracted\Takeout\Drive\Pictures\2011\Nov 12 2011 (1).MOV,2026924,2013-02-28 10:45:44,SkippedExisting
C:\Users\thoma\Documents\Cyber Crimes Tools\Takeout Zips\takeout-20260602T071913Z-11-011.zip,takeout-20260602T071913Z-11-011.zip,Takeout/Drive/Pictures/2011/Mr. Incredible-Feb 2011 (1).JPG,C:\Users\thoma\Documents\Cyber Crimes Tools\Takeout Extracted\Takeout\Drive\Pictures\2011\Mr. Incredible-Feb 2011 (1).JPG,1014426,2013-02-28 10:44:44,SkippedExisting
C:\Users\thoma\Documents\Cyber Crimes Tools\Takeout Zips\takeout-20260602T071913Z-11-011.zip,takeout-20260602T071913Z-11-011.zip,Takeout/Drive/Pictures/2011/MOV01987.THM,C:\Users\thoma\Documents\Cyber Crimes Tools\Takeout Extracted\Takeout\Drive\Pictures\2011\MOV01987.THM,3772,2013-02-28 10:42:44,SkippedExisting
C:\Users\thoma\Documents\Cyber Crimes Tools\Takeout Zips\takeout-20260602T071913Z-11-011.zip,takeout-20260602T071913Z-11-011.zip,Takeout/Drive/Pictures/2011/MOV01956.THM,C:\Users\thoma\Documents\Cyber Crimes Tools\Takeout Extracted\Takeout\Drive\Pictures\2011\MOV01956.THM,4798,2013-02-28 10:40:04,SkippedExisting
C:\Users\thoma\Documents\Cyber Crimes Tools\Takeout Zips\takeout-20260602T071913Z-11-011.zip,takeout-20260602T071913Z-11-011.zip,Takeout/Drive/Pictures/2011/MOV02010.MPG,C:\Users\thoma\Documents\Cyber Crimes Tools\Takeout Extracted\Takeout\Drive\Pictures\2011\MOV02010.MPG,16901591,2013-02-28 10:44:34,ExtractNamedRelevant
C:\Users\thoma\Documents\Cyber Crimes Tools\Takeout Zips\takeout-20260602T071913Z-11-011.zip,takeout-20260602T071913Z-11-011.zip,Takeout/Drive/Pictures/2011/MOV02010.THM,C:\Users\thoma\Documents\Cyber Crimes Tools\Takeout Extracted\Takeout\Drive\Pictures\2011\MOV02010.THM,4723,2013-02-28 10:44:36,SkippedExisting
C:\Users\thoma\Documents\Cyber Crimes Tools\Takeout Zips\takeout-20260602T071913Z-11-011.zip,takeout-20260602T071913Z-11-011.zip,Takeout/Drive/Pictures/2011/MOV01987.MPG,C:\Users\thoma\Documents\Cyber Crimes Tools\Takeout Extracted\Takeout\Drive\Pictures\2011\MOV01987.MPG,17559252,2013-02-28 10:42:38,ExtractNamedRelevant
C:\Users\thoma\Documents\Cyber Crimes Tools\Takeout Zips\takeout-20260602T071913Z-11-011.zip,takeout-20260602T071913Z-11-011.zip,Takeout/Drive/Pictures/2011/MOV01955.THM,C:\Users\thoma\Documents\Cyber Crimes Tools\Takeout Extracted\Takeout\Drive\Pictures\2011\MOV01955.THM,4777,2013-02-28 10:39:26,SkippedExisting
C:\Users\thoma\Documents\Cyber Crimes Tools\Takeout Zips\takeout-20260602T071913Z-11-011.zip,takeout-20260602T071913Z-11-011.zip,Takeout/Drive/MusicSongLyrics.com Synnd Campaign Setup.xlsx,C:\Users\thoma\Documents\Cyber Crimes Tools\Takeout Extracted\Takeout\Drive\MusicSongLyrics.com Synnd Campaign Setup.xlsx,10543,2011-11-29 18:21:52,SkippedExisting
C:\Users\thoma\Documents\Cyber Crimes Tools\Takeout Zips\takeout-20260602T071913Z-11-011.zip,takeout-20260602T071913Z-11-011.zip,Takeout/Drive/Pictures/2011/MOV01954.MPG,C:\Users\thoma\Documents\Cyber Crimes Tools\Takeout Extracted\Takeout\Drive\Pictures\2011\MOV01954.MPG,53724164,2013-02-28 10:39:14,SkipLargeMediaEvenIfNamed
C:\Users\thoma\Documents\Cyber Crimes Tools\Takeout Zips\takeout-20260602T071913Z-11-011.zip,takeout-20260602T071913Z-11-011.zip,Takeout/Drive/Pro Enterprises Amazon Customers.xlsx,C:\Users\thoma\Documents\Cyber Crimes Tools\Takeout Extracted\Takeout\Drive\Pro Enterprises Amazon Customers.xlsx,92299,2014-11-13 10:10:08,SkippedExisting
C:\Users\thoma\Documents\Cyber Crimes Tools\Takeout Zips\takeout-20260602T071913Z-11-011.zip,takeout-20260602T071913Z-11-011.zip,Takeout/Drive/Untitled document(20).docx,C:\Users\thoma\Documents\Cyber Crimes Tools\Takeout Extracted\Takeout\Drive\Untitled document(20).docx,6706,2011-12-01 10:01:26,SkippedExisting
C:\Users\thoma\Documents\Cyber Crimes Tools\Takeout Zips\takeout-20260602T071913Z-11-011.zip,takeout-20260602T071913Z-11-011.zip,Takeout/Drive/Pictures/2011/MOV01953.THM,C:\Users\thoma\Documents\Cyber Crimes Tools\Takeout Extracted\Takeout\Drive\Pictures\2011\MOV01953.THM,3289,2013-02-28 10:33:26,SkippedExisting
C:\Users\thoma\Documents\Cyber Crimes Tools\Takeout Zips\takeout-20260602T071913Z-11-011.zip,takeout-20260602T071913Z-11-011.zip,Takeout/Drive/Pictures/2011/MOV01956.MPG,C:\Users\thoma\Documents\Cyber Crimes Tools\Takeout Extracted\Takeout\Drive\Pictures\2011\MOV01956.MPG,5492260,2013-02-28 10:40:04,ExtractNamedRelevant
C:\Users\thoma\Documents\Cyber Crimes Tools\Takeout Zips\takeout-20260602T071913Z-11-011.zip,takeout-20260602T071913Z-11-011.zip,Takeout/Drive/Pictures/2009/2009 034.jpg,C:\Users\thoma\Documents\Cyber Crimes Tools\Takeout Extracted\Takeout\Drive\Pictures\2009\2009 034.jpg,960851,2013-02-27 11:04:20,ExtractNamedRelevant
C:\Users\thoma\Documents\Cyber Crimes Tools\Takeout Zips\takeout-20260602T071913Z-11-011.zip,takeout-20260602T071913Z-11-011.zip,Takeout/Drive/Pictures/2009/2009 033.jpg,C:\Users\thoma\Documents\Cyber Crimes Tools\Takeout Extracted\Takeout\Drive\Pictures\2009\2009 033.jpg,22989,2013-02-27 11:04:16,SkippedExisting
C:\Users\thoma\Documents\Cyber Crimes Tools\Takeout Zips\takeout-20260602T071913Z-11-011.zip,takeout-20260602T071913Z-11-011.zip,Takeout/Drive/Pictures/2009/2009 035.jpg,C:\Users\thoma\Documents\Cyber Crimes Tools\Takeout Extracted\Takeout\Drive\Pictures\2009\2009 035.jpg,24045,2013-02-27 11:04:22,SkippedExisting
C:\Users\thoma\Documents\Cyber Crimes Tools\Takeout Zips\takeout-20260602T071913Z-11-011.zip,takeout-20260602T071913Z-11-011.zip,Takeout/Drive/Pictures/2009/2009 031.jpg,C:\Users\thoma\Documents\Cyber Crimes Tools\Takeout Extracted\Takeout\Drive\Pictures\2009\2009 031.jpg,22782,2013-02-27 11:04:10,SkippedExisting
C:\Users\thoma\Documents\Cyber Crimes Tools\Takeout Zips\takeout-20260602T071913Z-11-011.zip,takeout-20260602T071913Z-11-011.zip,Takeout/Drive/Pictures/2009/2009 032.jpg,C:\Users\thoma\Documents\Cyber Crimes Tools\Takeout Extracted\Takeout\Drive\Pictures\2009\2009 032.jpg,1040725,2013-02-27 11:04:14,SkippedExisting
C:\Users\thoma\Documents\Cyber Crimes Tools\Takeout Zips\takeout-20260602T071913Z-11-011.zip,takeout-20260602T071913Z-11-011.zip,Takeout/Drive/Pictures/2009/2009 030.jpg,C:\Users\thoma\Documents\Cyber Crimes Tools\Takeout Extracted\Takeout\Drive\Pictures\2009\2009 030.jpg,1077254,2013-02-27 11:04:08,SkippedExisting
C:\Users\thoma\Documents\Cyber Crimes Tools\Takeout Zips\takeout-20260602T071913Z-11-011.zip,takeout-20260602T071913Z-11-011.zip,Takeout/Drive/Pictures/2009/2009 026.jpg,C:\Users\thoma\Documents\Cyber Crimes Tools\Takeout Extracted\Takeout\Drive\Pictures\2009\2009 026.jpg,1018974,2013-02-27 11:04:00,ExtractNamedRelevant
C:\Users\thoma\Documents\Cyber Crimes Tools\Takeout Zips\takeout-20260602T071913Z-11-011.zip,takeout-20260602T071913Z-11-011.zip,Takeout/Drive/Pictures/2010/Race track - Dec 2010 (13).JPG,C:\Users\thoma\Documents\Cyber Crimes Tools\Takeout Extracted\Takeout\Drive\Pictures\2010\Race track - Dec 2010 (13).JPG,1786560,2013-02-27 17:13:34,ExtractNamedRelevant
C:\Users\thoma\Documents\Cyber Crimes Tools\Takeout Zips\takeout-20260602T071913Z-11-011.zip,takeout-20260602T071913Z-11-011.zip,Takeout/Drive/Pictures/2009/2009 024.jpg,C:\Users\thoma\Documents\Cyber Crimes Tools\Takeout Extracted\Takeout\Drive\Pictures\2009\2009 024.jpg,940981,2013-02-27 11:03:44,ExtractNamedRelevant
C:\Users\thoma\Documents\Cyber Crimes Tools\Takeout Zips\takeout-20260602T071913Z-11-011.zip,takeout-20260602T071913Z-11-011.zip,Takeout/Drive/Pictures/2010/playtime - Sep 2010 (13).JPG,C:\Users\thoma\Documents\Cyber Crimes Tools\Takeout Extracted\Takeout\Drive\Pictures\2010\playtime - Sep 2010 (13).JPG,1035202,2013-02-27 17:01:50,ExtractNamedRelevant
C:\Users\thoma\Documents\Cyber Crimes Tools\Takeout Zips\takeout-20260602T071913Z-11-011.zip,takeout-20260602T071913Z-11-011.zip,Takeout/Drive/Pictures/2009/2009 018.jpg,C:\Users\thoma\Documents\Cyber Crimes Tools\Takeout Extracted\Takeout\Drive\Pictures\2009\2009 018.jpg,901322,2013-02-27 11:03:16,ExtractNamedRelevant
C:\Users\thoma\Documents\Cyber Crimes Tools\Takeout Zips\takeout-20260602T071913Z-11-011.zip,takeout-20260602T071913Z-11-011.zip,Takeout/Drive/JewsCelebratePassover.avi,C:\Users\thoma\Documents\Cyber Crimes Tools\Takeout Extracted\Takeout\Drive\JewsCelebratePassover.avi,71265344,2014-04-04 19:29:26,SkipLargeMediaEvenIfNamed
C:\Users\thoma\Documents\Cyber Crimes Tools\Takeout Zips\takeout-20260602T071913Z-11-011.zip,takeout-20260602T071913Z-11-011.zip,Takeout/Drive/12-26-75/01 Ep. 1 It_s About Time You Showed Up.mp3,C:\Users\thoma\Documents\Cyber Crimes Tools\Takeout Extracted\Takeout\Drive\12-26-75\01 Ep. 1 It_s About Time You Showed Up.mp3,38292444,2017-06-08 11:27:46,SkipLargeMediaEvenIfNamed
C:\Users\thoma\Documents\Cyber Crimes Tools\Takeout Zips\takeout-20260602T071913Z-11-011.zip,takeout-20260602T071913Z-11-011.zip,Takeout/Drive/Gillette Fusion Front.jpg,C:\Users\thoma\Documents\Cyber Crimes Tools\Takeout Extracted\Takeout\Drive\Gillette Fusion Front.jpg,3341937,2013-09-17 20:57:18,ExtractNamedRelevant
C:\Users\thoma\Documents\Cyber Crimes Tools\Takeout Zips\takeout-20260602T071913Z-11-011.zip,takeout-20260602T071913Z-11-011.zip,Takeout/Drive/Pictures/2010/playtime - Sep 2010 (11).JPG,C:\Users\thoma\Documents\Cyber Crimes Tools\Takeout Extracted\Takeout\Drive\Pictures\2010\playtime - Sep 2010 (11).JPG,1071513,2013-02-27 17:01:40,ExtractNamedRelevant
C:\Users\thoma\Documents\Cyber Crimes Tools\Takeout Zips\takeout-20260602T071913Z-11-011.zip,takeout-20260602T071913Z-11-011.zip,Takeout/Drive/Pictures/2010/October 2010 (10).JPG,C:\Users\thoma\Documents\Cyber Crimes Tools\Takeout Extracted\Takeout\Drive\Pictures\2010\October 2010 (10).JPG,871491,2013-02-27 16:52:52,SkippedExisting
C:\Users\thoma\Documents\Cyber Crimes Tools\Takeout Zips\takeout-20260602T071913Z-11-011.zip,takeout-20260602T071913Z-11-011.zip,Takeout/Drive/Pictures/2010/October 2010 (1).JPG,C:\Users\thoma\Documents\Cyber Crimes Tools\Takeout Extracted\Takeout\Drive\Pictures\2010\October 2010 (1).JPG,844861,2013-02-27 16:52:48,ExtractNamedRelevant
C:\Users\thoma\Documents\Cyber Crimes Tools\Takeout Zips\takeout-20260602T071913Z-11-011.zip,takeout-20260602T071913Z-11-011.zip,Takeout/Drive/Pictures/2010/Oct 2010.JPG,C:\Users\thoma\Documents\Cyber Crimes Tools\Takeout Extracted\Takeout\Drive\Pictures\2010\Oct 2010.JPG,1707591,2013-02-27 16:52:44,ExtractNamedRelevant
C:\Users\thoma\Documents\Cyber Crimes Tools\Takeout Zips\takeout-20260602T071913Z-11-011.zip,takeout-20260602T071913Z-11-011.zip,Takeout/Drive/Pictures/2010/Oct 2010 (8).JPG,C:\Users\thoma\Documents\Cyber Crimes Tools\Takeout Extracted\Takeout\Drive\Pictures\2010\Oct 2010 (8).JPG,1216337,2013-02-27 16:52:30,ExtractNamedRelevant
C:\Users\thoma\Documents\Cyber Crimes Tools\Takeout Zips\takeout-20260602T071913Z-11-011.zip,takeout-20260602T071913Z-11-011.zip,Takeout/Drive/Pictures/2010/Oct 2010 (7).JPG,C:\Users\thoma\Documents\Cyber Crimes Tools\Takeout Extracted\Takeout\Drive\Pictures\2010\Oct 2010 (7).JPG,1611983,2013-02-27 16:52:26,ExtractNamedRelevant
C:\Users\thoma\Documents\Cyber Crimes Tools\Takeout Zips\takeout-20260602T071913Z-11-011.zip,takeout-20260602T071913Z-11-011.zip,Takeout/Drive/Pictures/2010/Oct 2010 (6).JPG,C:\Users\thoma\Documents\Cyber Crimes Tools\Takeout Extracted\Takeout\Drive\Pictures\2010\Oct 2010 (6).JPG,800361,2013-02-27 16:52:18,ExtractNamedRelevant
C:\Users\thoma\Documents\Cyber Crimes Tools\Takeout Zips\takeout-20260602T071913Z-11-011.zip,takeout-20260602T071913Z-11-011.zip,Takeout/Drive/Pictures/2010/Oct 2010 (5).JPG,C:\Users\thoma\Documents\Cyber Crimes Tools\Takeout Extracted\Takeout\Drive\Pictures\2010\Oct 2010 (5).JPG,798952,2013-02-27 16:52:14,ExtractNamedRelevant
C:\Users\thoma\Documents\Cyber Crimes Tools\Takeout Zips\takeout-20260602T071913Z-11-011.zip,takeout-20260602T071913Z-11-011.zip,Takeout/Drive/Pictures/2010/Oct 2010 (4).JPG,C:\Users\thoma\Documents\Cyber Crimes Tools\Takeout Extracted\Takeout\Drive\Pictures\2010\Oct 2010 (4).JPG,841294,2013-02-27 16:52:08,ExtractNamedRelevant
C:\Users\thoma\Documents\Cyber Crimes Tools\Takeout Zips\takeout-20260602T071913Z-11-011.zip,takeout-20260602T071913Z-11-011.zip,Takeout/Drive/Pictures/2010/Oct 2010 (3).JPG,C:\Users\thoma\Documents\Cyber Crimes Tools\Takeout Extracted\Takeout\Drive\Pictures\2010\Oct 2010 (3).JPG,830696,2013-02-27 16:52:02,SkippedExisting
C:\Users\thoma\Documents\Cyber Crimes Tools\Takeout Zips\takeout-20260602T071913Z-11-011.zip,takeout-20260602T071913Z-11-011.zip,Takeout/Drive/Pictures/2010/Oct 2010 (15).JPG,C:\Users\thoma\Documents\Cyber Crimes Tools\Takeout Extracted\Takeout\Drive\Pictures\2010\Oct 2010 (15).JPG,1591086,2013-02-27 16:44:48,ExtractNamedRelevant
C:\Users\thoma\Documents\Cyber Crimes Tools\Takeout Zips\takeout-20260602T071913Z-11-011.zip,takeout-20260602T071913Z-11-011.zip,Takeout/Drive/Pictures/2010/Oct 2010 (14).JPG,C:\Users\thoma\Documents\Cyber Crimes Tools\Takeout Extracted\Takeout\Drive\Pictures\2010\Oct 2010 (14).JPG,1613276,2013-02-27 16:44:42,ExtractNamedRelevant
C:\Users\thoma\Documents\Cyber Crimes Tools\Takeout Zips\takeout-20260602T071913Z-11-011.zip,takeout-20260602T071913Z-11-011.zip,Takeout/Drive/Pictures/2010/Oct 2010 (2).MOV,C:\Users\thoma\Documents\Cyber Crimes Tools\Takeout Extracted\Takeout\Drive\Pictures\2010\Oct 2010 (2).MOV,125745861,2013-02-27 16:51:58,SkipLargeMediaEvenIfNamed
C:\Users\thoma\Documents\Cyber Crimes Tools\Takeout Zips\takeout-20260602T071913Z-11-011.zip,takeout-20260602T071913Z-11-011.zip,Takeout/Drive/Pictures/2010/Oct 2010 (12).JPG,C:\Users\thoma\Documents\Cyber Crimes Tools\Takeout Extracted\Takeout\Drive\Pictures\2010\Oct 2010 (12).JPG,1835364,2013-02-27 16:44:26,ExtractNamedRelevant
C:\Users\thoma\Documents\Cyber Crimes Tools\Takeout Zips\takeout-20260602T071913Z-11-011.zip,takeout-20260602T071913Z-11-011.zip,Takeout/Drive/Pictures/2010/Oct 2010 (13).JPG,C:\Users\thoma\Documents\Cyber Crimes Tools\Takeout Extracted\Takeout\Drive\Pictures\2010\Oct 2010 (13).JPG,1679227,2013-02-27 16:44:34,ExtractNamedRelevant
C:\Users\thoma\Documents\Cyber Crimes Tools\Takeout Zips\takeout-20260602T071913Z-11-011.zip,takeout-20260602T071913Z-11-011.zip,Takeout/Drive/Pictures/2010/Oct 2010 (16).JPG,C:\Users\thoma\Documents\Cyber Crimes Tools\Takeout Extracted\Takeout\Drive\Pictures\2010\Oct 2010 (16).JPG,2235588,2013-02-27 16:45:00,ExtractNamedRelevant
C:\Users\thoma\Documents\Cyber Crimes Tools\Takeout Zips\takeout-20260602T071913Z-11-011.zip,takeout-20260602T071913Z-11-011.zip,Takeout/Drive/Pictures/2010/Oct 2010 (11).JPG,C:\Users\thoma\Documents\Cyber Crimes Tools\Takeout Extracted\Takeout\Drive\Pictures\2010\Oct 2010 (11).JPG,1969867,2013-02-27 16:44:18,ExtractNamedRelevant
C:\Users\thoma\Documents\Cyber Crimes Tools\Takeout Zips\takeout-20260602T071913Z-11-011.zip,takeout-20260602T071913Z-11-011.zip,Takeout/Drive/Pictures/2011/MOV01953.MPG,C:\Users\thoma\Documents\Cyber Crimes Tools\Takeout Extracted\Takeout\Drive\Pictures\2011\MOV01953.MPG,32090731,2013-02-28 10:33:26,SkipLargeMediaEvenIfNamed
C:\Users\thoma\Documents\Cyber Crimes Tools\Takeout Zips\takeout-20260602T071913Z-11-011.zip,takeout-20260602T071913Z-11-011.zip,Takeout/Drive/Pictures/2011/MOV01951.MPG,C:\Users\thoma\Documents\Cyber Crimes Tools\Takeout Extracted\Takeout\Drive\Pictures\2011\MOV01951.MPG,6153755,2013-02-28 10:29:30,ExtractNamedRelevant
C:\Users\thoma\Documents\Cyber Crimes Tools\Takeout Zips\takeout-20260602T071913Z-11-011.zip,takeout-20260602T071913Z-11-011.zip,Takeout/Drive/Pictures/2011/MOV01952.MPG,C:\Users\thoma\Documents\Cyber Crimes Tools\Takeout Extracted\Takeout\Drive\Pictures\2011\MOV01952.MPG,4191602,2013-02-28 10:29:56,ExtractNamedRelevant
C:\Users\thoma\Documents\Cyber Crimes Tools\Takeout Zips\takeout-20260602T071913Z-11-011.zip,takeout-20260602T071913Z-11-011.zip,Takeout/Drive/Pictures/2011/MOV01950.MPG,C:\Users\thoma\Documents\Cyber Crimes Tools\Takeout Extracted\Takeout\Drive\Pictures\2011\MOV01950.MPG,6024299,2013-02-28 10:28:46,ExtractNamedRelevant
C:\Users\thoma\Documents\Cyber Crimes Tools\Takeout Zips\takeout-20260602T071913Z-11-011.zip,takeout-20260602T071913Z-11-011.zip,Takeout/Drive/Pictures/2011/MOV01949.MPG,C:\Users\thoma\Documents\Cyber Crimes Tools\Takeout Extracted\Takeout\Drive\Pictures\2011\MOV01949.MPG,7988356,2013-02-28 10:28:18,ExtractNamedRelevant
C:\Users\thoma\Documents\Cyber Crimes Tools\Takeout Zips\takeout-20260602T071913Z-11-011.zip,takeout-20260602T071913Z-11-011.zip,Takeout/Drive/Pictures/2011/MOV01948.MPG,C:\Users\thoma\Documents\Cyber Crimes Tools\Takeout Extracted\Takeout\Drive\Pictures\2011\MOV01948.MPG,6811495,2013-02-28 10:27:42,ExtractNamedRelevant
C:\Users\thoma\Documents\Cyber Crimes Tools\Takeout Zips\takeout-20260602T071913Z-11-011.zip,takeout-20260602T071913Z-11-011.zip,Takeout/Drive/Pictures/2011/MOV01940.MPG,C:\Users\thoma\Documents\Cyber Crimes Tools\Takeout Extracted\Takeout\Drive\Pictures\2011\MOV01940.MPG,3664349,2013-02-28 10:26:14,ExtractNamedRelevant
C:\Users\thoma\Documents\Cyber Crimes Tools\Takeout Zips\takeout-20260602T071913Z-11-011.zip,takeout-20260602T071913Z-11-011.zip,Takeout/Drive/Pictures/2011/MOV01939.MPG,C:\Users\thoma\Documents\Cyber Crimes Tools\Takeout Extracted\Takeout\Drive\Pictures\2011\MOV01939.MPG,4449454,2013-02-28 10:25:58,ExtractNamedRelevant
C:\Users\thoma\Documents\Cyber Crimes Tools\Takeout Zips\takeout-20260602T071913Z-11-011.zip,takeout-20260602T071913Z-11-011.zip,Takeout/Drive/SEO & SMO.docx,C:\Users\thoma\Documents\Cyber Crimes Tools\Takeout Extracted\Takeout\Drive\SEO & SMO.docx,590824,2019-03-07 11:45:22,SkippedExisting
C:\Users\thoma\Documents\Cyber Crimes Tools\Takeout Zips\takeout-20260602T071913Z-11-011.zip,takeout-20260602T071913Z-11-011.zip,Takeout/Drive/Pictures/2011/MOV01946.MPG,C:\Users\thoma\Documents\Cyber Crimes Tools\Takeout Extracted\Takeout\Drive\Pictures\2011\MOV01946.MPG,6149696,2013-02-28 10:26:46,ExtractNamedRelevant
C:\Users\thoma\Documents\Cyber Crimes Tools\Takeout Zips\takeout-20260602T071913Z-11-011.zip,takeout-20260602T071913Z-11-011.zip,Takeout/Drive/Pictures/2009/09122009-Rio-Sierra 001.jpg,C:\Users\thoma\Documents\Cyber Crimes Tools\Takeout Extracted\Takeout\Drive\Pictures\2009\09122009-Rio-Sierra 001.jpg,635578,2013-02-27 11:02:52,SkippedExisting
C:\Users\thoma\Documents\Cyber Crimes Tools\Takeout Zips\takeout-20260602T071913Z-11-011.zip,takeout-20260602T071913Z-11-011.zip,Takeout/Drive/Pictures/2011/MOV01936.MPG,C:\Users\thoma\Documents\Cyber Crimes Tools\Takeout Extracted\Takeout\Drive\Pictures\2011\MOV01936.MPG,6023309,2013-02-28 10:25:20,ExtractNamedRelevant
C:\Users\thoma\Documents\Cyber Crimes Tools\Takeout Zips\takeout-20260602T071913Z-11-011.zip,takeout-20260602T071913Z-11-011.zip,Takeout/Drive/Pictures/2011/MOV01955.MPG,C:\Users\thoma\Documents\Cyber Crimes Tools\Takeout Extracted\Takeout\Drive\Pictures\2011\MOV01955.MPG,1304070,2013-02-28 10:39:24,SkippedExisting
C:\Users\thoma\Documents\Cyber Crimes Tools\Takeout Zips\takeout-20260602T071913Z-11-011.zip,takeout-20260602T071913Z-11-011.zip,Takeout/Drive/Pictures/2011/MOV01935.MPG,C:\Users\thoma\Documents\Cyber Crimes Tools\Takeout Extracted\Takeout\Drive\Pictures\2011\MOV01935.MPG,4443371,2013-02-28 10:24:56,ExtractNamedRelevant
C:\Users\thoma\Documents\Cyber Crimes Tools\Takeout Zips\takeout-20260602T071913Z-11-011.zip,takeout-20260602T071913Z-11-011.zip,Takeout/Drive/Pictures/2011/MOV01931.MPG,C:\Users\thoma\Documents\Cyber Crimes Tools\Takeout Extracted\Takeout\Drive\Pictures\2011\MOV01931.MPG,7856603,2013-02-28 10:24:34,ExtractNamedRelevant
C:\Users\thoma\Documents\Cyber Crimes Tools\Takeout Zips\takeout-20260602T071913Z-11-011.zip,takeout-20260602T071913Z-11-011.zip,Takeout/Drive/Pictures/2011/MOV01929.MPG,C:\Users\thoma\Documents\Cyber Crimes Tools\Takeout Extracted\Takeout\Drive\Pictures\2011\MOV01929.MPG,3790593,2013-02-28 10:23:26,ExtractNamedRelevant
C:\Users\thoma\Documents\Cyber Crimes Tools\Takeout Zips\takeout-20260602T071913Z-11-011.zip,takeout-20260602T071913Z-11-011.zip,Takeout/Drive/Pictures/2011/MOV01928.MPG,C:\Users\thoma\Documents\Cyber Crimes Tools\Takeout Extracted\Takeout\Drive\Pictures\2011\MOV01928.MPG,4713657,2013-02-28 10:23:10,ExtractNamedRelevant
C:\Users\thoma\Documents\Cyber Crimes Tools\Takeout Zips\takeout-20260602T071913Z-11-011.zip,takeout-20260602T071913Z-11-011.zip,Takeout/Drive/Pictures/2011/MOV01927.MPG,C:\Users\thoma\Documents\Cyber Crimes Tools\Takeout Extracted\Takeout\Drive\Pictures\2011\MOV01927.MPG,4581357,2013-02-28 10:22:38,ExtractNamedRelevant
C:\Users\thoma\Documents\Cyber Crimes Tools\Takeout Zips\takeout-20260602T071913Z-11-011.zip,takeout-20260602T071913Z-11-011.zip,Takeout/Drive/Pictures/2011/MOV01925.MPG,C:\Users\thoma\Documents\Cyber Crimes Tools\Takeout Extracted\Takeout\Drive\Pictures\2011\MOV01925.MPG,5496965,2013-02-28 10:22:04,ExtractNamedRelevant
C:\Users\thoma\Documents\Cyber Crimes Tools\Takeout Zips\takeout-20260602T071913Z-11-011.zip,takeout-20260602T071913Z-11-011.zip,Takeout/Drive/Pictures/2011/MOV01923.MPG,C:\Users\thoma\Documents\Cyber Crimes Tools\Takeout Extracted\Takeout\Drive\Pictures\2011\MOV01923.MPG,4450728,2013-02-28 10:21:18,ExtractNamedRelevant
C:\Users\thoma\Documents\Cyber Crimes Tools\Takeout Zips\takeout-20260602T071913Z-11-011.zip,takeout-20260602T071913Z-11-011.zip,Takeout/Drive/Pictures/2010/playtime - Sep 2010 (12).JPG,C:\Users\thoma\Documents\Cyber Crimes Tools\Takeout Extracted\Takeout\Drive\Pictures\2010\playtime - Sep 2010 (12).JPG,1115137,2013-02-27 17:01:44,ExtractNamedRelevant
C:\Users\thoma\Documents\Cyber Crimes Tools\Takeout Zips\takeout-20260602T071913Z-11-011.zip,takeout-20260602T071913Z-11-011.zip,Takeout/Drive/Tom Hurd Legal/SPROGS SET 1.pdf,C:\Users\thoma\Documents\Cyber Crimes Tools\Takeout Extracted\Takeout\Drive\Tom Hurd Legal\SPROGS SET 1.pdf,1647053,2014-01-22 09:42:24,ExtractEvidenceType
C:\Users\thoma\Documents\Cyber Crimes Tools\Takeout Zips\takeout-20260602T071913Z-11-011.zip,takeout-20260602T071913Z-11-011.zip,Takeout/Drive/Pictures/2011/Nov 12 2011 (40).JPG,C:\Users\thoma\Documents\Cyber Crimes Tools\Takeout Extracted\Takeout\Drive\Pictures\2011\Nov 12 2011 (40).JPG,2217380,2013-02-28 11:11:04,ExtractNamedRelevant
C:\Users\thoma\Documents\Cyber Crimes Tools\Takeout Zips\takeout-20260602T071913Z-11-011.zip,takeout-20260602T071913Z-11-011.zip,Takeout/Drive/Pictures/2011/MOV01924.MPG,C:\Users\thoma\Documents\Cyber Crimes Tools\Takeout Extracted\Takeout\Drive\Pictures\2011\MOV01924.MPG,6017172,2013-02-28 10:21:42,ExtractNamedRelevant
C:\Users\thoma\Documents\Cyber Crimes Tools\Takeout Zips\takeout-20260602T071913Z-11-011.zip,takeout-20260602T071913Z-11-011.zip,Takeout/Drive/Pictures/2011/MOV01926.MPG,C:\Users\thoma\Documents\Cyber Crimes Tools\Takeout Extracted\Takeout\Drive\Pictures\2011\MOV01926.MPG,4054272,2013-02-28 10:22:20,ExtractNamedRelevant
C:\Users\thoma\Documents\Cyber Crimes Tools\Takeout Zips\takeout-20260602T071913Z-11-011.zip,takeout-20260602T071913Z-11-011.zip,Takeout/Drive/Pictures/2011/MOV01930.MPG,C:\Users\thoma\Documents\Cyber Crimes Tools\Takeout Extracted\Takeout\Drive\Pictures\2011\MOV01930.MPG,9693585,2013-02-28 10:24:04,ExtractNamedRelevant
C:\Users\thoma\Documents\Cyber Crimes Tools\Takeout Zips\takeout-20260602T071913Z-11-011.zip,takeout-20260602T071913Z-11-011.zip,Takeout/Drive/Pictures/2011/Pals-Jan 2011 (1).JPG,C:\Users\thoma\Documents\Cyber Crimes Tools\Takeout Extracted\Takeout\Drive\Pictures\2011\Pals-Jan 2011 (1).JPG,1634101,2013-02-28 11:20:40,ExtractNamedRelevant
C:\Users\thoma\Documents\Cyber Crimes Tools\Takeout Zips\takeout-20260602T071913Z-11-011.zip,takeout-20260602T071913Z-11-011.zip,Takeout/Drive/Pictures/2010/What_s in the cookie jar project (8).JPG,C:\Users\thoma\Documents\Cyber Crimes Tools\Takeout Extracted\Takeout\Drive\Pictures\2010\What_s in the cookie jar project (8).JPG,2408151,2013-02-27 17:47:42,ExtractNamedRelevant
C:\Users\thoma\Documents\Cyber Crimes Tools\Takeout Zips\takeout-20260602T071913Z-11-011.zip,takeout-20260602T071913Z-11-011.zip,Takeout/Drive/Pictures/2009/2009 016.jpg,C:\Users\thoma\Documents\Cyber Crimes Tools\Takeout Extracted\Takeout\Drive\Pictures\2009\2009 016.jpg,822654,2013-02-27 11:03:12,ExtractNamedRelevant
C:\Users\thoma\Documents\Cyber Crimes Tools\Takeout Zips\takeout-20260602T071913Z-11-011.zip,takeout-20260602T071913Z-11-011.zip,Takeout/Drive/Pictures/2010/Road trip to Fl with Kameron-Nov 2010 (10).JPG,C:\Users\thoma\Documents\Cyber Crimes Tools\Takeout Extracted\Takeout\Drive\Pictures\2010\Road trip to Fl with Kameron-Nov 2010 (10).JPG,1495733,2013-02-27 17:41:24,SkippedExisting
C:\Users\thoma\Documents\Cyber Crimes Tools\Takeout Zips\takeout-20260602T071913Z-11-011.zip,takeout-20260602T071913Z-11-011.zip,Takeout/Drive/SCN1584727459357.pdf,C:\Users\thoma\Documents\Cyber Crimes Tools\Takeout Extracted\Takeout\Drive\SCN1584727459357.pdf,2727620,2020-03-20 11:04:18,SkippedExisting
C:\Users\thoma\Documents\Cyber Crimes Tools\Takeout Zips\takeout-20260602T071913Z-11-011.zip,takeout-20260602T071913Z-11-011.zip,Takeout/Drive/Helo_BusinessPlan_May_2019_Edits.docx,C:\Users\thoma\Documents\Cyber Crimes Tools\Takeout Extracted\Takeout\Drive\Helo_BusinessPlan_May_2019_Edits.docx,2790105,2019-06-26 20:20:02,SkippedExisting
C:\Users\thoma\Documents\Cyber Crimes Tools\Takeout Zips\takeout-20260602T071913Z-11-011.zip,takeout-20260602T071913Z-11-011.zip,Takeout/Drive/Elijah_s loving Grandma Turner_s gift.MOV,C:\Users\thoma\Documents\Cyber Crimes Tools\Takeout Extracted\Takeout\Drive\Elijah_s loving Grandma Turner_s gift.MOV,109803333,2014-11-10 09:12:58,SkipLargeMediaEvenIfNamed
C:\Users\thoma\Documents\Cyber Crimes Tools\Takeout Zips\takeout-20260602T071913Z-11-011.zip,takeout-20260602T071913Z-11-011.zip,Takeout/Drive/Expert IT/Data 15th Aug.xlsx,C:\Users\thoma\Documents\Cyber Crimes Tools\Takeout Extracted\Takeout\Drive\Expert IT\Data 15th Aug.xlsx,928725,2018-08-16 01:48:02,SkippedExisting
C:\Users\thoma\Documents\Cyber Crimes Tools\Takeout Zips\takeout-20260602T071913Z-11-011.zip,takeout-20260602T071913Z-11-011.zip,Takeout/Drive/SCN1584727256083.pdf,C:\Users\thoma\Documents\Cyber Crimes Tools\Takeout Extracted\Takeout\Drive\SCN1584727256083.pdf,1594783,2020-03-20 11:00:56,SkippedExisting
C:\Users\thoma\Documents\Cyber Crimes Tools\Takeout Zips\takeout-20260602T071913Z-11-011.zip,takeout-20260602T071913Z-11-011.zip,Takeout/Drive/Pictures/2009/Trip To Oregon 2009/Oregon Trip Oct 2009 farewell dinner (130).JPG,C:\Users\thoma\Documents\Cyber Crimes Tools\Takeout Extracted\Takeout\Drive\Pictures\2009\Trip To Oregon 2009\Oregon Trip Oct 2009 farewell dinner (130).JPG,2583752,2013-02-27 12:33:34,SkippedExisting
C:\Users\thoma\Documents\Cyber Crimes Tools\Takeout Zips\takeout-20260602T071913Z-11-011.zip,takeout-20260602T071913Z-11-011.zip,Takeout/Drive/Pictures/2009/Trip To Oregon 2009/Oregon Trip Oct 2009 farewell dinner (128).JPG,C:\Users\thoma\Documents\Cyber Crimes Tools\Takeout Extracted\Takeout\Drive\Pictures\2009\Trip To Oregon 2009\Oregon Trip Oct 2009 farewell dinner (128).JPG,2376784,2013-02-27 12:33:08,SkippedExisting
C:\Users\thoma\Documents\Cyber Crimes Tools\Takeout Zips\takeout-20260602T071913Z-11-011.zip,takeout-20260602T071913Z-11-011.zip,Takeout/Drive/Pictures/2009/Trip To Oregon 2009/Oregon Trip Oct 2009 farewell dinner (129).JPG,C:\Users\thoma\Documents\Cyber Crimes Tools\Takeout Extracted\Takeout\Drive\Pictures\2009\Trip To Oregon 2009\Oregon Trip Oct 2009 farewell dinner (129).JPG,2388037,2013-02-27 12:33:16,SkippedExisting
C:\Users\thoma\Documents\Cyber Crimes Tools\Takeout Zips\takeout-20260602T071913Z-11-011.zip,takeout-20260602T071913Z-11-011.zip,Takeout/Drive/Pictures/2009/Trip To Oregon 2009/Oregon Trip Oct 2009 farewell dinner (127).JPG,C:\Users\thoma\Documents\Cyber Crimes Tools\Takeout Extracted\Takeout\Drive\Pictures\2009\Trip To Oregon 2009\Oregon Trip Oct 2009 farewell dinner (127).JPG,2474531,2013-02-27 12:32:58,SkippedExisting
C:\Users\thoma\Documents\Cyber Crimes Tools\Takeout Zips\takeout-20260602T071913Z-11-011.zip,takeout-20260602T071913Z-11-011.zip,Takeout/Drive/Pictures/2009/Trip To Oregon 2009/Oregon Trip Oct 2009 farewell dinner (125).JPG,C:\Users\thoma\Documents\Cyber Crimes Tools\Takeout Extracted\Takeout\Drive\Pictures\2009\Trip To Oregon 2009\Oregon Trip Oct 2009 farewell dinner (125).JPG,2538461,2013-02-27 12:32:40,SkippedExisting
C:\Users\thoma\Documents\Cyber Crimes Tools\Takeout Zips\takeout-20260602T071913Z-11-011.zip,takeout-20260602T071913Z-11-011.zip,Takeout/Drive/Pictures/2009/Trip To Oregon 2009/Oregon Trip Oct 2009 farewell dinner (124).JPG,C:\Users\thoma\Documents\Cyber Crimes Tools\Takeout Extracted\Takeout\Drive\Pictures\2009\Trip To Oregon 2009\Oregon Trip Oct 2009 farewell dinner (124).JPG,2571016,2013-02-27 12:32:32,SkippedExisting
C:\Users\thoma\Documents\Cyber Crimes Tools\Takeout Zips\takeout-20260602T071913Z-11-011.zip,takeout-20260602T071913Z-11-011.zip,Takeout/Drive/Pictures/2009/Trip To Oregon 2009/Oregon Trip Oct 2009 farewell dinner (126).JPG,C:\Users\thoma\Documents\Cyber Crimes Tools\Takeout Extracted\Takeout\Drive\Pictures\2009\Trip To Oregon 2009\Oregon Trip Oct 2009 farewell dinner (126).JPG,2429263,2013-02-27 12:32:50,SkippedExisting
C:\Users\thoma\Documents\Cyber Crimes Tools\Takeout Zips\takeout-20260602T071913Z-11-011.zip,takeout-20260602T071913Z-11-011.zip,Takeout/Drive/Pictures/2009/Trip To Oregon 2009/Oregon Trip Oct 2009 (99).JPG,C:\Users\thoma\Documents\Cyber Crimes Tools\Takeout Extracted\Takeout\Drive\Pictures\2009\Trip To Oregon 2009\Oregon Trip Oct 2009 (99).JPG,2285063,2013-02-27 12:32:22,SkippedExisting
C:\Users\thoma\Documents\Cyber Crimes Tools\Takeout Zips\takeout-20260602T071913Z-11-011.zip,takeout-20260602T071913Z-11-011.zip,Takeout/Drive/Pictures/2009/Trip To Oregon 2009/Oregon Trip Oct 2009 (98).JPG,C:\Users\thoma\Documents\Cyber Crimes Tools\Takeout Extracted\Takeout\Drive\Pictures\2009\Trip To Oregon 2009\Oregon Trip Oct 2009 (98).JPG,2067313,2013-02-27 12:32:14,SkippedExisting
C:\Users\thoma\Documents\Cyber Crimes Tools\Takeout Zips\takeout-20260602T071913Z-11-011.zip,takeout-20260602T071913Z-11-011.zip,Takeout/Drive/Pictures/2010/Oct 2010 (10).JPG,C:\Users\thoma\Documents\Cyber Crimes Tools\Takeout Extracted\Takeout\Drive\Pictures\2010\Oct 2010 (10).JPG,1258266,2013-02-27 16:44:10,SkippedExisting
C:\Users\thoma\Documents\Cyber Crimes Tools\Takeout Zips\takeout-20260602T071913Z-11-011.zip,takeout-20260602T071913Z-11-011.zip,Takeout/Drive/Pictures/2009/Trip To Oregon 2009/Oregon Trip Oct 2009 (96).JPG,C:\Users\thoma\Documents\Cyber Crimes Tools\Takeout Extracted\Takeout\Drive\Pictures\2009\Trip To Oregon 2009\Oregon Trip Oct 2009 (96).JPG,2418148,2013-02-27 12:32:00,SkippedExisting
C:\Users\thoma\Documents\Cyber Crimes Tools\Takeout Zips\takeout-20260602T071913Z-11-011.zip,takeout-20260602T071913Z-11-011.zip,Takeout/Drive/Pictures/2009/Trip To Oregon 2009/Oregon Trip Oct 2009 (97).JPG,C:\Users\thoma\Documents\Cyber Crimes Tools\Takeout Extracted\Takeout\Drive\Pictures\2009\Trip To Oregon 2009\Oregon Trip Oct 2009 (97).JPG,2050566,2013-02-27 12:32:06,SkippedExisting
C:\Users\thoma\Documents\Cyber Crimes Tools\Takeout Zips\takeout-20260602T071913Z-11-011.zip,takeout-20260602T071913Z-11-011.zip,Takeout/Drive/Pictures/2010/Oct 2010 (1).JPG,C:\Users\thoma\Documents\Cyber Crimes Tools\Takeout Extracted\Takeout\Drive\Pictures\2010\Oct 2010 (1).JPG,817209,2013-02-27 16:37:40,SkippedExisting
C:\Users\thoma\Documents\Cyber Crimes Tools\Takeout Zips\takeout-20260602T071913Z-11-011.zip,takeout-20260602T071913Z-11-011.zip,Takeout/Drive/Pictures/2009/Trip To Oregon 2009/Oregon Trip Oct 2009 (94).JPG,C:\Users\thoma\Documents\Cyber Crimes Tools\Takeout Extracted\Takeout\Drive\Pictures\2009\Trip To Oregon 2009\Oregon Trip Oct 2009 (94).JPG,1986574,2013-02-27 12:31:42,SkippedExisting
C:\Users\thoma\Documents\Cyber Crimes Tools\Takeout Zips\takeout-20260602T071913Z-11-011.zip,takeout-20260602T071913Z-11-011.zip,Takeout/Drive/Pictures/2009/Trip To Oregon 2009/Oregon Trip Oct 2009 (95).JPG,C:\Users\thoma\Documents\Cyber Crimes Tools\Takeout Extracted\Takeout\Drive\Pictures\2009\Trip To Oregon 2009\Oregon Trip Oct 2009 (95).JPG,1931587,2013-02-27 12:31:50,SkippedExisting
C:\Users\thoma\Documents\Cyber Crimes Tools\Takeout Zips\takeout-20260602T071913Z-11-011.zip,takeout-20260602T071913Z-11-011.zip,Takeout/Drive/Pictures/2010/Nov 2010 (9).JPG,C:\Users\thoma\Documents\Cyber Crimes Tools\Takeout Extracted\Takeout\Drive\Pictures\2010\Nov 2010 (9).JPG,862803,2013-02-27 16:37:32,SkippedExisting
C:\Users\thoma\Documents\Cyber Crimes Tools\Takeout Zips\takeout-20260602T071913Z-11-011.zip,takeout-20260602T071913Z-11-011.zip,Takeout/Drive/Pictures/2010/Nov 2010 (8).JPG,C:\Users\thoma\Documents\Cyber Crimes Tools\Takeout Extracted\Takeout\Drive\Pictures\2010\Nov 2010 (8).JPG,1044703,2013-02-27 16:37:28,SkippedExisting
C:\Users\thoma\Documents\Cyber Crimes Tools\Takeout Zips\takeout-20260602T071913Z-11-011.zip,takeout-20260602T071913Z-11-011.zip,Takeout/Drive/Pictures/2010/Nov 2010 (3).JPG,C:\Users\thoma\Documents\Cyber Crimes Tools\Takeout Extracted\Takeout\Drive\Pictures\2010\Nov 2010 (3).JPG,1116861,2013-02-27 16:37:02,SkippedExisting
C:\Users\thoma\Documents\Cyber Crimes Tools\Takeout Zips\takeout-20260602T071913Z-11-011.zip,takeout-20260602T071913Z-11-011.zip,Takeout/Drive/Pictures/2010/Nov 2010.JPG,C:\Users\thoma\Documents\Cyber Crimes Tools\Takeout Extracted\Takeout\Drive\Pictures\2010\Nov 2010.JPG,858412,2013-02-27 16:37:36,SkippedExisting
C:\Users\thoma\Documents\Cyber Crimes Tools\Takeout Zips\takeout-20260602T071913Z-11-011.zip,takeout-20260602T071913Z-11-011.zip,Takeout/Drive/Pictures/2010/Nov 2010 (7).JPG,C:\Users\thoma\Documents\Cyber Crimes Tools\Takeout Extracted\Takeout\Drive\Pictures\2010\Nov 2010 (7).JPG,1211386,2013-02-27 16:37:22,SkippedExisting
C:\Users\thoma\Documents\Cyber Crimes Tools\Takeout Zips\takeout-20260602T071913Z-11-011.zip,takeout-20260602T071913Z-11-011.zip,Takeout/Drive/Pictures/2010/Nov 2010 (5).JPG,C:\Users\thoma\Documents\Cyber Crimes Tools\Takeout Extracted\Takeout\Drive\Pictures\2010\Nov 2010 (5).JPG,1289948,2013-02-27 16:37:12,SkippedExisting
C:\Users\thoma\Documents\Cyber Crimes Tools\Takeout Zips\takeout-20260602T071913Z-11-011.zip,takeout-20260602T071913Z-11-011.zip,Takeout/Drive/Pictures/2010/Nov 2010 (4).JPG,C:\Users\thoma\Documents\Cyber Crimes Tools\Takeout Extracted\Takeout\Drive\Pictures\2010\Nov 2010 (4).JPG,1123003,2013-02-27 16:37:08,SkippedExisting
C:\Users\thoma\Documents\Cyber Crimes Tools\Takeout Zips\takeout-20260602T071913Z-11-011.zip,takeout-20260602T071913Z-11-011.zip,Takeout/Drive/Pictures/2010/Oct 2010 (1).MOV,C:\Users\thoma\Documents\Cyber Crimes Tools\Takeout Extracted\Takeout\Drive\Pictures\2010\Oct 2010 (1).MOV,121561177,2013-02-27 16:44:04,SkipLargeMediaEvenIfNamed
C:\Users\thoma\Documents\Cyber Crimes Tools\Takeout Zips\takeout-20260602T071913Z-11-011.zip,takeout-20260602T071913Z-11-011.zip,Takeout/Drive/Pictures/2010/Nov 2010 (1).JPG,C:\Users\thoma\Documents\Cyber Crimes Tools\Takeout Extracted\Takeout\Drive\Pictures\2010\Nov 2010 (1).JPG,997779,2013-02-27 16:36:52,SkippedExisting
C:\Users\thoma\Documents\Cyber Crimes Tools\Takeout Zips\takeout-20260602T071913Z-11-011.zip,takeout-20260602T071913Z-11-011.zip,Takeout/Drive/Pictures/2010/Nov 2010  (8).JPG,C:\Users\thoma\Documents\Cyber Crimes Tools\Takeout Extracted\Takeout\Drive\Pictures\2010\Nov 2010  (8).JPG,947367,2013-02-27 16:36:42,SkippedExisting
C:\Users\thoma\Documents\Cyber Crimes Tools\Takeout Zips\takeout-20260602T071913Z-11-011.zip,takeout-20260602T071913Z-11-011.zip,Takeout/Drive/Pictures/2010/Nov 2010  (4).MOV,C:\Users\thoma\Documents\Cyber Crimes Tools\Takeout Extracted\Takeout\Drive\Pictures\2010\Nov 2010  (4).MOV,800034,2013-02-27 16:36:20,SkippedExisting
C:\Users\thoma\Documents\Cyber Crimes Tools\Takeout Zips\takeout-20260602T071913Z-11-011.zip,takeout-20260602T071913Z-11-011.zip,Takeout/Drive/Pictures/2010/Nov 2010  (4).JPG,C:\Users\thoma\Documents\Cyber Crimes Tools\Takeout Extracted\Takeout\Drive\Pictures\2010\Nov 2010  (4).JPG,1157913,2013-02-27 16:36:16,SkippedExisting
C:\Users\thoma\Documents\Cyber Crimes Tools\Takeout Zips\takeout-20260602T071913Z-11-011.zip,takeout-20260602T071913Z-11-011.zip,Takeout/Drive/Pictures/2010/Nov 2010  (9).JPG,C:\Users\thoma\Documents\Cyber Crimes Tools\Takeout Extracted\Takeout\Drive\Pictures\2010\Nov 2010  (9).JPG,1041495,2013-02-27 16:36:46,SkippedExisting
C:\Users\thoma\Documents\Cyber Crimes Tools\Takeout Zips\takeout-20260602T071913Z-11-011.zip,takeout-20260602T071913Z-11-011.zip,Takeout/Drive/Pictures/2010/Nov 2010  (6).JPG,C:\Users\thoma\Documents\Cyber Crimes Tools\Takeout Extracted\Takeout\Drive\Pictures\2010\Nov 2010  (6).JPG,1198571,2013-02-27 16:36:30,SkippedExisting
C:\Users\thoma\Documents\Cyber Crimes Tools\Takeout Zips\takeout-20260602T071913Z-11-011.zip,takeout-20260602T071913Z-11-011.zip,Takeout/Drive/Pictures/2010/Nov 2010  (3).MOV,C:\Users\thoma\Documents\Cyber Crimes Tools\Takeout Extracted\Takeout\Drive\Pictures\2010\Nov 2010  (3).MOV,52893806,2013-02-27 16:35:58,SkipLargeMediaEvenIfNamed
C:\Users\thoma\Documents\Cyber Crimes Tools\Takeout Zips\takeout-20260602T071913Z-11-011.zip,takeout-20260602T071913Z-11-011.zip,Takeout/Drive/Pictures/2010/Nov 2010  (7).JPG,C:\Users\thoma\Documents\Cyber Crimes Tools\Takeout Extracted\Takeout\Drive\Pictures\2010\Nov 2010  (7).JPG,1524705,2013-02-27 16:36:38,SkippedExisting
C:\Users\thoma\Documents\Cyber Crimes Tools\Takeout Zips\takeout-20260602T071913Z-11-011.zip,takeout-20260602T071913Z-11-011.zip,Takeout/Drive/Pictures/2010/Nov 2010  (5).JPG,C:\Users\thoma\Documents\Cyber Crimes Tools\Takeout Extracted\Takeout\Drive\Pictures\2010\Nov 2010  (5).JPG,1140531,2013-02-27 16:36:26,SkippedExisting
C:\Users\thoma\Documents\Cyber Crimes Tools\Takeout Zips\takeout-20260602T071913Z-11-011.zip,takeout-20260602T071913Z-11-011.zip,Takeout/Drive/Pictures/2010/Nov 2010  (3).JPG,C:\Users\thoma\Documents\Cyber Crimes Tools\Takeout Extracted\Takeout\Drive\Pictures\2010\Nov 2010  (3).JPG,982976,2013-02-27 16:33:12,SkippedExisting
C:\Users\thoma\Documents\Cyber Crimes Tools\Takeout Zips\takeout-20260602T071913Z-11-011.zip,takeout-20260602T071913Z-11-011.zip,Takeout/Drive/Pictures/2010/Nov 2010  (2).MOV,C:\Users\thoma\Documents\Cyber Crimes Tools\Takeout Extracted\Takeout\Drive\Pictures\2010\Nov 2010  (2).MOV,60616946,2013-02-27 16:33:08,SkipLargeMediaEvenIfNamed
C:\Users\thoma\Documents\Cyber Crimes Tools\Takeout Zips\takeout-20260602T071913Z-11-011.zip,takeout-20260602T071913Z-11-011.zip,Takeout/Drive/Pictures/2010/Nov 2010  (2).JPG,C:\Users\thoma\Documents\Cyber Crimes Tools\Takeout Extracted\Takeout\Drive\Pictures\2010\Nov 2010  (2).JPG,1444747,2013-02-27 16:29:54,SkippedExisting
C:\Users\thoma\Documents\Cyber Crimes Tools\Takeout Zips\takeout-20260602T071913Z-11-011.zip,takeout-20260602T071913Z-11-011.zip,Takeout/Drive/Pictures/2010/Nov 2010  (17).JPG,C:\Users\thoma\Documents\Cyber Crimes Tools\Takeout Extracted\Takeout\Drive\Pictures\2010\Nov 2010  (17).JPG,874524,2013-02-27 16:29:48,SkippedExisting
C:\Users\thoma\Documents\Cyber Crimes Tools\Takeout Zips\takeout-20260602T071913Z-11-011.zip,takeout-20260602T071913Z-11-011.zip,Takeout/Drive/Expert IT/Recently denied.xlsx,C:\Users\thoma\Documents\Cyber Crimes Tools\Takeout Extracted\Takeout\Drive\Expert IT\Recently denied.xlsx,2696302,2018-08-16 22:46:00,SkippedExisting
C:\Users\thoma\Documents\Cyber Crimes Tools\Takeout Zips\takeout-20260602T071913Z-11-011.zip,takeout-20260602T071913Z-11-011.zip,Takeout/Drive/Pictures/2011/MOV01910.MPG,C:\Users\thoma\Documents\Cyber Crimes Tools\Takeout Extracted\Takeout\Drive\Pictures\2011\MOV01910.MPG,11922470,2013-02-28 10:20:00,SkippedExisting
C:\Users\thoma\Documents\Cyber Crimes Tools\Takeout Zips\takeout-20260602T071913Z-11-011.zip,takeout-20260602T071913Z-11-011.zip,Takeout/Drive/Pictures/2011/MOV01909.MPG,C:\Users\thoma\Documents\Cyber Crimes Tools\Takeout Extracted\Takeout\Drive\Pictures\2011\MOV01909.MPG,5235267,2013-02-28 10:19:16,SkippedExisting
C:\Users\thoma\Documents\Cyber Crimes Tools\Takeout Zips\takeout-20260602T071913Z-11-011.zip,takeout-20260602T071913Z-11-011.zip,Takeout/Drive/Pictures/2011/MOV01907.MPG,C:\Users\thoma\Documents\Cyber Crimes Tools\Takeout Extracted\Takeout\Drive\Pictures\2011\MOV01907.MPG,4843288,2013-02-28 10:18:24,SkippedExisting
C:\Users\thoma\Documents\Cyber Crimes Tools\Takeout Zips\takeout-20260602T071913Z-11-011.zip,takeout-20260602T071913Z-11-011.zip,Takeout/Drive/Pictures/2011/MOV01908.MPG,C:\Users\thoma\Documents\Cyber Crimes Tools\Takeout Extracted\Takeout\Drive\Pictures\2011\MOV01908.MPG,6803881,2013-02-28 10:18:52,SkippedExisting
C:\Users\thoma\Documents\Cyber Crimes Tools\Takeout Zips\takeout-20260602T071913Z-11-011.zip,takeout-20260602T071913Z-11-011.zip,Takeout/Drive/Pictures/2011/MOV01905.MPG,C:\Users\thoma\Documents\Cyber Crimes Tools\Takeout Extracted\Takeout\Drive\Pictures\2011\MOV01905.MPG,15201752,2013-02-28 10:17:42,SkippedExisting
C:\Users\thoma\Documents\Cyber Crimes Tools\Takeout Zips\takeout-20260602T071913Z-11-011.zip,takeout-20260602T071913Z-11-011.zip,Takeout/Drive/Pictures/2011/MOV01911.MPG,C:\Users\thoma\Documents\Cyber Crimes Tools\Takeout Extracted\Takeout\Drive\Pictures\2011\MOV01911.MPG,11129421,2013-02-28 10:20:42,SkippedExisting
C:\Users\thoma\Documents\Cyber Crimes Tools\Takeout Zips\takeout-20260602T071913Z-11-011.zip,takeout-20260602T071913Z-11-011.zip,Takeout/Drive/Pictures/2011/MOV01912.MPG,C:\Users\thoma\Documents\Cyber Crimes Tools\Takeout Extracted\Takeout\Drive\Pictures\2011\MOV01912.MPG,4174625,2013-02-28 10:21:00,SkippedExisting
C:\Users\thoma\Documents\Cyber Crimes Tools\Takeout Zips\takeout-20260602T071913Z-11-011.zip,takeout-20260602T071913Z-11-011.zip,Takeout/Drive/Pictures/2011/MOV01904.MPG,C:\Users\thoma\Documents\Cyber Crimes Tools\Takeout Extracted\Takeout\Drive\Pictures\2011\MOV01904.MPG,3536456,2013-02-28 10:16:44,ExtractNamedRelevant
C:\Users\thoma\Documents\Cyber Crimes Tools\Takeout Zips\takeout-20260602T071913Z-11-011.zip,takeout-20260602T071913Z-11-011.zip,Takeout/Drive/Pictures/2011/MOV01901.MPG,C:\Users\thoma\Documents\Cyber Crimes Tools\Takeout Extracted\Takeout\Drive\Pictures\2011\MOV01901.MPG,20443205,2013-02-28 10:15:12,ExtractNamedRelevant
C:\Users\thoma\Documents\Cyber Crimes Tools\Takeout Zips\takeout-20260602T071913Z-11-011.zip,takeout-20260602T071913Z-11-011.zip,Takeout/Drive/Pictures/2011/MOV01906.MPG,C:\Users\thoma\Documents\Cyber Crimes Tools\Takeout Extracted\Takeout\Drive\Pictures\2011\MOV01906.MPG,5234505,2013-02-28 10:18:04,ExtractNamedRelevant
C:\Users\thoma\Documents\Cyber Crimes Tools\Takeout Zips\takeout-20260602T071913Z-11-011.zip,takeout-20260602T071913Z-11-011.zip,Takeout/Drive/Pictures/2011/MOV01876.MPG,C:\Users\thoma\Documents\Cyber Crimes Tools\Takeout Extracted\Takeout\Drive\Pictures\2011\MOV01876.MPG,5749773,2013-02-28 10:13:54,ExtractNamedRelevant
C:\Users\thoma\Documents\Cyber Crimes Tools\Takeout Zips\takeout-20260602T071913Z-11-011.zip,takeout-20260602T071913Z-11-011.zip,Takeout/Drive/Pictures/2011/MOV01902.MPG,C:\Users\thoma\Documents\Cyber Crimes Tools\Takeout Extracted\Takeout\Drive\Pictures\2011\MOV01902.MPG,13492531,2013-02-28 10:16:02,ExtractNamedRelevant
C:\Users\thoma\Documents\Cyber Crimes Tools\Takeout Zips\takeout-20260602T071913Z-11-011.zip,takeout-20260602T071913Z-11-011.zip,Takeout/Drive/Pictures/2011/MOV01903.MPG,C:\Users\thoma\Documents\Cyber Crimes Tools\Takeout Extracted\Takeout\Drive\Pictures\2011\MOV01903.MPG,7194623,2013-02-28 10:16:30,ExtractNamedRelevant
C:\Users\thoma\Documents\Cyber Crimes Tools\Takeout Zips\takeout-20260602T071913Z-11-011.zip,takeout-20260602T071913Z-11-011.zip,Takeout/Drive/Pictures/2010/Nov 2010  (1).MOV,C:\Users\thoma\Documents\Cyber Crimes Tools\Takeout Extracted\Takeout\Drive\Pictures\2010\Nov 2010  (1).MOV,85683156,2013-02-27 16:29:10,SkipLargeMediaEvenIfNamed
C:\Users\thoma\Documents\Cyber Crimes Tools\Takeout Zips\takeout-20260602T071913Z-11-011.zip,takeout-20260602T071913Z-11-011.zip,Takeout/Drive/Pictures/2010/NicollesHouse12-21-10 (22).JPG,C:\Users\thoma\Documents\Cyber Crimes Tools\Takeout Extracted\Takeout\Drive\Pictures\2010\NicollesHouse12-21-10 (22).JPG,2022974,2013-02-27 14:46:00,ExtractNamedRelevant
C:\Users\thoma\Documents\Cyber Crimes Tools\Takeout Zips\takeout-20260602T071913Z-11-011.zip,takeout-20260602T071913Z-11-011.zip,Takeout/Drive/Pictures/2010/NicollesHouse12-21-10 (21).JPG,C:\Users\thoma\Documents\Cyber Crimes Tools\Takeout Extracted\Takeout\Drive\Pictures\2010\NicollesHouse12-21-10 (21).JPG,2675399,2013-02-27 14:45:52,ExtractNamedRelevant
C:\Users\thoma\Documents\Cyber Crimes Tools\Takeout Zips\takeout-20260602T071913Z-11-011.zip,takeout-20260602T071913Z-11-011.zip,Takeout/Drive/Pictures/2010/NicollesHouse12-21-10 (23).JPG,C:\Users\thoma\Documents\Cyber Crimes Tools\Takeout Extracted\Takeout\Drive\Pictures\2010\NicollesHouse12-21-10 (23).JPG,1819081,2013-02-27 14:46:06,ExtractNamedRelevant
C:\Users\thoma\Documents\Cyber Crimes Tools\Takeout Zips\takeout-20260602T071913Z-11-011.zip,takeout-20260602T071913Z-11-011.zip,Takeout/Drive/Pictures/2010/NicollesHouse12-21-10 (20).JPG,C:\Users\thoma\Documents\Cyber Crimes Tools\Takeout Extracted\Takeout\Drive\Pictures\2010\NicollesHouse12-21-10 (20).JPG,2477044,2013-02-27 14:45:42,ExtractNamedRelevant
C:\Users\thoma\Documents\Cyber Crimes Tools\Takeout Zips\takeout-20260602T071913Z-11-011.zip,takeout-20260602T071913Z-11-011.zip,Takeout/Drive/Pictures/2010/NicollesHouse12-21-10 (19).JPG,C:\Users\thoma\Documents\Cyber Crimes Tools\Takeout Extracted\Takeout\Drive\Pictures\2010\NicollesHouse12-21-10 (19).JPG,2442104,2013-02-27 14:45:22,ExtractNamedRelevant
C:\Users\thoma\Documents\Cyber Crimes Tools\Takeout Zips\takeout-20260602T071913Z-11-011.zip,takeout-20260602T071913Z-11-011.zip,Takeout/Drive/Pictures/2010/NicollesHouse12-21-10 (18).JPG,C:\Users\thoma\Documents\Cyber Crimes Tools\Takeout Extracted\Takeout\Drive\Pictures\2010\NicollesHouse12-21-10 (18).JPG,2968016,2013-02-27 14:45:14,ExtractNamedRelevant
C:\Users\thoma\Documents\Cyber Crimes Tools\Takeout Zips\takeout-20260602T071913Z-11-011.zip,takeout-20260602T071913Z-11-011.zip,Takeout/Drive/Pictures/2010/NicollesHouse12-21-10 (17).JPG,C:\Users\thoma\Documents\Cyber Crimes Tools\Takeout Extracted\Takeout\Drive\Pictures\2010\NicollesHouse12-21-10 (17).JPG,1941996,2013-02-27 14:45:02,ExtractNamedRelevant
C:\Users\thoma\Documents\Cyber Crimes Tools\Takeout Zips\takeout-20260602T071913Z-11-011.zip,takeout-20260602T071913Z-11-011.zip,Takeout/Drive/Pictures/2010/NicollesHouse12-21-10 (16).JPG,C:\Users\thoma\Documents\Cyber Crimes Tools\Takeout Extracted\Takeout\Drive\Pictures\2010\NicollesHouse12-21-10 (16).JPG,1855937,2013-02-27 14:44:54,ExtractNamedRelevant
C:\Users\thoma\Documents\Cyber Crimes Tools\Takeout Zips\takeout-20260602T071913Z-11-011.zip,takeout-20260602T071913Z-11-011.zip,Takeout/Drive/Pictures/2010/NicollesHouse12-21-10 (15).JPG,C:\Users\thoma\Documents\Cyber Crimes Tools\Takeout Extracted\Takeout\Drive\Pictures\2010\NicollesHouse12-21-10 (15).JPG,2152352,2013-02-27 14:44:48,ExtractNamedRelevant
C:\Users\thoma\Documents\Cyber Crimes Tools\Takeout Zips\takeout-20260602T071913Z-11-011.zip,takeout-20260602T071913Z-11-011.zip,Takeout/Drive/Bahama House - iHotelier Web Audit.pptx,C:\Users\thoma\Documents\Cyber Crimes Tools\Takeout Extracted\Takeout\Drive\Bahama House - iHotelier Web Audit.pptx,2491187,2016-03-03 20:20:16,ExtractEvidenceType
C:\Users\thoma\Documents\Cyber Crimes Tools\Takeout Zips\takeout-20260602T071913Z-11-011.zip,takeout-20260602T071913Z-11-011.zip,Takeout/Drive/Pictures/2010/NicollesHouse12-21-10 (13).JPG,C:\Users\thoma\Documents\Cyber Crimes Tools\Takeout Extracted\Takeout\Drive\Pictures\2010\NicollesHouse12-21-10 (13).JPG,2207989,2013-02-27 14:44:34,ExtractNamedRelevant
C:\Users\thoma\Documents\Cyber Crimes Tools\Takeout Zips\takeout-20260602T071913Z-11-011.zip,takeout-20260602T071913Z-11-011.zip,Takeout/Drive/Pictures/2010/NicollesHouse12-21-10 (12).JPG,C:\Users\thoma\Documents\Cyber Crimes Tools\Takeout Extracted\Takeout\Drive\Pictures\2010\NicollesHouse12-21-10 (12).JPG,2111664,2013-02-27 14:44:26,ExtractNamedRelevant
C:\Users\thoma\Documents\Cyber Crimes Tools\Takeout Zips\takeout-20260602T071913Z-11-011.zip,takeout-20260602T071913Z-11-011.zip,Takeout/Drive/Pictures/2010/new pics 432.jpg,C:\Users\thoma\Documents\Cyber Crimes Tools\Takeout Extracted\Takeout\Drive\Pictures\2010\new pics 432.jpg,929920,2013-02-27 14:44:08,ExtractNamedRelevant
C:\Users\thoma\Documents\Cyber Crimes Tools\Takeout Zips\takeout-20260602T071913Z-11-011.zip,takeout-20260602T071913Z-11-011.zip,Takeout/Drive/Pictures/2009/Trip To Oregon 2009/Oregon Trip Oct 2009 (9).JPG,C:\Users\thoma\Documents\Cyber Crimes Tools\Takeout Extracted\Takeout\Drive\Pictures\2009\Trip To Oregon 2009\Oregon Trip Oct 2009 (9).JPG,2499402,2013-02-27 12:31:20,ExtractNamedRelevant
C:\Users\thoma\Documents\Cyber Crimes Tools\Takeout Zips\takeout-20260602T071913Z-11-011.zip,takeout-20260602T071913Z-11-011.zip,Takeout/Drive/Pictures/2009/Trip To Oregon 2009/Oregon Trip Oct 2009 (91).JPG,C:\Users\thoma\Documents\Cyber Crimes Tools\Takeout Extracted\Takeout\Drive\Pictures\2009\Trip To Oregon 2009\Oregon Trip Oct 2009 (91).JPG,2071554,2013-02-27 12:31:28,ExtractNamedRelevant
C:\Users\thoma\Documents\Cyber Crimes Tools\Takeout Zips\takeout-20260602T071913Z-11-011.zip,takeout-20260602T071913Z-11-011.zip,Takeout/Drive/Pictures/2009/Trip To Oregon 2009/Oregon Trip Oct 2009 (93).JPG,C:\Users\thoma\Documents\Cyber Crimes Tools\Takeout Extracted\Takeout\Drive\Pictures\2009\Trip To Oregon 2009\Oregon Trip Oct 2009 (93).JPG,2008684,2013-02-27 12:31:36,ExtractNamedRelevant
C:\Users\thoma\Documents\Cyber Crimes Tools\Takeout Zips\takeout-20260602T071913Z-11-011.zip,takeout-20260602T071913Z-11-011.zip,Takeout/Drive/Pictures/2009/Trip To Oregon 2009/Oregon Trip Oct 2009 (86).JPG,C:\Users\thoma\Documents\Cyber Crimes Tools\Takeout Extracted\Takeout\Drive\Pictures\2009\Trip To Oregon 2009\Oregon Trip Oct 2009 (86).JPG,2169284,2013-02-27 12:31:04,SkippedExisting
C:\Users\thoma\Documents\Cyber Crimes Tools\Takeout Zips\takeout-20260602T071913Z-11-011.zip,takeout-20260602T071913Z-11-011.zip,Takeout/Drive/Pictures/2009/Trip To Oregon 2009/Oregon Trip Oct 2009 (89).JPG,C:\Users\thoma\Documents\Cyber Crimes Tools\Takeout Extracted\Takeout\Drive\Pictures\2009\Trip To Oregon 2009\Oregon Trip Oct 2009 (89).JPG,2075852,2013-02-27 12:31:10,ExtractNamedRelevant
C:\Users\thoma\Documents\Cyber Crimes Tools\Takeout Zips\takeout-20260602T071913Z-11-011.zip,takeout-20260602T071913Z-11-011.zip,Takeout/Drive/Pictures/2009/Trip To Oregon 2009/Oregon Trip Oct 2009 (85).JPG,C:\Users\thoma\Documents\Cyber Crimes Tools\Takeout Extracted\Takeout\Drive\Pictures\2009\Trip To Oregon 2009\Oregon Trip Oct 2009 (85).JPG,2265350,2013-02-27 12:30:54,ExtractNamedRelevant
C:\Users\thoma\Documents\Cyber Crimes Tools\Takeout Zips\takeout-20260602T071913Z-11-011.zip,takeout-20260602T071913Z-11-011.zip,Takeout/Drive/Pictures/2009/Trip To Oregon 2009/Oregon Trip Oct 2009 (84).JPG,C:\Users\thoma\Documents\Cyber Crimes Tools\Takeout Extracted\Takeout\Drive\Pictures\2009\Trip To Oregon 2009\Oregon Trip Oct 2009 (84).JPG,2210234,2013-02-27 12:30:46,ExtractNamedRelevant
C:\Users\thoma\Documents\Cyber Crimes Tools\Takeout Zips\takeout-20260602T071913Z-11-011.zip,takeout-20260602T071913Z-11-011.zip,Takeout/Drive/Pictures/2009/Trip To Oregon 2009/Oregon Trip Oct 2009 (82).JPG,C:\Users\thoma\Documents\Cyber Crimes Tools\Takeout Extracted\Takeout\Drive\Pictures\2009\Trip To Oregon 2009\Oregon Trip Oct 2009 (82).JPG,2109624,2013-02-27 12:30:30,ExtractNamedRelevant
C:\Users\thoma\Documents\Cyber Crimes Tools\Takeout Zips\takeout-20260602T071913Z-11-011.zip,takeout-20260602T071913Z-11-011.zip,Takeout/Drive/Pictures/2009/Trip To Oregon 2009/Oregon Trip Oct 2009 (83).JPG,C:\Users\thoma\Documents\Cyber Crimes Tools\Takeout Extracted\Takeout\Drive\Pictures\2009\Trip To Oregon 2009\Oregon Trip Oct 2009 (83).JPG,2078988,2013-02-27 12:30:38,SkippedExisting
C:\Users\thoma\Documents\Cyber Crimes Tools\Takeout Zips\takeout-20260602T071913Z-11-011.zip,takeout-20260602T071913Z-11-011.zip,Takeout/Drive/Pictures/2009/Trip To Oregon 2009/Oregon Trip Oct 2009 (80).JPG,C:\Users\thoma\Documents\Cyber Crimes Tools\Takeout Extracted\Takeout\Drive\Pictures\2009\Trip To Oregon 2009\Oregon Trip Oct 2009 (80).JPG,2314990,2013-02-27 12:30:14,ExtractNamedRelevant
C:\Users\thoma\Documents\Cyber Crimes Tools\Takeout Zips\takeout-20260602T071913Z-11-011.zip,takeout-20260602T071913Z-11-011.zip,Takeout/Drive/Pictures/2009/Trip To Oregon 2009/Oregon Trip Oct 2009 (81).JPG,C:\Users\thoma\Documents\Cyber Crimes Tools\Takeout Extracted\Takeout\Drive\Pictures\2009\Trip To Oregon 2009\Oregon Trip Oct 2009 (81).JPG,2234684,2013-02-27 12:30:22,ExtractNamedRelevant
C:\Users\thoma\Documents\Cyber Crimes Tools\Takeout Zips\takeout-20260602T071913Z-11-011.zip,takeout-20260602T071913Z-11-011.zip,Takeout/Drive/Pictures/2009/Trip To Oregon 2009/Oregon Trip Oct 2009 (8).JPG,C:\Users\thoma\Documents\Cyber Crimes Tools\Takeout Extracted\Takeout\Drive\Pictures\2009\Trip To Oregon 2009\Oregon Trip Oct 2009 (8).JPG,2598225,2013-02-27 12:30:06,ExtractNamedRelevant
C:\Users\thoma\Documents\Cyber Crimes Tools\Takeout Zips\takeout-20260602T071913Z-11-011.zip,takeout-20260602T071913Z-11-011.zip,Takeout/Drive/Pictures/2009/Trip To Oregon 2009/Oregon Trip Oct 2009 (76).JPG,C:\Users\thoma\Documents\Cyber Crimes Tools\Takeout Extracted\Takeout\Drive\Pictures\2009\Trip To Oregon 2009\Oregon Trip Oct 2009 (76).JPG,2188447,2013-02-27 12:29:32,SkippedExisting
C:\Users\thoma\Documents\Cyber Crimes Tools\Takeout Zips\takeout-20260602T071913Z-11-011.zip,takeout-20260602T071913Z-11-011.zip,Takeout/Drive/Pictures/2011/Micahs 8 yr bday (5).MOV,C:\Users\thoma\Documents\Cyber Crimes Tools\Takeout Extracted\Takeout\Drive\Pictures\2011\Micahs 8 yr bday (5).MOV,6012646,2013-02-28 09:24:02,ExtractNamedRelevant
C:\Users\thoma\Documents\Cyber Crimes Tools\Takeout Zips\takeout-20260602T071913Z-11-011.zip,takeout-20260602T071913Z-11-011.zip,Takeout/Drive/Pictures/2009/Trip To Oregon 2009/Oregon Trip Oct 2009 (74).JPG,C:\Users\thoma\Documents\Cyber Crimes Tools\Takeout Extracted\Takeout\Drive\Pictures\2009\Trip To Oregon 2009\Oregon Trip Oct 2009 (74).JPG,1747973,2013-02-27 12:29:16,ExtractNamedRelevant
C:\Users\thoma\Documents\Cyber Crimes Tools\Takeout Zips\takeout-20260602T071913Z-11-011.zip,takeout-20260602T071913Z-11-011.zip,Takeout/Drive/Pictures/2009/Trip To Oregon 2009/Oregon Trip Oct 2009 (79).JPG,C:\Users\thoma\Documents\Cyber Crimes Tools\Takeout Extracted\Takeout\Drive\Pictures\2009\Trip To Oregon 2009\Oregon Trip Oct 2009 (79).JPG,2237305,2013-02-27 12:29:56,ExtractNamedRelevant
C:\Users\thoma\Documents\Cyber Crimes Tools\Takeout Zips\takeout-20260602T071913Z-11-011.zip,takeout-20260602T071913Z-11-011.zip,Takeout/Drive/Pictures/2009/Trip To Oregon 2009/Oregon Trip Oct 2009 (77).JPG,C:\Users\thoma\Documents\Cyber Crimes Tools\Takeout Extracted\Takeout\Drive\Pictures\2009\Trip To Oregon 2009\Oregon Trip Oct 2009 (77).JPG,2433834,2013-02-27 12:29:42,ExtractNamedRelevant
C:\Users\thoma\Documents\Cyber Crimes Tools\Takeout Zips\takeout-20260602T071913Z-11-011.zip,takeout-20260602T071913Z-11-011.zip,Takeout/Drive/Pictures/2011/Micahs 8 yr bday (5).JPG,C:\Users\thoma\Documents\Cyber Crimes Tools\Takeout Extracted\Takeout\Drive\Pictures\2011\Micahs 8 yr bday (5).JPG,1714081,2013-02-28 09:23:40,ExtractNamedRelevant
C:\Users\thoma\Documents\Cyber Crimes Tools\Takeout Zips\takeout-20260602T071913Z-11-011.zip,takeout-20260602T071913Z-11-011.zip,Takeout/Drive/Pictures/2009/Trip To Oregon 2009/Oregon Trip Oct 2009 (75).JPG,C:\Users\thoma\Documents\Cyber Crimes Tools\Takeout Extracted\Takeout\Drive\Pictures\2009\Trip To Oregon 2009\Oregon Trip Oct 2009 (75).JPG,2055906,2013-02-27 12:29:24,ExtractNamedRelevant
C:\Users\thoma\Documents\Cyber Crimes Tools\Takeout Zips\takeout-20260602T071913Z-11-011.zip,takeout-20260602T071913Z-11-011.zip,Takeout/Drive/Pictures/2010/new pics 422.jpg,C:\Users\thoma\Documents\Cyber Crimes Tools\Takeout Extracted\Takeout\Drive\Pictures\2010\new pics 422.jpg,706561,2013-02-27 14:43:42,SkippedExisting
C:\Users\thoma\Documents\Cyber Crimes Tools\Takeout Zips\takeout-20260602T071913Z-11-011.zip,takeout-20260602T071913Z-11-011.zip,Takeout/Drive/Pictures/2010/new pics 418.jpg,C:\Users\thoma\Documents\Cyber Crimes Tools\Takeout Extracted\Takeout\Drive\Pictures\2010\new pics 418.jpg,802497,2013-02-27 14:43:34,ExtractNamedRelevant
C:\Users\thoma\Documents\Cyber Crimes Tools\Takeout Zips\takeout-20260602T071913Z-11-011.zip,takeout-20260602T071913Z-11-011.zip,Takeout/Drive/Pictures/2010/new pics 415.jpg,C:\Users\thoma\Documents\Cyber Crimes Tools\Takeout Extracted\Takeout\Drive\Pictures\2010\new pics 415.jpg,948356,2013-02-27 14:43:28,ExtractNamedRelevant
C:\Users\thoma\Documents\Cyber Crimes Tools\Takeout Zips\takeout-20260602T071913Z-11-011.zip,takeout-20260602T071913Z-11-011.zip,Takeout/Drive/Pictures/2010/new pics 408.jpg,C:\Users\thoma\Documents\Cyber Crimes Tools\Takeout Extracted\Takeout\Drive\Pictures\2010\new pics 408.jpg,838387,2013-02-27 14:43:24,ExtractNamedRelevant
C:\Users\thoma\Documents\Cyber Crimes Tools\Takeout Zips\takeout-20260602T071913Z-11-011.zip,takeout-20260602T071913Z-11-011.zip,Takeout/Drive/Pictures/2010/new pics 405.jpg,C:\Users\thoma\Documents\Cyber Crimes Tools\Takeout Extracted\Takeout\Drive\Pictures\2010\new pics 405.jpg,21983,2013-02-27 14:43:14,SkippedExisting
C:\Users\thoma\Documents\Cyber Crimes Tools\Takeout Zips\takeout-20260602T071913Z-11-011.zip,takeout-20260602T071913Z-11-011.zip,Takeout/Drive/Pictures/2010/new pics 406.jpg,C:\Users\thoma\Documents\Cyber Crimes Tools\Takeout Extracted\Takeout\Drive\Pictures\2010\new pics 406.jpg,1222070,2013-02-27 14:43:18,ExtractNamedRelevant
C:\Users\thoma\Documents\Cyber Crimes Tools\Takeout Zips\takeout-20260602T071913Z-11-011.zip,takeout-20260602T071913Z-11-011.zip,Takeout/Drive/Pictures/2010/new pics 404.jpg,C:\Users\thoma\Documents\Cyber Crimes Tools\Takeout Extracted\Takeout\Drive\Pictures\2010\new pics 404.jpg,21780,2013-02-27 14:43:12,SkippedExisting
C:\Users\thoma\Documents\Cyber Crimes Tools\Takeout Zips\takeout-20260602T071913Z-11-011.zip,takeout-20260602T071913Z-11-011.zip,Takeout/Drive/Pictures/2009/Trip To Oregon 2009/Oregon Trip Oct 2009 (66).JPG,C:\Users\thoma\Documents\Cyber Crimes Tools\Takeout Extracted\Takeout\Drive\Pictures\2009\Trip To Oregon 2009\Oregon Trip Oct 2009 (66).JPG,2571369,2013-02-27 12:27:58,ExtractNamedRelevant
C:\Users\thoma\Documents\Cyber Crimes Tools\Takeout Zips\takeout-20260602T071913Z-11-011.zip,takeout-20260602T071913Z-11-011.zip,Takeout/Drive/Pictures/2009/Trip To Oregon 2009/Oregon Trip Oct 2009 (67).JPG,C:\Users\thoma\Documents\Cyber Crimes Tools\Takeout Extracted\Takeout\Drive\Pictures\2009\Trip To Oregon 2009\Oregon Trip Oct 2009 (67).JPG,2510719,2013-02-27 12:28:06,ExtractNamedRelevant
C:\Users\thoma\Documents\Cyber Crimes Tools\Takeout Zips\takeout-20260602T071913Z-11-011.zip,takeout-20260602T071913Z-11-011.zip,Takeout/Drive/Pictures/2009/Trip To Oregon 2009/Oregon Trip Oct 2009 (63).JPG,C:\Users\thoma\Documents\Cyber Crimes Tools\Takeout Extracted\Takeout\Drive\Pictures\2009\Trip To Oregon 2009\Oregon Trip Oct 2009 (63).JPG,2024514,2013-02-27 12:27:30,ExtractNamedRelevant
C:\Users\thoma\Documents\Cyber Crimes Tools\Takeout Zips\takeout-20260602T071913Z-11-011.zip,takeout-20260602T071913Z-11-011.zip,Takeout/Drive/Pictures/2010/new pics 402.jpg,C:\Users\thoma\Documents\Cyber Crimes Tools\Takeout Extracted\Takeout\Drive\Pictures\2010\new pics 402.jpg,26948,2013-02-27 14:43:08,SkippedExisting
C:\Users\thoma\Documents\Cyber Crimes Tools\Takeout Zips\takeout-20260602T071913Z-11-011.zip,takeout-20260602T071913Z-11-011.zip,Takeout/Drive/Pictures/2009/Trip To Oregon 2009/Oregon Trip Oct 2009 (65).JPG,C:\Users\thoma\Documents\Cyber Crimes Tools\Takeout Extracted\Takeout\Drive\Pictures\2009\Trip To Oregon 2009\Oregon Trip Oct 2009 (65).JPG,2584557,2013-02-27 12:27:48,ExtractNamedRelevant
C:\Users\thoma\Documents\Cyber Crimes Tools\Takeout Zips\takeout-20260602T071913Z-11-011.zip,takeout-20260602T071913Z-11-011.zip,Takeout/Drive/Pictures/2010/new pics 401.jpg,C:\Users\thoma\Documents\Cyber Crimes Tools\Takeout Extracted\Takeout\Drive\Pictures\2010\new pics 401.jpg,916976,2013-02-27 14:43:08,ExtractNamedRelevant
C:\Users\thoma\Documents\Cyber Crimes Tools\Takeout Zips\takeout-20260602T071913Z-11-011.zip,takeout-20260602T071913Z-11-011.zip,Takeout/Drive/Pictures/2010/new pics 403.jpg,C:\Users\thoma\Documents\Cyber Crimes Tools\Takeout Extracted\Takeout\Drive\Pictures\2010\new pics 403.jpg,813294,2013-02-27 14:43:12,ExtractNamedRelevant
C:\Users\thoma\Documents\Cyber Crimes Tools\Takeout Zips\takeout-20260602T071913Z-11-011.zip,takeout-20260602T071913Z-11-011.zip,Takeout/Drive/Pictures/2009/Trip To Oregon 2009/Oregon Trip Oct 2009 (64).JPG,C:\Users\thoma\Documents\Cyber Crimes Tools\Takeout Extracted\Takeout\Drive\Pictures\2009\Trip To Oregon 2009\Oregon Trip Oct 2009 (64).JPG,2350028,2013-02-27 12:27:38,ExtractNamedRelevant
C:\Users\thoma\Documents\Cyber Crimes Tools\Takeout Zips\takeout-20260602T071913Z-11-011.zip,takeout-20260602T071913Z-11-011.zip,Takeout/Drive/Pictures/2009/Trip To Oregon 2009/Oregon Trip Oct 2009 (62).JPG,C:\Users\thoma\Documents\Cyber Crimes Tools\Takeout Extracted\Takeout\Drive\Pictures\2009\Trip To Oregon 2009\Oregon Trip Oct 2009 (62).JPG,2282799,2013-02-27 12:27:22,ExtractNamedRelevant
C:\Users\thoma\Documents\Cyber Crimes Tools\Takeout Zips\takeout-20260602T071913Z-11-011.zip,takeout-20260602T071913Z-11-011.zip,Takeout/Drive/Pictures/2009/Trip To Oregon 2009/Oregon Trip Oct 2009 (61).JPG,C:\Users\thoma\Documents\Cyber Crimes Tools\Takeout Extracted\Takeout\Drive\Pictures\2009\Trip To Oregon 2009\Oregon Trip Oct 2009 (61).JPG,2629674,2013-02-27 12:27:14,ExtractNamedRelevant
C:\Users\thoma\Documents\Cyber Crimes Tools\Takeout Zips\takeout-20260602T071913Z-11-011.zip,takeout-20260602T071913Z-11-011.zip,Takeout/Drive/Pictures/2009/Trip To Oregon 2009/Oregon Trip Oct 2009 (60).JPG,C:\Users\thoma\Documents\Cyber Crimes Tools\Takeout Extracted\Takeout\Drive\Pictures\2009\Trip To Oregon 2009\Oregon Trip Oct 2009 (60).JPG,2425044,2013-02-27 12:27:04,ExtractNamedRelevant
C:\Users\thoma\Documents\Cyber Crimes Tools\Takeout Zips\takeout-20260602T071913Z-11-011.zip,takeout-20260602T071913Z-11-011.zip,Takeout/Drive/Pictures/2009/Trip To Oregon 2009/Oregon Trip Oct 2009 (6).JPG,C:\Users\thoma\Documents\Cyber Crimes Tools\Takeout Extracted\Takeout\Drive\Pictures\2009\Trip To Oregon 2009\Oregon Trip Oct 2009 (6).JPG,2553491,2013-02-27 12:26:56,ExtractNamedRelevant
C:\Users\thoma\Documents\Cyber Crimes Tools\Takeout Zips\takeout-20260602T071913Z-11-011.zip,takeout-20260602T071913Z-11-011.zip,Takeout/Drive/Pictures/2009/Trip To Oregon 2009/Oregon Trip Oct 2009 (57).JPG,C:\Users\thoma\Documents\Cyber Crimes Tools\Takeout Extracted\Takeout\Drive\Pictures\2009\Trip To Oregon 2009\Oregon Trip Oct 2009 (57).JPG,2520503,2013-02-27 12:26:28,ExtractNamedRelevant
C:\Users\thoma\Documents\Cyber Crimes Tools\Takeout Zips\takeout-20260602T071913Z-11-011.zip,takeout-20260602T071913Z-11-011.zip,Takeout/Drive/Pictures/2009/Trip To Oregon 2009/Oregon Trip Oct 2009 (58).JPG,C:\Users\thoma\Documents\Cyber Crimes Tools\Takeout Extracted\Takeout\Drive\Pictures\2009\Trip To Oregon 2009\Oregon Trip Oct 2009 (58).JPG,2504707,2013-02-27 12:26:38,ExtractNamedRelevant
C:\Users\thoma\Documents\Cyber Crimes Tools\Takeout Zips\takeout-20260602T071913Z-11-011.zip,takeout-20260602T071913Z-11-011.zip,Takeout/Drive/Pictures/2009/Trip To Oregon 2009/Oregon Trip Oct 2009 (59).JPG,C:\Users\thoma\Documents\Cyber Crimes Tools\Takeout Extracted\Takeout\Drive\Pictures\2009\Trip To Oregon 2009\Oregon Trip Oct 2009 (59).JPG,2529186,2013-02-27 12:26:46,ExtractNamedRelevant
C:\Users\thoma\Documents\Cyber Crimes Tools\Takeout Zips\takeout-20260602T071913Z-11-011.zip,takeout-20260602T071913Z-11-011.zip,Takeout/Drive/Pictures/2009/Trip To Oregon 2009/Oregon Trip Oct 2009 (54).JPG,C:\Users\thoma\Documents\Cyber Crimes Tools\Takeout Extracted\Takeout\Drive\Pictures\2009\Trip To Oregon 2009\Oregon Trip Oct 2009 (54).JPG,2104938,2013-02-27 12:26:02,ExtractNamedRelevant
C:\Users\thoma\Documents\Cyber Crimes Tools\Takeout Zips\takeout-20260602T071913Z-11-011.zip,takeout-20260602T071913Z-11-011.zip,Takeout/Drive/Pictures/2009/Trip To Oregon 2009/Oregon Trip Oct 2009 (52).JPG,C:\Users\thoma\Documents\Cyber Crimes Tools\Takeout Extracted\Takeout\Drive\Pictures\2009\Trip To Oregon 2009\Oregon Trip Oct 2009 (52).JPG,2146406,2013-02-27 12:25:46,ExtractNamedRelevant
C:\Users\thoma\Documents\Cyber Crimes Tools\Takeout Zips\takeout-20260602T071913Z-11-011.zip,takeout-20260602T071913Z-11-011.zip,Takeout/Drive/Pictures/2009/Trip To Oregon 2009/Oregon Trip Oct 2009 (53).JPG,C:\Users\thoma\Documents\Cyber Crimes Tools\Takeout Extracted\Takeout\Drive\Pictures\2009\Trip To Oregon 2009\Oregon Trip Oct 2009 (53).JPG,2113027,2013-02-27 12:25:54,ExtractNamedRelevant
C:\Users\thoma\Documents\Cyber Crimes Tools\Takeout Zips\takeout-20260602T071913Z-11-011.zip,takeout-20260602T071913Z-11-011.zip,Takeout/Drive/Pictures/2009/Trip To Oregon 2009/Oregon Trip Oct 2009 (51).JPG,C:\Users\thoma\Documents\Cyber Crimes Tools\Takeout Extracted\Takeout\Drive\Pictures\2009\Trip To Oregon 2009\Oregon Trip Oct 2009 (51).JPG,2182812,2013-02-27 12:25:38,SkippedExisting
C:\Users\thoma\Documents\Cyber Crimes Tools\Takeout Zips\takeout-20260602T071913Z-11-011.zip,takeout-20260602T071913Z-11-011.zip,Takeout/Drive/Pictures/2009/Trip To Oregon 2009/Oregon Trip Oct 2009 (55).JPG,C:\Users\thoma\Documents\Cyber Crimes Tools\Takeout Extracted\Takeout\Drive\Pictures\2009\Trip To Oregon 2009\Oregon Trip Oct 2009 (55).JPG,2351914,2013-02-27 12:26:10,ExtractNamedRelevant
C:\Users\thoma\Documents\Cyber Crimes Tools\Takeout Zips\takeout-20260602T071913Z-11-011.zip,takeout-20260602T071913Z-11-011.zip,Takeout/Drive/Pictures/2009/Trip To Oregon 2009/Oregon Trip Oct 2009 (5).JPG,C:\Users\thoma\Documents\Cyber Crimes Tools\Takeout Extracted\Takeout\Drive\Pictures\2009\Trip To Oregon 2009\Oregon Trip Oct 2009 (5).JPG,2541879,2013-02-27 12:25:22,ExtractNamedRelevant
C:\Users\thoma\Documents\Cyber Crimes Tools\Takeout Zips\takeout-20260602T071913Z-11-011.zip,takeout-20260602T071913Z-11-011.zip,Takeout/Drive/Pictures/2009/Trip To Oregon 2009/Oregon Trip Oct 2009 (56).JPG,C:\Users\thoma\Documents\Cyber Crimes Tools\Takeout Extracted\Takeout\Drive\Pictures\2009\Trip To Oregon 2009\Oregon Trip Oct 2009 (56).JPG,2470572,2013-02-27 12:26:20,ExtractNamedRelevant
C:\Users\thoma\Documents\Cyber Crimes Tools\Takeout Zips\takeout-20260602T071913Z-11-011.zip,takeout-20260602T071913Z-11-011.zip,Takeout/Drive/Pictures/2009/Trip To Oregon 2009/Oregon Trip Oct 2009 (48).JPG,C:\Users\thoma\Documents\Cyber Crimes Tools\Takeout Extracted\Takeout\Drive\Pictures\2009\Trip To Oregon 2009\Oregon Trip Oct 2009 (48).JPG,2802469,2013-02-27 12:25:04,ExtractNamedRelevant
C:\Users\thoma\Documents\Cyber Crimes Tools\Takeout Zips\takeout-20260602T071913Z-11-011.zip,takeout-20260602T071913Z-11-011.zip,Takeout/Drive/Pictures/2009/Trip To Oregon 2009/Oregon Trip Oct 2009 (50).JPG,C:\Users\thoma\Documents\Cyber Crimes Tools\Takeout Extracted\Takeout\Drive\Pictures\2009\Trip To Oregon 2009\Oregon Trip Oct 2009 (50).JPG,2249649,2013-02-27 12:25:30,ExtractNamedRelevant
C:\Users\thoma\Documents\Cyber Crimes Tools\Takeout Zips\takeout-20260602T071913Z-11-011.zip,takeout-20260602T071913Z-11-011.zip,Takeout/Drive/Pictures/2009/Trip To Oregon 2009/Oregon Trip Oct 2009 (49).JPG,C:\Users\thoma\Documents\Cyber Crimes Tools\Takeout Extracted\Takeout\Drive\Pictures\2009\Trip To Oregon 2009\Oregon Trip Oct 2009 (49).JPG,2311003,2013-02-27 12:25:12,ExtractNamedRelevant
C:\Users\thoma\Documents\Cyber Crimes Tools\Takeout Zips\takeout-20260602T071913Z-11-011.zip,takeout-20260602T071913Z-11-011.zip,Takeout/Drive/Pictures/2009/Trip To Oregon 2009/Oregon Trip Oct 2009 (47).JPG,C:\Users\thoma\Documents\Cyber Crimes Tools\Takeout Extracted\Takeout\Drive\Pictures\2009\Trip To Oregon 2009\Oregon Trip Oct 2009 (47).JPG,2712777,2013-02-27 12:24:54,ExtractNamedRelevant
C:\Users\thoma\Documents\Cyber Crimes Tools\Takeout Zips\takeout-20260602T071913Z-11-011.zip,takeout-20260602T071913Z-11-011.zip,Takeout/Drive/Pictures/2009/Trip To Oregon 2009/Oregon Trip Oct 2009 (46).JPG,C:\Users\thoma\Documents\Cyber Crimes Tools\Takeout Extracted\Takeout\Drive\Pictures\2009\Trip To Oregon 2009\Oregon Trip Oct 2009 (46).JPG,2608758,2013-02-27 12:24:44,ExtractNamedRelevant
C:\Users\thoma\Documents\Cyber Crimes Tools\Takeout Zips\takeout-20260602T071913Z-11-011.zip,takeout-20260602T071913Z-11-011.zip,Takeout/Drive/Pictures/2010/NicollesHouse12-21-10 (11).JPG,C:\Users\thoma\Documents\Cyber Crimes Tools\Takeout Extracted\Takeout\Drive\Pictures\2010\NicollesHouse12-21-10 (11).JPG,2730059,2013-02-27 14:44:18,ExtractNamedRelevant
C:\Users\thoma\Documents\Cyber Crimes Tools\Takeout Zips\takeout-20260602T071913Z-11-011.zip,takeout-20260602T071913Z-11-011.zip,Takeout/Drive/Pictures/2011/Marine Center (22).JPG,C:\Users\thoma\Documents\Cyber Crimes Tools\Takeout Extracted\Takeout\Drive\Pictures\2011\Marine Center (22).JPG,1442168,2013-02-28 09:05:04,ExtractNamedRelevant
C:\Users\thoma\Documents\Cyber Crimes Tools\Takeout Zips\takeout-20260602T071913Z-11-011.zip,takeout-20260602T071913Z-11-011.zip,Takeout/Drive/Pictures/2009/Trip To Oregon 2009/Oregon Trip Oct 2009 (45).JPG,C:\Users\thoma\Documents\Cyber Crimes Tools\Takeout Extracted\Takeout\Drive\Pictures\2009\Trip To Oregon 2009\Oregon Trip Oct 2009 (45).JPG,2288644,2013-02-27 12:24:34,ExtractNamedRelevant
C:\Users\thoma\Documents\Cyber Crimes Tools\Takeout Zips\takeout-20260602T071913Z-11-011.zip,takeout-20260602T071913Z-11-011.zip,Takeout/Drive/Pictures/2011/Marine Center (21).JPG,C:\Users\thoma\Documents\Cyber Crimes Tools\Takeout Extracted\Takeout\Drive\Pictures\2011\Marine Center (21).JPG,1306203,2013-02-28 09:04:58,ExtractNamedRelevant
C:\Users\thoma\Documents\Cyber Crimes Tools\Takeout Zips\takeout-20260602T071913Z-11-011.zip,takeout-20260602T071913Z-11-011.zip,Takeout/Drive/Pictures/2011/Marine Center (2).JPG,C:\Users\thoma\Documents\Cyber Crimes Tools\Takeout Extracted\Takeout\Drive\Pictures\2011\Marine Center (2).JPG,1250323,2013-02-28 09:00:20,ExtractNamedRelevant
C:\Users\thoma\Documents\Cyber Crimes Tools\Takeout Zips\takeout-20260602T071913Z-11-011.zip,takeout-20260602T071913Z-11-011.zip,Takeout/Drive/Pictures/2011/Marine Center (13).JPG,C:\Users\thoma\Documents\Cyber Crimes Tools\Takeout Extracted\Takeout\Drive\Pictures\2011\Marine Center (13).JPG,973272,2013-02-28 08:59:36,ExtractNamedRelevant
C:\Users\thoma\Documents\Cyber Crimes Tools\Takeout Zips\takeout-20260602T071913Z-11-011.zip,takeout-20260602T071913Z-11-011.zip,Takeout/Drive/Pictures/2011/Marine Center (16).JPG,C:\Users\thoma\Documents\Cyber Crimes Tools\Takeout Extracted\Takeout\Drive\Pictures\2011\Marine Center (16).JPG,1084374,2013-02-28 09:00:00,ExtractNamedRelevant
C:\Users\thoma\Documents\Cyber Crimes Tools\Takeout Zips\takeout-20260602T071913Z-11-011.zip,takeout-20260602T071913Z-11-011.zip,Takeout/Drive/Pictures/2011/Marine Center (14).JPG,C:\Users\thoma\Documents\Cyber Crimes Tools\Takeout Extracted\Takeout\Drive\Pictures\2011\Marine Center (14).JPG,3235885,2013-02-28 08:59:50,ExtractNamedRelevant
C:\Users\thoma\Documents\Cyber Crimes Tools\Takeout Zips\takeout-20260602T071913Z-11-011.zip,takeout-20260602T071913Z-11-011.zip,Takeout/Drive/Pictures/2011/Marine Center (15).JPG,C:\Users\thoma\Documents\Cyber Crimes Tools\Takeout Extracted\Takeout\Drive\Pictures\2011\Marine Center (15).JPG,1105427,2013-02-28 08:59:54,ExtractNamedRelevant
C:\Users\thoma\Documents\Cyber Crimes Tools\Takeout Zips\takeout-20260602T071913Z-11-011.zip,takeout-20260602T071913Z-11-011.zip,Takeout/Drive/Pictures/2009/Trip To Oregon 2009/Oregon Trip Oct 2009 (73).JPG,C:\Users\thoma\Documents\Cyber Crimes Tools\Takeout Extracted\Takeout\Drive\Pictures\2009\Trip To Oregon 2009\Oregon Trip Oct 2009 (73).JPG,2396533,2013-02-27 12:29:10,ExtractNamedRelevant
C:\Users\thoma\Documents\Cyber Crimes Tools\Takeout Zips\takeout-20260602T071913Z-11-011.zip,takeout-20260602T071913Z-11-011.zip,Takeout/Drive/Pictures/2011/Marine Center (12).JPG,C:\Users\thoma\Documents\Cyber Crimes Tools\Takeout Extracted\Takeout\Drive\Pictures\2011\Marine Center (12).JPG,919183,2013-02-28 08:59:36,SkippedExisting
C:\Users\thoma\Documents\Cyber Crimes Tools\Takeout Zips\takeout-20260602T071913Z-11-011.zip,takeout-20260602T071913Z-11-011.zip,Takeout/Drive/Pictures/2011/Micahs 8 yr bday (4).MOV,C:\Users\thoma\Documents\Cyber Crimes Tools\Takeout Extracted\Takeout\Drive\Pictures\2011\Micahs 8 yr bday (4).MOV,14006408,2013-02-28 09:23:32,ExtractNamedRelevant
C:\Users\thoma\Documents\Cyber Crimes Tools\Takeout Zips\takeout-20260602T071913Z-11-011.zip,takeout-20260602T071913Z-11-011.zip,Takeout/Drive/Pictures/2011/Marine Center (11).JPG,C:\Users\thoma\Documents\Cyber Crimes Tools\Takeout Extracted\Takeout\Drive\Pictures\2011\Marine Center (11).JPG,941751,2013-02-28 08:59:12,ExtractNamedRelevant
C:\Users\thoma\Documents\Cyber Crimes Tools\Takeout Zips\takeout-20260602T071913Z-11-011.zip,takeout-20260602T071913Z-11-011.zip,Takeout/Drive/Pictures/2011/Marine Center (17).JPG,C:\Users\thoma\Documents\Cyber Crimes Tools\Takeout Extracted\Takeout\Drive\Pictures\2011\Marine Center (17).JPG,808326,2013-02-28 09:00:04,ExtractNamedRelevant
C:\Users\thoma\Documents\Cyber Crimes Tools\Takeout Zips\takeout-20260602T071913Z-11-011.zip,takeout-20260602T071913Z-11-011.zip,Takeout/Drive/Pictures/2011/Marine Center (18).JPG,C:\Users\thoma\Documents\Cyber Crimes Tools\Takeout Extracted\Takeout\Drive\Pictures\2011\Marine Center (18).JPG,1148170,2013-02-28 09:00:08,ExtractNamedRelevant
C:\Users\thoma\Documents\Cyber Crimes Tools\Takeout Zips\takeout-20260602T071913Z-11-011.zip,takeout-20260602T071913Z-11-011.zip,Takeout/Drive/Pictures/2011/Marine Center (2).MOV,C:\Users\thoma\Documents\Cyber Crimes Tools\Takeout Extracted\Takeout\Drive\Pictures\2011\Marine Center (2).MOV,85721488,2013-02-28 09:04:46,SkipLargeMediaEvenIfNamed
C:\Users\thoma\Documents\Cyber Crimes Tools\Takeout Zips\takeout-20260602T071913Z-11-011.zip,takeout-20260602T071913Z-11-011.zip,Takeout/Drive/Pictures/2011/Marine Center (10).JPG,C:\Users\thoma\Documents\Cyber Crimes Tools\Takeout Extracted\Takeout\Drive\Pictures\2011\Marine Center (10).JPG,1056682,2013-02-28 08:59:08,ExtractNamedRelevant
C:\Users\thoma\Documents\Cyber Crimes Tools\Takeout Zips\takeout-20260602T071913Z-11-011.zip,takeout-20260602T071913Z-11-011.zip,Takeout/Drive/Pictures/2011/Marine Center (1).MOV,C:\Users\thoma\Documents\Cyber Crimes Tools\Takeout Extracted\Takeout\Drive\Pictures\2011\Marine Center (1).MOV,147507593,2013-02-28 08:59:04,SkipLargeMediaEvenIfNamed
C:\Users\thoma\Documents\Cyber Crimes Tools\Takeout Zips\takeout-20260602T071913Z-11-011.zip,takeout-20260602T071913Z-11-011.zip,Takeout/Drive/Pictures/2011/Micahs 8 yr bday (4).JPG,C:\Users\thoma\Documents\Cyber Crimes Tools\Takeout Extracted\Takeout\Drive\Pictures\2011\Micahs 8 yr bday (4).JPG,1627495,2013-02-28 09:22:42,ExtractNamedRelevant
C:\Users\thoma\Documents\Cyber Crimes Tools\Takeout Zips\takeout-20260602T071913Z-11-011.zip,takeout-20260602T071913Z-11-011.zip,Takeout/Drive/Pictures/2011/Marine Center (12)(1).JPG,C:\Users\thoma\Documents\Cyber Crimes Tools\Takeout Extracted\Takeout\Drive\Pictures\2011\Marine Center (12)(1).JPG,919183,2013-02-28 08:59:32,ExtractNamedRelevant
C:\Users\thoma\Documents\Cyber Crimes Tools\Takeout Zips\takeout-20260602T071913Z-11-011.zip,takeout-20260602T071913Z-11-011.zip,Takeout/Drive/Pictures/2009/Trip To Oregon 2009/Oregon Trip Oct 2009 (72).JPG,C:\Users\thoma\Documents\Cyber Crimes Tools\Takeout Extracted\Takeout\Drive\Pictures\2009\Trip To Oregon 2009\Oregon Trip Oct 2009 (72).JPG,2324245,2013-02-27 12:29:02,ExtractNamedRelevant
C:\Users\thoma\Documents\Cyber Crimes Tools\Takeout Zips\takeout-20260602T071913Z-11-011.zip,takeout-20260602T071913Z-11-011.zip,Takeout/Drive/Pictures/2009/Trip To Oregon 2009/Oregon Trip Oct 2009 (68).JPG,C:\Users\thoma\Documents\Cyber Crimes Tools\Takeout Extracted\Takeout\Drive\Pictures\2009\Trip To Oregon 2009\Oregon Trip Oct 2009 (68).JPG,2551293,2013-02-27 12:28:16,ExtractNamedRelevant
C:\Users\thoma\Documents\Cyber Crimes Tools\Takeout Zips\takeout-20260602T071913Z-11-011.zip,takeout-20260602T071913Z-11-011.zip,Takeout/Drive/Pictures/2009/Trip To Oregon 2009/Oregon Trip Oct 2009 (71).JPG,C:\Users\thoma\Documents\Cyber Crimes Tools\Takeout Extracted\Takeout\Drive\Pictures\2009\Trip To Oregon 2009\Oregon Trip Oct 2009 (71).JPG,2563945,2013-02-27 12:28:52,ExtractNamedRelevant
C:\Users\thoma\Documents\Cyber Crimes Tools\Takeout Zips\takeout-20260602T071913Z-11-011.zip,takeout-20260602T071913Z-11-011.zip,Takeout/Drive/Pictures/2011/Micahs 8 yr bday (3).MOV,C:\Users\thoma\Documents\Cyber Crimes Tools\Takeout Extracted\Takeout\Drive\Pictures\2011\Micahs 8 yr bday (3).MOV,52537184,2013-02-28 09:22:16,SkipLargeMediaEvenIfNamed
C:\Users\thoma\Documents\Cyber Crimes Tools\Takeout Zips\takeout-20260602T071913Z-11-011.zip,takeout-20260602T071913Z-11-011.zip,Takeout/Drive/Pictures/2011/Marine Center (1).JPG,C:\Users\thoma\Documents\Cyber Crimes Tools\Takeout Extracted\Takeout\Drive\Pictures\2011\Marine Center (1).JPG,932825,2013-02-28 08:51:08,ExtractNamedRelevant
C:\Users\thoma\Documents\Cyber Crimes Tools\Takeout Zips\takeout-20260602T071913Z-11-011.zip,takeout-20260602T071913Z-11-011.zip,Takeout/Drive/Pictures/2011/March 2011 (2).MOV,C:\Users\thoma\Documents\Cyber Crimes Tools\Takeout Extracted\Takeout\Drive\Pictures\2011\March 2011 (2).MOV,33715720,2013-02-28 08:50:56,SkipLargeMediaEvenIfNamed
C:\Users\thoma\Documents\Cyber Crimes Tools\Takeout Zips\takeout-20260602T071913Z-11-011.zip,takeout-20260602T071913Z-11-011.zip,Takeout/Drive/Pictures/2009/Trip To Oregon 2009/Oregon Trip Oct 2009 (69).JPG,C:\Users\thoma\Documents\Cyber Crimes Tools\Takeout Extracted\Takeout\Drive\Pictures\2009\Trip To Oregon 2009\Oregon Trip Oct 2009 (69).JPG,2538553,2013-02-27 12:28:24,SkippedExisting
C:\Users\thoma\Documents\Cyber Crimes Tools\Takeout Zips\takeout-20260602T071913Z-11-011.zip,takeout-20260602T071913Z-11-011.zip,Takeout/Drive/Pictures/2011/Micahs 8 yr bday (3).JPG,C:\Users\thoma\Documents\Cyber Crimes Tools\Takeout Extracted\Takeout\Drive\Pictures\2011\Micahs 8 yr bday (3).JPG,1678729,2013-02-28 09:19:16,SkippedExisting
C:\Users\thoma\Documents\Cyber Crimes Tools\Takeout Zips\takeout-20260602T071913Z-11-011.zip,takeout-20260602T071913Z-11-011.zip,Takeout/Drive/Pictures/2011/March 2011 (3).MOV,C:\Users\thoma\Documents\Cyber Crimes Tools\Takeout Extracted\Takeout\Drive\Pictures\2011\March 2011 (3).MOV,1854934,2013-02-28 08:51:04,SkippedExisting
C:\Users\thoma\Documents\Cyber Crimes Tools\Takeout Zips\takeout-20260602T071913Z-11-011.zip,takeout-20260602T071913Z-11-011.zip,Takeout/Drive/Pictures/2011/Micahs 8 yr bday (7).MOV,C:\Users\thoma\Documents\Cyber Crimes Tools\Takeout Extracted\Takeout\Drive\Pictures\2011\Micahs 8 yr bday (7).MOV,107190513,2013-02-28 10:12:50,SkipLargeMediaEvenIfNamed
C:\Users\thoma\Documents\Cyber Crimes Tools\Takeout Zips\takeout-20260602T071913Z-11-011.zip,takeout-20260602T071913Z-11-011.zip,"Takeout/Drive/Pictures/2011/Keegan_s staph infection-Jan 23, 2011 (6).JPG","C:\Users\thoma\Documents\Cyber Crimes Tools\Takeout Extracted\Takeout\Drive\Pictures\2011\Keegan_s staph infection-Jan 23, 2011 (6).JPG",739755,2013-02-28 08:42:40,SkippedExisting
C:\Users\thoma\Documents\Cyber Crimes Tools\Takeout Zips\takeout-20260602T071913Z-11-011.zip,takeout-20260602T071913Z-11-011.zip,"Takeout/Drive/Pictures/2011/Keegan_s staph infection-Jan 23, 2011 (7).JPG","C:\Users\thoma\Documents\Cyber Crimes Tools\Takeout Extracted\Takeout\Drive\Pictures\2011\Keegan_s staph infection-Jan 23, 2011 (7).JPG",790192,2013-02-28 08:42:42,SkippedExisting
C:\Users\thoma\Documents\Cyber Crimes Tools\Takeout Zips\takeout-20260602T071913Z-11-011.zip,takeout-20260602T071913Z-11-011.zip,Takeout/Drive/Pictures/2011/Micahs 8 yr bday (2).MOV,C:\Users\thoma\Documents\Cyber Crimes Tools\Takeout Extracted\Takeout\Drive\Pictures\2011\Micahs 8 yr bday (2).MOV,57892741,2013-02-28 09:19:08,SkipLargeMediaEvenIfNamed
C:\Users\thoma\Documents\Cyber Crimes Tools\Takeout Zips\takeout-20260602T071913Z-11-011.zip,takeout-20260602T071913Z-11-011.zip,"Takeout/Drive/Pictures/2011/Keegan_s staph infection-Jan 23, 2011 (5).JPG","C:\Users\thoma\Documents\Cyber Crimes Tools\Takeout Extracted\Takeout\Drive\Pictures\2011\Keegan_s staph infection-Jan 23, 2011 (5).JPG",1543678,2013-02-28 08:42:36,SkippedExisting
C:\Users\thoma\Documents\Cyber Crimes Tools\Takeout Zips\takeout-20260602T071913Z-11-011.zip,takeout-20260602T071913Z-11-011.zip,Takeout/Drive/Pictures/2011/Mommy and Elijah go to St. Augustine-Feb 2011.JPG,C:\Users\thoma\Documents\Cyber Crimes Tools\Takeout Extracted\Takeout\Drive\Pictures\2011\Mommy and Elijah go to St. Augustine-Feb 2011.JPG,1033201,2013-02-28 10:12:56,SkippedExisting
C:\Users\thoma\Documents\Cyber Crimes Tools\Takeout Zips\takeout-20260602T071913Z-11-011.zip,takeout-20260602T071913Z-11-011.zip,Takeout/Drive/Pictures/2011/Micahs 8 yr bday (6).MOV,C:\Users\thoma\Documents\Cyber Crimes Tools\Takeout Extracted\Takeout\Drive\Pictures\2011\Micahs 8 yr bday (6).MOV,99667917,2013-02-28 09:29:26,SkipLargeMediaEvenIfNamed
C:\Users\thoma\Documents\Cyber Crimes Tools\Takeout Zips\takeout-20260602T071913Z-11-011.zip,takeout-20260602T071913Z-11-011.zip,Takeout/Drive/Pictures/2010/new pics 398.jpg,C:\Users\thoma\Documents\Cyber Crimes Tools\Takeout Extracted\Takeout\Drive\Pictures\2010\new pics 398.jpg,881563,2013-02-27 14:43:02,SkippedExisting
C:\Users\thoma\Documents\Cyber Crimes Tools\Takeout Zips\takeout-20260602T071913Z-11-011.zip,takeout-20260602T071913Z-11-011.zip,"Takeout/Drive/Pictures/2011/Keegan_s staph infection-Jan 23, 2011 (4).JPG","C:\Users\thoma\Documents\Cyber Crimes Tools\Takeout Extracted\Takeout\Drive\Pictures\2011\Keegan_s staph infection-Jan 23, 2011 (4).JPG",1522722,2013-02-28 08:42:28,SkippedExisting
C:\Users\thoma\Documents\Cyber Crimes Tools\Takeout Zips\takeout-20260602T071913Z-11-011.zip,takeout-20260602T071913Z-11-011.zip,Takeout/Drive/Pictures/2011/Micahs 8 yr bday (1).MOV,C:\Users\thoma\Documents\Cyber Crimes Tools\Takeout Extracted\Takeout\Drive\Pictures\2011\Micahs 8 yr bday (1).MOV,2493644,2013-02-28 09:15:48,SkippedExisting
C:\Users\thoma\Documents\Cyber Crimes Tools\Takeout Zips\takeout-20260602T071913Z-11-011.zip,takeout-20260602T071913Z-11-011.zip,Takeout/Drive/Pictures/2011/Micahs 8 yr bday (1).JPG,C:\Users\thoma\Documents\Cyber Crimes Tools\Takeout Extracted\Takeout\Drive\Pictures\2011\Micahs 8 yr bday (1).JPG,1566729,2013-02-28 09:15:40,SkippedExisting
C:\Users\thoma\Documents\Cyber Crimes Tools\Takeout Zips\takeout-20260602T071913Z-11-011.zip,takeout-20260602T071913Z-11-011.zip,Takeout/Drive/Pictures/2010/new pics 396.jpg,C:\Users\thoma\Documents\Cyber Crimes Tools\Takeout Extracted\Takeout\Drive\Pictures\2010\new pics 396.jpg,825324,2013-02-27 14:42:58,SkippedExisting
C:\Users\thoma\Documents\Cyber Crimes Tools\Takeout Zips\takeout-20260602T071913Z-11-011.zip,takeout-20260602T071913Z-11-011.zip,Takeout/Drive/Pictures/2011/MOV01875.MPG,C:\Users\thoma\Documents\Cyber Crimes Tools\Takeout Extracted\Takeout\Drive\Pictures\2011\MOV01875.MPG,10078957,2013-02-28 10:13:32,SkippedExisting
C:\Users\thoma\Documents\Cyber Crimes Tools\Takeout Zips\takeout-20260602T071913Z-11-011.zip,takeout-20260602T071913Z-11-011.zip,Takeout/Drive/Pictures/2010/What_s in the cookie jar project (7).JPG,C:\Users\thoma\Documents\Cyber Crimes Tools\Takeout Extracted\Takeout\Drive\Pictures\2010\What_s in the cookie jar project (7).JPG,2405596,2013-02-27 17:47:34,SkippedExisting
C:\Users\thoma\Documents\Cyber Crimes Tools\Takeout Zips\takeout-20260602T071913Z-11-011.zip,takeout-20260602T071913Z-11-011.zip,Takeout/Drive/Pictures/2010/new pics 395.jpg,C:\Users\thoma\Documents\Cyber Crimes Tools\Takeout Extracted\Takeout\Drive\Pictures\2010\new pics 395.jpg,825674,2013-02-27 14:42:46,SkippedExisting
C:\Users\thoma\Documents\Cyber Crimes Tools\Takeout Zips\takeout-20260602T071913Z-11-011.zip,takeout-20260602T071913Z-11-011.zip,Takeout/Drive/Pictures/2011/Marine Center (9).JPG,C:\Users\thoma\Documents\Cyber Crimes Tools\Takeout Extracted\Takeout\Drive\Pictures\2011\Marine Center (9).JPG,908353,2013-02-28 09:15:32,SkippedExisting
C:\Users\thoma\Documents\Cyber Crimes Tools\Takeout Zips\takeout-20260602T071913Z-11-011.zip,takeout-20260602T071913Z-11-011.zip,Takeout/Drive/Pictures/2011/Marine Center (8).JPG,C:\Users\thoma\Documents\Cyber Crimes Tools\Takeout Extracted\Takeout\Drive\Pictures\2011\Marine Center (8).JPG,800168,2013-02-28 09:15:28,SkippedExisting
C:\Users\thoma\Documents\Cyber Crimes Tools\Takeout Zips\takeout-20260602T071913Z-11-011.zip,takeout-20260602T071913Z-11-011.zip,Takeout/Drive/Pictures/2010/new pics 392.jpg,C:\Users\thoma\Documents\Cyber Crimes Tools\Takeout Extracted\Takeout\Drive\Pictures\2010\new pics 392.jpg,750735,2013-02-27 14:42:40,SkippedExisting
C:\Users\thoma\Documents\Cyber Crimes Tools\Takeout Zips\takeout-20260602T071913Z-11-011.zip,takeout-20260602T071913Z-11-011.zip,Takeout/Drive/Pictures/2010/new pics 388.jpg,C:\Users\thoma\Documents\Cyber Crimes Tools\Takeout Extracted\Takeout\Drive\Pictures\2010\new pics 388.jpg,1136291,2013-02-27 14:42:32,SkippedExisting
C:\Users\thoma\Documents\Cyber Crimes Tools\Takeout Zips\takeout-20260602T071913Z-11-011.zip,takeout-20260602T071913Z-11-011.zip,Takeout/Drive/Pictures/2011/Marine Center (7).JPG,C:\Users\thoma\Documents\Cyber Crimes Tools\Takeout Extracted\Takeout\Drive\Pictures\2011\Marine Center (7).JPG,762945,2013-02-28 09:15:24,SkippedExisting
C:\Users\thoma\Documents\Cyber Crimes Tools\Takeout Zips\takeout-20260602T071913Z-11-011.zip,takeout-20260602T071913Z-11-011.zip,Takeout/Drive/Pictures/2010/new pics 385.jpg,C:\Users\thoma\Documents\Cyber Crimes Tools\Takeout Extracted\Takeout\Drive\Pictures\2010\new pics 385.jpg,838393,2013-02-27 14:42:22,SkippedExisting
C:\Users\thoma\Documents\Cyber Crimes Tools\Takeout Zips\takeout-20260602T071913Z-11-011.zip,takeout-20260602T071913Z-11-011.zip,Takeout/Drive/Pictures/2011/Marine Center (5).JPG,C:\Users\thoma\Documents\Cyber Crimes Tools\Takeout Extracted\Takeout\Drive\Pictures\2011\Marine Center (5).JPG,999975,2013-02-28 09:15:16,SkippedExisting
C:\Users\thoma\Documents\Cyber Crimes Tools\Takeout Zips\takeout-20260602T071913Z-11-011.zip,takeout-20260602T071913Z-11-011.zip,Takeout/Drive/Pictures/2010/new pics 386.jpg,C:\Users\thoma\Documents\Cyber Crimes Tools\Takeout Extracted\Takeout\Drive\Pictures\2010\new pics 386.jpg,804080,2013-02-27 14:42:26,SkippedExisting
C:\Users\thoma\Documents\Cyber Crimes Tools\Takeout Zips\takeout-20260602T071913Z-11-011.zip,takeout-20260602T071913Z-11-011.zip,Takeout/Drive/Pictures/2010/new pics 380.jpg,C:\Users\thoma\Documents\Cyber Crimes Tools\Takeout Extracted\Takeout\Drive\Pictures\2010\new pics 380.jpg,825008,2013-02-27 14:42:00,SkippedExisting
C:\Users\thoma\Documents\Cyber Crimes Tools\Takeout Zips\takeout-20260602T071913Z-11-011.zip,takeout-20260602T071913Z-11-011.zip,Takeout/Drive/Pictures/2010/new pics 390.jpg,C:\Users\thoma\Documents\Cyber Crimes Tools\Takeout Extracted\Takeout\Drive\Pictures\2010\new pics 390.jpg,790809,2013-02-27 14:42:36,SkippedExisting
C:\Users\thoma\Documents\Cyber Crimes Tools\Takeout Zips\takeout-20260602T071913Z-11-011.zip,takeout-20260602T071913Z-11-011.zip,Takeout/Drive/Pictures/2009/Trip To Oregon 2009/Train to Oregon Oct 2009 (9).JPG,C:\Users\thoma\Documents\Cyber Crimes Tools\Takeout Extracted\Takeout\Drive\Pictures\2009\Trip To Oregon 2009\Train to Oregon Oct 2009 (9).JPG,1985853,2013-02-27 12:35:18,SkippedExisting
C:\Users\thoma\Documents\Cyber Crimes Tools\Takeout Zips\takeout-20260602T071913Z-11-011.zip,takeout-20260602T071913Z-11-011.zip,Takeout/Drive/Pictures/2010/What_s in the cookie jar project (11).JPG,C:\Users\thoma\Documents\Cyber Crimes Tools\Takeout Extracted\Takeout\Drive\Pictures\2010\What_s in the cookie jar project (11).JPG,2445864,2013-02-27 17:45:32,SkippedExisting
C:\Users\thoma\Documents\Cyber Crimes Tools\Takeout Zips\takeout-20260602T071913Z-11-011.zip,takeout-20260602T071913Z-11-011.zip,Takeout/Drive/Pictures/2009/2009 013.jpg,C:\Users\thoma\Documents\Cyber Crimes Tools\Takeout Extracted\Takeout\Drive\Pictures\2009\2009 013.jpg,855650,2013-02-27 11:03:08,SkippedExisting
C:\Users\thoma\Documents\Cyber Crimes Tools\Takeout Zips\takeout-20260602T071913Z-11-011.zip,takeout-20260602T071913Z-11-011.zip,Takeout/Drive/Pictures/2011/Nov 12 2011 (4).JPG,C:\Users\thoma\Documents\Cyber Crimes Tools\Takeout Extracted\Takeout\Drive\Pictures\2011\Nov 12 2011 (4).JPG,1822636,2013-02-28 11:10:36,SkippedExisting
C:\Users\thoma\Documents\Cyber Crimes Tools\Takeout Zips\takeout-20260602T071913Z-11-011.zip,takeout-20260602T071913Z-11-011.zip,Takeout/Drive/Pictures/2011/Marine Center (4).JPG,C:\Users\thoma\Documents\Cyber Crimes Tools\Takeout Extracted\Takeout\Drive\Pictures\2011\Marine Center (4).JPG,1174354,2013-02-28 09:09:00,SkippedExisting
C:\Users\thoma\Documents\Cyber Crimes Tools\Takeout Zips\takeout-20260602T071913Z-11-011.zip,takeout-20260602T071913Z-11-011.zip,Takeout/Drive/Pictures/2011/Marine Center (3).MOV,C:\Users\thoma\Documents\Cyber Crimes Tools\Takeout Extracted\Takeout\Drive\Pictures\2011\Marine Center (3).MOV,71791886,2013-02-28 09:08:52,SkipLargeMediaEvenIfNamed
C:\Users\thoma\Documents\Cyber Crimes Tools\Takeout Zips\takeout-20260602T071913Z-11-011.zip,takeout-20260602T071913Z-11-011.zip,Takeout/Drive/Pictures/2011/Marine Center (4).MOV,C:\Users\thoma\Documents\Cyber Crimes Tools\Takeout Extracted\Takeout\Drive\Pictures\2011\Marine Center (4).MOV,115804072,2013-02-28 09:15:10,SkipLargeMediaEvenIfNamed
C:\Users\thoma\Documents\Cyber Crimes Tools\Takeout Zips\takeout-20260602T071913Z-11-011.zip,takeout-20260602T071913Z-11-011.zip,Takeout/Drive/Pictures/2010/playtime - Sep 2010 (10).JPG,C:\Users\thoma\Documents\Cyber Crimes Tools\Takeout Extracted\Takeout\Drive\Pictures\2010\playtime - Sep 2010 (10).JPG,995411,2013-02-27 17:01:34,SkippedExisting
C:\Users\thoma\Documents\Cyber Crimes Tools\Takeout Zips\takeout-20260602T071913Z-11-011.zip,takeout-20260602T071913Z-11-011.zip,Takeout/Drive/Bahama House - iHotelier Web Audit(1).pptx,C:\Users\thoma\Documents\Cyber Crimes Tools\Takeout Extracted\Takeout\Drive\Bahama House - iHotelier Web Audit(1).pptx,2549445,2016-03-03 20:19:46,SkippedExisting
C:\Users\thoma\Documents\Cyber Crimes Tools\Takeout Zips\takeout-20260602T071913Z-11-011.zip,takeout-20260602T071913Z-11-011.zip,Takeout/Drive/RefundPolicy.pdf,C:\Users\thoma\Documents\Cyber Crimes Tools\Takeout Extracted\Takeout\Drive\RefundPolicy.pdf,2762886,2020-07-02 11:22:44,SkippedExisting
C:\Users\thoma\Documents\Cyber Crimes Tools\Takeout Zips\takeout-20260602T071913Z-11-011.zip,takeout-20260602T071913Z-11-011.zip,Takeout/Drive/Pictures/2010/October 2010 (22).JPG,C:\Users\thoma\Documents\Cyber Crimes Tools\Takeout Extracted\Takeout\Drive\Pictures\2010\October 2010 (22).JPG,937496,2013-02-27 16:53:52,SkippedExisting
C:\Users\thoma\Documents\Cyber Crimes Tools\Takeout Zips\takeout-20260602T071913Z-11-011.zip,takeout-20260602T071913Z-11-011.zip,Takeout/Drive/Copy of Helo_BusinessPlan_May_2019_Edits.docx,C:\Users\thoma\Documents\Cyber Crimes Tools\Takeout Extracted\Takeout\Drive\Copy of Helo_BusinessPlan_May_2019_Edits.docx,1288402,2019-06-26 20:20:02,SkippedExisting
C:\Users\thoma\Documents\Cyber Crimes Tools\Takeout Zips\takeout-20260602T071913Z-11-011.zip,takeout-20260602T071913Z-11-011.zip,"Takeout/Drive/Pictures/2011/Spruce Creek Park Feb, 2011 (19).JPG","C:\Users\thoma\Documents\Cyber Crimes Tools\Takeout Extracted\Takeout\Drive\Pictures\2011\Spruce Creek Park Feb, 2011 (19).JPG",1758560,2013-02-28 11:25:42,SkippedExisting
C:\Users\thoma\Documents\Cyber Crimes Tools\Takeout Zips\takeout-20260602T071913Z-11-011.zip,takeout-20260602T071913Z-11-011.zip,Takeout/Drive/MOU 1000 MW Uttar Pradesh.pdf,C:\Users\thoma\Documents\Cyber Crimes Tools\Takeout Extracted\Takeout\Drive\MOU 1000 MW Uttar Pradesh.pdf,1052796,2019-03-02 11:13:18,SkippedExisting
C:\Users\thoma\Documents\Cyber Crimes Tools\Takeout Zips\takeout-20260602T071913Z-11-011.zip,takeout-20260602T071913Z-11-011.zip,Takeout/Drive/Pictures/2011/Nov 8 2011 (9).JPG,C:\Users\thoma\Documents\Cyber Crimes Tools\Takeout Extracted\Takeout\Drive\Pictures\2011\Nov 8 2011 (9).JPG,1199577,2013-02-28 11:20:28,SkippedExisting
C:\Users\thoma\Documents\Cyber Crimes Tools\Takeout Zips\takeout-20260602T071913Z-11-011.zip,takeout-20260602T071913Z-11-011.zip,Takeout/Drive/GenealogyReport.csv,C:\Users\thoma\Documents\Cyber Crimes Tools\Takeout Extracted\Takeout\Drive\GenealogyReport.csv,1988072,2018-04-12 20:36:48,SkippedExisting
C:\Users\thoma\Documents\Cyber Crimes Tools\Takeout Zips\takeout-20260602T071913Z-11-011.zip,takeout-20260602T071913Z-11-011.zip,Takeout/Drive/Pictures/2010/Road trip to Fl with Kameron-Nov 2010 (1).MOV,C:\Users\thoma\Documents\Cyber Crimes Tools\Takeout Extracted\Takeout\Drive\Pictures\2010\Road trip to Fl with Kameron-Nov 2010 (1).MOV,4227775,2013-02-27 17:41:18,SkippedExisting
C:\Users\thoma\Documents\Cyber Crimes Tools\Takeout Zips\takeout-20260602T071913Z-11-011.zip,takeout-20260602T071913Z-11-011.zip,Takeout/Drive/Pictures/2010/What_s in the cookie jar project (6).JPG,C:\Users\thoma\Documents\Cyber Crimes Tools\Takeout Extracted\Takeout\Drive\Pictures\2010\What_s in the cookie jar project (6).JPG,2690164,2013-02-27 17:47:26,SkippedExisting
C:\Users\thoma\Documents\Cyber Crimes Tools\Takeout Zips\takeout-20260602T071913Z-11-011.zip,takeout-20260602T071913Z-11-011.zip,Takeout/Drive/Pictures/2011/Nov 12 2011 (38).JPG,C:\Users\thoma\Documents\Cyber Crimes Tools\Takeout Extracted\Takeout\Drive\Pictures\2011\Nov 12 2011 (38).JPG,1307599,2013-02-28 11:10:14,SkippedExisting
C:\Users\thoma\Documents\Cyber Crimes Tools\Takeout Zips\takeout-20260602T071913Z-11-011.zip,takeout-20260602T071913Z-11-011.zip,Takeout/Drive/Pictures/2011/Nov 12 2011 (31).JPG,C:\Users\thoma\Documents\Cyber Crimes Tools\Takeout Extracted\Takeout\Drive\Pictures\2011\Nov 12 2011 (31).JPG,1572825,2013-02-28 11:09:42,SkippedExisting
C:\Users\thoma\Documents\Cyber Crimes Tools\Takeout Zips\takeout-20260602T071913Z-11-011.zip,takeout-20260602T071913Z-11-011.zip,Takeout/Drive/Pictures/2011/Nov 12 2011 (39).JPG,C:\Users\thoma\Documents\Cyber Crimes Tools\Takeout Extracted\Takeout\Drive\Pictures\2011\Nov 12 2011 (39).JPG,1163405,2013-02-28 11:10:24,SkippedExisting
C:\Users\thoma\Documents\Cyber Crimes Tools\Takeout Zips\takeout-20260602T071913Z-11-011.zip,takeout-20260602T071913Z-11-011.zip,Takeout/Drive/Pictures/2010/Race track - Dec 2010 (9).JPG,C:\Users\thoma\Documents\Cyber Crimes Tools\Takeout Extracted\Takeout\Drive\Pictures\2010\Race track - Dec 2010 (9).JPG,1322129,2013-02-27 17:40:58,SkippedExisting
C:\Users\thoma\Documents\Cyber Crimes Tools\Takeout Zips\takeout-20260602T071913Z-11-011.zip,takeout-20260602T071913Z-11-011.zip,Takeout/Drive/Pictures/2009/Trip To Oregon 2009/Train to Oregon Oct 2009 (8).JPG,C:\Users\thoma\Documents\Cyber Crimes Tools\Takeout Extracted\Takeout\Drive\Pictures\2009\Trip To Oregon 2009\Train to Oregon Oct 2009 (8).JPG,2603702,2013-02-27 12:35:10,SkippedExisting
C:\Users\thoma\Documents\Cyber Crimes Tools\Takeout Zips\takeout-20260602T071913Z-11-011.zip,takeout-20260602T071913Z-11-011.zip,Takeout/Drive/SCN1584405032737.pdf,C:\Users\thoma\Documents\Cyber Crimes Tools\Takeout Extracted\Takeout\Drive\SCN1584405032737.pdf,1426540,2020-03-16 17:30:32,SkippedExisting
C:\Users\thoma\Documents\Cyber Crimes Tools\Takeout Zips\takeout-20260602T071913Z-11-011.zip,takeout-20260602T071913Z-11-011.zip,Takeout/Drive/Kula Yoga/IMG_0236.JPG,C:\Users\thoma\Documents\Cyber Crimes Tools\Takeout Extracted\Takeout\Drive\Kula Yoga\IMG_0236.JPG,1062921,2016-06-28 13:10:56,SkippedExisting
C:\Users\thoma\Documents\Cyber Crimes Tools\Takeout Zips\takeout-20260602T071913Z-11-011.zip,takeout-20260602T071913Z-11-011.zip,Takeout/Drive/Pictures/2010/new pics 372.jpg,C:\Users\thoma\Documents\Cyber Crimes Tools\Takeout Extracted\Takeout\Drive\Pictures\2010\new pics 372.jpg,905296,2013-02-27 14:41:42,SkippedExisting
C:\Users\thoma\Documents\Cyber Crimes Tools\Takeout Zips\takeout-20260602T071913Z-11-011.zip,takeout-20260602T071913Z-11-011.zip,Takeout/Drive/Retail Customers All FB Custom List.xlsx,C:\Users\thoma\Documents\Cyber Crimes Tools\Takeout Extracted\Takeout\Drive\Retail Customers All FB Custom List.xlsx,10876,2014-03-30 13:12:30,SkippedExisting
C:\Users\thoma\Documents\Cyber Crimes Tools\Takeout Zips\takeout-20260602T071913Z-11-011.zip,takeout-20260602T071913Z-11-011.zip,Takeout/Drive/ent_fish_co_sb_cust_db_3.24.11_final.xlsx,C:\Users\thoma\Documents\Cyber Crimes Tools\Takeout Extracted\Takeout\Drive\ent_fish_co_sb_cust_db_3.24.11_final.xlsx,262854,2011-03-25 06:11:42,SkippedExisting
C:\Users\thoma\Documents\Cyber Crimes Tools\Takeout Zips\takeout-20260602T071913Z-11-011.zip,takeout-20260602T071913Z-11-011.zip,Takeout/Drive/Pictures/2010/new pics 340.jpg,C:\Users\thoma\Documents\Cyber Crimes Tools\Takeout Extracted\Takeout\Drive\Pictures\2010\new pics 340.jpg,30946,2013-02-27 14:40:38,SkippedExisting
C:\Users\thoma\Documents\Cyber Crimes Tools\Takeout Zips\takeout-20260602T071913Z-11-011.zip,takeout-20260602T071913Z-11-011.zip,Takeout/Drive/Pictures/2010/new pics 342.jpg,C:\Users\thoma\Documents\Cyber Crimes Tools\Takeout Extracted\Takeout\Drive\Pictures\2010\new pics 342.jpg,29947,2013-02-27 14:40:44,SkippedExisting
C:\Users\thoma\Documents\Cyber Crimes Tools\Takeout Zips\takeout-20260602T071913Z-11-011.zip,takeout-20260602T071913Z-11-011.zip,Takeout/Drive/Pictures/2010/new pics 327.jpg,C:\Users\thoma\Documents\Cyber Crimes Tools\Takeout Extracted\Takeout\Drive\Pictures\2010\new pics 327.jpg,23310,2013-02-27 14:40:34,SkippedExisting
C:\Users\thoma\Documents\Cyber Crimes Tools\Takeout Zips\takeout-20260602T071913Z-11-011.zip,takeout-20260602T071913Z-11-011.zip,Takeout/Drive/Pictures/2010/new pics 325.jpg,C:\Users\thoma\Documents\Cyber Crimes Tools\Takeout Extracted\Takeout\Drive\Pictures\2010\new pics 325.jpg,19529,2013-02-27 14:40:28,SkippedExisting
C:\Users\thoma\Documents\Cyber Crimes Tools\Takeout Zips\takeout-20260602T071913Z-11-011.zip,takeout-20260602T071913Z-11-011.zip,Takeout/Drive/Abhishek Gupta/Order Tracking.xlsx,C:\Users\thoma\Documents\Cyber Crimes Tools\Takeout Extracted\Takeout\Drive\Abhishek Gupta\Order Tracking.xlsx,50266,2020-02-05 11:28:38,SkippedExisting
C:\Users\thoma\Documents\Cyber Crimes Tools\Takeout Zips\takeout-20260602T071913Z-11-011.zip,takeout-20260602T071913Z-11-011.zip,Takeout/Drive/Pictures/2010/new pics 348.jpg,C:\Users\thoma\Documents\Cyber Crimes Tools\Takeout Extracted\Takeout\Drive\Pictures\2010\new pics 348.jpg,25682,2013-02-27 14:41:00,SkippedExisting
C:\Users\thoma\Documents\Cyber Crimes Tools\Takeout Zips\takeout-20260602T071913Z-11-011.zip,takeout-20260602T071913Z-11-011.zip,Takeout/Drive/Pictures/2010/new pics 314.jpg,C:\Users\thoma\Documents\Cyber Crimes Tools\Takeout Extracted\Takeout\Drive\Pictures\2010\new pics 314.jpg,21542,2013-02-27 14:40:04,SkippedExisting
C:\Users\thoma\Documents\Cyber Crimes Tools\Takeout Zips\takeout-20260602T071913Z-11-011.zip,takeout-20260602T071913Z-11-011.zip,Takeout/Drive/Nerium Keywords.xlsx,C:\Users\thoma\Documents\Cyber Crimes Tools\Takeout Extracted\Takeout\Drive\Nerium Keywords.xlsx,5318,2015-04-21 19:02:50,SkippedExisting
C:\Users\thoma\Documents\Cyber Crimes Tools\Takeout Zips\takeout-20260602T071913Z-11-011.zip,takeout-20260602T071913Z-11-011.zip,Takeout/Drive/Abhishek Gupta/item-sales-summary-2020-01-28-2020-01-28.csv,C:\Users\thoma\Documents\Cyber Crimes Tools\Takeout Extracted\Takeout\Drive\Abhishek Gupta\item-sales-summary-2020-01-28-2020-01-28.csv,373,2020-01-28 14:32:28,SkippedExisting
