SourceZip,SourceZipFilename,EntryPath,ExtractedPath,EntrySize,EntryModified,ExtractedStatus
C:\Users\thoma\Documents\Cyber Crimes Tools\Takeout Zips\takeout-20260602T071913Z-11-007.zip,takeout-20260602T071913Z-11-007.zip,Takeout/Drive/Movies/OceanGrandFamilyJuicing.MP4,C:\Users\thoma\Documents\Cyber Crimes Tools\Takeout Extracted\Takeout\Drive\Movies\OceanGrandFamilyJuicing.MP4,1207348437,2016-08-04 20:31:52,Extracted
C:\Users\thoma\Documents\Cyber Crimes Tools\Takeout Zips\takeout-20260602T071913Z-11-007.zip,takeout-20260602T071913Z-11-007.zip,Takeout/Drive/Hurd Family Legal/July 11 Trial/VMC-Part5.mp4,C:\Users\thoma\Documents\Cyber Crimes Tools\Takeout Extracted\Takeout\Drive\Hurd Family Legal\July 11 Trial\VMC-Part5.mp4,1122939252,2023-07-08 08:26:28,Extracted
C:\Users\thoma\Documents\Cyber Crimes Tools\Takeout Zips\takeout-20260602T071913Z-11-007.zip,takeout-20260602T071913Z-11-007.zip,Takeout/Drive/Hurd Family Legal/July 11 Trial/20210514_082914.mp4,C:\Users\thoma\Documents\Cyber Crimes Tools\Takeout Extracted\Takeout\Drive\Hurd Family Legal\July 11 Trial\20210514_082914.mp4,1615384405,2023-07-08 08:25:42,Extracted
C:\Users\thoma\Documents\Cyber Crimes Tools\Takeout Zips\takeout-20260602T071913Z-11-007.zip,takeout-20260602T071913Z-11-007.zip,Takeout/Drive/Nicolle Special Needs Trust.pdf,C:\Users\thoma\Documents\Cyber Crimes Tools\Takeout Extracted\Takeout\Drive\Nicolle Special Needs Trust.pdf,692489,2014-02-04 10:04:50,Extracted
C:\Users\thoma\Documents\Cyber Crimes Tools\Takeout Zips\takeout-20260602T071913Z-11-007.zip,takeout-20260602T071913Z-11-007.zip,Takeout/Drive/AmouponSketch.jpg,C:\Users\thoma\Documents\Cyber Crimes Tools\Takeout Extracted\Takeout\Drive\AmouponSketch.jpg,2293845,2014-01-30 12:37:54,Extracted
C:\Users\thoma\Documents\Cyber Crimes Tools\Takeout Zips\takeout-20260602T071913Z-11-007.zip,takeout-20260602T071913Z-11-007.zip,Takeout/Drive/inside.jpg,C:\Users\thoma\Documents\Cyber Crimes Tools\Takeout Extracted\Takeout\Drive\inside.jpg,203945,2014-01-24 09:44:42,Extracted
C:\Users\thoma\Documents\Cyber Crimes Tools\Takeout Zips\takeout-20260602T071913Z-11-007.zip,takeout-20260602T071913Z-11-007.zip,Takeout/Drive/Out side.jpg,C:\Users\thoma\Documents\Cyber Crimes Tools\Takeout Extracted\Takeout\Drive\Out side.jpg,182773,2014-01-24 09:44:42,Extracted
C:\Users\thoma\Documents\Cyber Crimes Tools\Takeout Zips\takeout-20260602T071913Z-11-007.zip,takeout-20260602T071913Z-11-007.zip,Takeout/Drive/AmouponTrackScribe1.mp3,C:\Users\thoma\Documents\Cyber Crimes Tools\Takeout Extracted\Takeout\Drive\AmouponTrackScribe1.mp3,2061446,2014-01-17 14:49:46,Extracted
C:\Users\thoma\Documents\Cyber Crimes Tools\Takeout Zips\takeout-20260602T071913Z-11-007.zip,takeout-20260602T071913Z-11-007.zip,Takeout/Drive/image.png,C:\Users\thoma\Documents\Cyber Crimes Tools\Takeout Extracted\Takeout\Drive\image.png,229376,2014-01-14 17:53:34,Extracted
C:\Users\thoma\Documents\Cyber Crimes Tools\Takeout Zips\takeout-20260602T071913Z-11-007.zip,takeout-20260602T071913Z-11-007.zip,Takeout/Drive/MorganPirate.jpg,C:\Users\thoma\Documents\Cyber Crimes Tools\Takeout Extracted\Takeout\Drive\MorganPirate.jpg,3280880,2013-12-18 16:07:00,Extracted
C:\Users\thoma\Documents\Cyber Crimes Tools\Takeout Zips\takeout-20260602T071913Z-11-007.zip,takeout-20260602T071913Z-11-007.zip,Takeout/Drive/COMPLAINT.docx,C:\Users\thoma\Documents\Cyber Crimes Tools\Takeout Extracted\Takeout\Drive\COMPLAINT.docx,50936,2013-12-09 19:47:12,Extracted
C:\Users\thoma\Documents\Cyber Crimes Tools\Takeout Zips\takeout-20260602T071913Z-11-007.zip,takeout-20260602T071913Z-11-007.zip,Takeout/Drive/GenealogyReport.csv.xlsx,C:\Users\thoma\Documents\Cyber Crimes Tools\Takeout Extracted\Takeout\Drive\GenealogyReport.csv.xlsx,1026326,2018-04-13 09:55:36,Extracted
C:\Users\thoma\Documents\Cyber Crimes Tools\Takeout Zips\takeout-20260602T071913Z-11-007.zip,takeout-20260602T071913Z-11-007.zip,Takeout/Drive/Keegan Hurd’s Video Resume For BeLive.docx,C:\Users\thoma\Documents\Cyber Crimes Tools\Takeout Extracted\Takeout\Drive\Keegan Hurd’s Video Resume For BeLive.docx,766274,2020-10-04 16:42:26,Extracted
C:\Users\thoma\Documents\Cyber Crimes Tools\Takeout Zips\takeout-20260602T071913Z-11-007.zip,takeout-20260602T071913Z-11-007.zip,Takeout/Drive/KeeganHurdIDandCCback.jpg,C:\Users\thoma\Documents\Cyber Crimes Tools\Takeout Extracted\Takeout\Drive\KeeganHurdIDandCCback.jpg,3299577,2013-11-13 09:43:54,Extracted
C:\Users\thoma\Documents\Cyber Crimes Tools\Takeout Zips\takeout-20260602T071913Z-11-007.zip,takeout-20260602T071913Z-11-007.zip,Takeout/Drive/KeeganHurdIDandCC.jpg,C:\Users\thoma\Documents\Cyber Crimes Tools\Takeout Extracted\Takeout\Drive\KeeganHurdIDandCC.jpg,2871690,2013-11-13 09:43:54,Extracted
C:\Users\thoma\Documents\Cyber Crimes Tools\Takeout Zips\takeout-20260602T071913Z-11-007.zip,takeout-20260602T071913Z-11-007.zip,"Takeout/Drive/12-26-75/10 Ep. 10 The Visalia Ransacker, Part Three.mp3","C:\Users\thoma\Documents\Cyber Crimes Tools\Takeout Extracted\Takeout\Drive\12-26-75\10 Ep. 10 The Visalia Ransacker, Part Three.mp3",41918326,2017-06-08 11:37:36,Extracted
C:\Users\thoma\Documents\Cyber Crimes Tools\Takeout Zips\takeout-20260602T071913Z-11-007.zip,takeout-20260602T071913Z-11-007.zip,Takeout/Drive/Kula Yoga/IMG_0216.JPG,C:\Users\thoma\Documents\Cyber Crimes Tools\Takeout Extracted\Takeout\Drive\Kula Yoga\IMG_0216.JPG,892677,2016-06-28 13:05:56,Extracted
C:\Users\thoma\Documents\Cyber Crimes Tools\Takeout Zips\takeout-20260602T071913Z-11-007.zip,takeout-20260602T071913Z-11-007.zip,Takeout/Drive/VIOLATION OF COURT ORDER.docx,C:\Users\thoma\Documents\Cyber Crimes Tools\Takeout Extracted\Takeout\Drive\VIOLATION OF COURT ORDER.docx,908138,2020-04-28 16:48:34,Extracted
C:\Users\thoma\Documents\Cyber Crimes Tools\Takeout Zips\takeout-20260602T071913Z-11-007.zip,takeout-20260602T071913Z-11-007.zip,Takeout/Drive/SCN1602432079641.docx,C:\Users\thoma\Documents\Cyber Crimes Tools\Takeout Extracted\Takeout\Drive\SCN1602432079641.docx,16257,2020-10-11 09:01:56,Extracted
C:\Users\thoma\Documents\Cyber Crimes Tools\Takeout Zips\takeout-20260602T071913Z-11-007.zip,takeout-20260602T071913Z-11-007.zip,Takeout/Drive/Movies/VIDEO_TS/VTS_02_0.BUP,C:\Users\thoma\Documents\Cyber Crimes Tools\Takeout Extracted\Takeout\Drive\Movies\VIDEO_TS\VTS_02_0.BUP,18432,2011-03-14 18:03:28,Extracted
C:\Users\thoma\Documents\Cyber Crimes Tools\Takeout Zips\takeout-20260602T071913Z-11-007.zip,takeout-20260602T071913Z-11-007.zip,Takeout/Drive/Analytics Quantus Cross Domain Default Setting.xlsx,C:\Users\thoma\Documents\Cyber Crimes Tools\Takeout Extracted\Takeout\Drive\Analytics Quantus Cross Domain Default Setting.xlsx,39633,2016-07-06 20:48:10,Extracted
C:\Users\thoma\Documents\Cyber Crimes Tools\Takeout Zips\takeout-20260602T071913Z-11-007.zip,takeout-20260602T071913Z-11-007.zip,Takeout/Drive/Torah-Audio/Deuteronomy 1-1-3-22.mp3,C:\Users\thoma\Documents\Cyber Crimes Tools\Takeout Extracted\Takeout\Drive\Torah-Audio\Deuteronomy 1-1-3-22.mp3,3643308,2014-08-02 05:05:34,Extracted
C:\Users\thoma\Documents\Cyber Crimes Tools\Takeout Zips\takeout-20260602T071913Z-11-007.zip,takeout-20260602T071913Z-11-007.zip,Takeout/Drive/Hurd Family Legal/Response to Contempt/venmo_statement (6)(1).xlsx,C:\Users\thoma\Documents\Cyber Crimes Tools\Takeout Extracted\Takeout\Drive\Hurd Family Legal\Response to Contempt\venmo_statement (6)(1).xlsx,16118,2022-07-14 15:52:20,Extracted
C:\Users\thoma\Documents\Cyber Crimes Tools\Takeout Zips\takeout-20260602T071913Z-11-007.zip,takeout-20260602T071913Z-11-007.zip,Takeout/Drive/Dr Glass Garcinia Amazon Stats.xlsx,C:\Users\thoma\Documents\Cyber Crimes Tools\Takeout Extracted\Takeout\Drive\Dr Glass Garcinia Amazon Stats.xlsx,5474,2014-08-20 18:29:54,Extracted
C:\Users\thoma\Documents\Cyber Crimes Tools\Takeout Zips\takeout-20260602T071913Z-11-007.zip,takeout-20260602T071913Z-11-007.zip,Takeout/Drive/Rainbow Lawsuit.docx,C:\Users\thoma\Documents\Cyber Crimes Tools\Takeout Extracted\Takeout\Drive\Rainbow Lawsuit.docx,322477,2024-03-15 09:20:24,Extracted
C:\Users\thoma\Documents\Cyber Crimes Tools\Takeout Zips\takeout-20260602T071913Z-11-007.zip,takeout-20260602T071913Z-11-007.zip,Takeout/Drive/Special Interogitories.docx,C:\Users\thoma\Documents\Cyber Crimes Tools\Takeout Extracted\Takeout\Drive\Special Interogitories.docx,9784,2013-12-12 12:29:02,Extracted
C:\Users\thoma\Documents\Cyber Crimes Tools\Takeout Zips\takeout-20260602T071913Z-11-007.zip,takeout-20260602T071913Z-11-007.zip,Takeout/Drive/Amazon Accounts Search And Buy.xlsx,C:\Users\thoma\Documents\Cyber Crimes Tools\Takeout Extracted\Takeout\Drive\Amazon Accounts Search And Buy.xlsx,164514,2014-06-03 00:00:52,Extracted
C:\Users\thoma\Documents\Cyber Crimes Tools\Takeout Zips\takeout-20260602T071913Z-11-007.zip,takeout-20260602T071913Z-11-007.zip,Takeout/Drive/Kula Yoga/IMG_0252.JPG,C:\Users\thoma\Documents\Cyber Crimes Tools\Takeout Extracted\Takeout\Drive\Kula Yoga\IMG_0252.JPG,1148444,2016-06-28 13:13:12,Extracted
C:\Users\thoma\Documents\Cyber Crimes Tools\Takeout Zips\takeout-20260602T071913Z-11-007.zip,takeout-20260602T071913Z-11-007.zip,Takeout/Drive/X Plane 10 Amazon.xlsx,C:\Users\thoma\Documents\Cyber Crimes Tools\Takeout Extracted\Takeout\Drive\X Plane 10 Amazon.xlsx,4427,2014-01-16 00:21:30,Extracted
C:\Users\thoma\Documents\Cyber Crimes Tools\Takeout Zips\takeout-20260602T071913Z-11-007.zip,takeout-20260602T071913Z-11-007.zip,Takeout/Drive/Amoupon Demographics Research.docx,C:\Users\thoma\Documents\Cyber Crimes Tools\Takeout Extracted\Takeout\Drive\Amoupon Demographics Research.docx,7630,2014-02-03 16:51:04,Extracted
C:\Users\thoma\Documents\Cyber Crimes Tools\Takeout Zips\takeout-20260602T071913Z-11-007.zip,takeout-20260602T071913Z-11-007.zip,Takeout/Drive/SCN1583281851965.pdf,C:\Users\thoma\Documents\Cyber Crimes Tools\Takeout Extracted\Takeout\Drive\SCN1583281851965.pdf,11847672,2020-03-03 16:30:52,Extracted
C:\Users\thoma\Documents\Cyber Crimes Tools\Takeout Zips\takeout-20260602T071913Z-11-007.zip,takeout-20260602T071913Z-11-007.zip,Takeout/Drive/Amoupon Indiegogo Script.docx,C:\Users\thoma\Documents\Cyber Crimes Tools\Takeout Extracted\Takeout\Drive\Amoupon Indiegogo Script.docx,14877,2014-01-16 18:34:00,Extracted
C:\Users\thoma\Documents\Cyber Crimes Tools\Takeout Zips\takeout-20260602T071913Z-11-007.zip,takeout-20260602T071913Z-11-007.zip,Takeout/Drive/ad text.xlsx,C:\Users\thoma\Documents\Cyber Crimes Tools\Takeout Extracted\Takeout\Drive\ad text.xlsx,54844,2014-11-25 19:52:38,Extracted
C:\Users\thoma\Documents\Cyber Crimes Tools\Takeout Zips\takeout-20260602T071913Z-11-007.zip,takeout-20260602T071913Z-11-007.zip,Takeout/Drive/Helo_HHG_BusinessPlan_Contract(2).docx,C:\Users\thoma\Documents\Cyber Crimes Tools\Takeout Extracted\Takeout\Drive\Helo_HHG_BusinessPlan_Contract(2).docx,31636,2019-06-17 10:21:56,Extracted
C:\Users\thoma\Documents\Cyber Crimes Tools\Takeout Zips\takeout-20260602T071913Z-11-007.zip,takeout-20260602T071913Z-11-007.zip,Takeout/Drive/Garcinia Cambogia Sales Page.docx,C:\Users\thoma\Documents\Cyber Crimes Tools\Takeout Extracted\Takeout\Drive\Garcinia Cambogia Sales Page.docx,8281,2013-12-02 08:07:20,Extracted
C:\Users\thoma\Documents\Cyber Crimes Tools\Takeout Zips\takeout-20260602T071913Z-11-007.zip,takeout-20260602T071913Z-11-007.zip,Takeout/Drive/Hurd Family Legal/Response to Contempt/venmo_statement (1).xlsx,C:\Users\thoma\Documents\Cyber Crimes Tools\Takeout Extracted\Takeout\Drive\Hurd Family Legal\Response to Contempt\venmo_statement (1).xlsx,9847,2022-07-14 15:51:40,Extracted
C:\Users\thoma\Documents\Cyber Crimes Tools\Takeout Zips\takeout-20260602T071913Z-11-007.zip,takeout-20260602T071913Z-11-007.zip,"Takeout/Drive/12-26-75/09 Ep. 9 The Visalia Ransacker, Part Two.mp3","C:\Users\thoma\Documents\Cyber Crimes Tools\Takeout Extracted\Takeout\Drive\12-26-75\09 Ep. 9 The Visalia Ransacker, Part Two.mp3",47360981,2017-06-08 11:36:38,Extracted
C:\Users\thoma\Documents\Cyber Crimes Tools\Takeout Zips\takeout-20260602T071913Z-11-007.zip,takeout-20260602T071913Z-11-007.zip,Takeout/Drive/Kula Yoga/IMG_0213.JPG,C:\Users\thoma\Documents\Cyber Crimes Tools\Takeout Extracted\Takeout\Drive\Kula Yoga\IMG_0213.JPG,1019498,2016-06-28 13:05:46,Extracted
C:\Users\thoma\Documents\Cyber Crimes Tools\Takeout Zips\takeout-20260602T071913Z-11-007.zip,takeout-20260602T071913Z-11-007.zip,Takeout/Drive/Amazon Reviews to post.docx,C:\Users\thoma\Documents\Cyber Crimes Tools\Takeout Extracted\Takeout\Drive\Amazon Reviews to post.docx,20460,2014-01-29 12:55:52,Extracted
C:\Users\thoma\Documents\Cyber Crimes Tools\Takeout Zips\takeout-20260602T071913Z-11-007.zip,takeout-20260602T071913Z-11-007.zip,Takeout/Drive/Amoupon Setup.docx,C:\Users\thoma\Documents\Cyber Crimes Tools\Takeout Extracted\Takeout\Drive\Amoupon Setup.docx,6743,2014-05-23 16:16:42,Extracted
C:\Users\thoma\Documents\Cyber Crimes Tools\Takeout Zips\takeout-20260602T071913Z-11-007.zip,takeout-20260602T071913Z-11-007.zip,Takeout/Drive/Helo_HHG_BusinessPlan_Contract(1).docx,C:\Users\thoma\Documents\Cyber Crimes Tools\Takeout Extracted\Takeout\Drive\Helo_HHG_BusinessPlan_Contract(1).docx,14780,2019-06-17 10:22:02,Extracted
C:\Users\thoma\Documents\Cyber Crimes Tools\Takeout Zips\takeout-20260602T071913Z-11-007.zip,takeout-20260602T071913Z-11-007.zip,Takeout/Drive/Untitled spreadsheet(27).xlsx,C:\Users\thoma\Documents\Cyber Crimes Tools\Takeout Extracted\Takeout\Drive\Untitled spreadsheet(27).xlsx,20521,2013-12-05 09:48:08,Extracted
C:\Users\thoma\Documents\Cyber Crimes Tools\Takeout Zips\takeout-20260602T071913Z-11-007.zip,takeout-20260602T071913Z-11-007.zip,Takeout/Drive/Coupon and Review Bloggers Master List.xlsx,C:\Users\thoma\Documents\Cyber Crimes Tools\Takeout Extracted\Takeout\Drive\Coupon and Review Bloggers Master List.xlsx,88864,2014-02-11 22:54:36,Extracted
C:\Users\thoma\Documents\Cyber Crimes Tools\Takeout Zips\takeout-20260602T071913Z-11-007.zip,takeout-20260602T071913Z-11-007.zip,Takeout/Drive/PartyPadNotes_070113.pdf,C:\Users\thoma\Documents\Cyber Crimes Tools\Takeout Extracted\Takeout\Drive\PartyPadNotes_070113.pdf,250998,2013-07-08 08:26:00,Extracted
C:\Users\thoma\Documents\Cyber Crimes Tools\Takeout Zips\takeout-20260602T071913Z-11-007.zip,takeout-20260602T071913Z-11-007.zip,Takeout/Drive/Copy of Amazon Export.xlsx,C:\Users\thoma\Documents\Cyber Crimes Tools\Takeout Extracted\Takeout\Drive\Copy of Amazon Export.xlsx,12220,2013-08-08 11:48:12,Extracted
C:\Users\thoma\Documents\Cyber Crimes Tools\Takeout Zips\takeout-20260602T071913Z-11-007.zip,takeout-20260602T071913Z-11-007.zip,Takeout/Drive/Victor IT/Chase8809_Activity_20190620 (1).CSV.xlsx,C:\Users\thoma\Documents\Cyber Crimes Tools\Takeout Extracted\Takeout\Drive\Victor IT\Chase8809_Activity_20190620 (1).CSV.xlsx,10714,2019-06-20 14:11:22,Extracted
C:\Users\thoma\Documents\Cyber Crimes Tools\Takeout Zips\takeout-20260602T071913Z-11-007.zip,takeout-20260602T071913Z-11-007.zip,Takeout/Drive/Hurd Family Legal/PETITIONER’S PRE-TRIAL STATEMENT.docx,C:\Users\thoma\Documents\Cyber Crimes Tools\Takeout Extracted\Takeout\Drive\Hurd Family Legal\PETITIONER’S PRE-TRIAL STATEMENT.docx,8887,2023-07-12 08:08:52,Extracted
C:\Users\thoma\Documents\Cyber Crimes Tools\Takeout Zips\takeout-20260602T071913Z-11-007.zip,takeout-20260602T071913Z-11-007.zip,Takeout/Drive/Garcinia Cambogia Search And Buy Rank Method.xlsx,C:\Users\thoma\Documents\Cyber Crimes Tools\Takeout Extracted\Takeout\Drive\Garcinia Cambogia Search And Buy Rank Method.xlsx,5934,2013-11-02 18:25:48,Extracted
C:\Users\thoma\Documents\Cyber Crimes Tools\Takeout Zips\takeout-20260602T071913Z-11-007.zip,takeout-20260602T071913Z-11-007.zip,Takeout/Drive/AndyJenkins-ASM-5-31-13-v1.pdf,C:\Users\thoma\Documents\Cyber Crimes Tools\Takeout Extracted\Takeout\Drive\AndyJenkins-ASM-5-31-13-v1.pdf,11775445,2013-06-05 14:50:34,Extracted
C:\Users\thoma\Documents\Cyber Crimes Tools\Takeout Zips\takeout-20260602T071913Z-11-007.zip,takeout-20260602T071913Z-11-007.zip,Takeout/Drive/Victor IT/account_activities_201807.xlsx,C:\Users\thoma\Documents\Cyber Crimes Tools\Takeout Extracted\Takeout\Drive\Victor IT\account_activities_201807.xlsx,4725,2018-08-24 14:18:26,Extracted
C:\Users\thoma\Documents\Cyber Crimes Tools\Takeout Zips\takeout-20260602T071913Z-11-007.zip,takeout-20260602T071913Z-11-007.zip,Takeout/Drive/Verbal_Voice Credit Card Auth Form Script.docx,C:\Users\thoma\Documents\Cyber Crimes Tools\Takeout Extracted\Takeout\Drive\Verbal_Voice Credit Card Auth Form Script.docx,7051,2020-09-03 10:07:10,Extracted
C:\Users\thoma\Documents\Cyber Crimes Tools\Takeout Zips\takeout-20260602T071913Z-11-007.zip,takeout-20260602T071913Z-11-007.zip,Takeout/Drive/BodyWraps.Net Call Stats.xlsx,C:\Users\thoma\Documents\Cyber Crimes Tools\Takeout Extracted\Takeout\Drive\BodyWraps.Net Call Stats.xlsx,10849,2013-08-04 19:21:38,Extracted
C:\Users\thoma\Documents\Cyber Crimes Tools\Takeout Zips\takeout-20260602T071913Z-11-007.zip,takeout-20260602T071913Z-11-007.zip,Takeout/Drive/Pictures/2010/Window art! Dec 2010 (9).JPG,C:\Users\thoma\Documents\Cyber Crimes Tools\Takeout Extracted\Takeout\Drive\Pictures\2010\Window art! Dec 2010 (9).JPG,1148479,2013-02-27 17:48:36,Extracted
C:\Users\thoma\Documents\Cyber Crimes Tools\Takeout Zips\takeout-20260602T071913Z-11-007.zip,takeout-20260602T071913Z-11-007.zip,Takeout/Drive/Pictures/2010/Window art! Dec 2010 (8).JPG,C:\Users\thoma\Documents\Cyber Crimes Tools\Takeout Extracted\Takeout\Drive\Pictures\2010\Window art! Dec 2010 (8).JPG,1027254,2013-02-27 17:48:30,Extracted
C:\Users\thoma\Documents\Cyber Crimes Tools\Takeout Zips\takeout-20260602T071913Z-11-007.zip,takeout-20260602T071913Z-11-007.zip,Takeout/Drive/Tom Hurd Legal/FXO Combined Account Statement - Robin Rios.pdf,C:\Users\thoma\Documents\Cyber Crimes Tools\Takeout Extracted\Takeout\Drive\Tom Hurd Legal\FXO Combined Account Statement - Robin Rios.pdf,1095435,2015-01-16 17:46:08,Extracted
C:\Users\thoma\Documents\Cyber Crimes Tools\Takeout Zips\takeout-20260602T071913Z-11-007.zip,takeout-20260602T071913Z-11-007.zip,Takeout/Drive/Pictures/2010/Window art! Dec 2010 (7).JPG,C:\Users\thoma\Documents\Cyber Crimes Tools\Takeout Extracted\Takeout\Drive\Pictures\2010\Window art! Dec 2010 (7).JPG,1014697,2013-02-27 17:48:26,Extracted
C:\Users\thoma\Documents\Cyber Crimes Tools\Takeout Zips\takeout-20260602T071913Z-11-007.zip,takeout-20260602T071913Z-11-007.zip,Takeout/Drive/Movies/VIDEO_TS/VTS_01_5.VOB,C:\Users\thoma\Documents\Cyber Crimes Tools\Takeout Extracted\Takeout\Drive\Movies\VIDEO_TS\VTS_01_5.VOB,48111616,2011-03-14 18:03:14,Extracted
C:\Users\thoma\Documents\Cyber Crimes Tools\Takeout Zips\takeout-20260602T071913Z-11-007.zip,takeout-20260602T071913Z-11-007.zip,Takeout/Drive/12-26-75/07 Ep. 7 Oscar_s Defense.mp3,C:\Users\thoma\Documents\Cyber Crimes Tools\Takeout Extracted\Takeout\Drive\12-26-75\07 Ep. 7 Oscar_s Defense.mp3,42685185,2017-06-08 11:34:42,Extracted
C:\Users\thoma\Documents\Cyber Crimes Tools\Takeout Zips\takeout-20260602T071913Z-11-007.zip,takeout-20260602T071913Z-11-007.zip,Takeout/Drive/Pictures/2009/Time with Austin and Dara Nov 2009 (2).MOV,C:\Users\thoma\Documents\Cyber Crimes Tools\Takeout Extracted\Takeout\Drive\Pictures\2009\Time with Austin and Dara Nov 2009 (2).MOV,20416883,2013-02-27 11:24:28,Extracted
C:\Users\thoma\Documents\Cyber Crimes Tools\Takeout Zips\takeout-20260602T071913Z-11-007.zip,takeout-20260602T071913Z-11-007.zip,Takeout/Drive/Pictures/2009/Time with Austin and Dara Nov 2009 (19).JPG,C:\Users\thoma\Documents\Cyber Crimes Tools\Takeout Extracted\Takeout\Drive\Pictures\2009\Time with Austin and Dara Nov 2009 (19).JPG,2675211,2013-02-27 11:23:16,Extracted
C:\Users\thoma\Documents\Cyber Crimes Tools\Takeout Zips\takeout-20260602T071913Z-11-007.zip,takeout-20260602T071913Z-11-007.zip,Takeout/Drive/Pictures/2009/Time with Austin and Dara Nov 2009 (18).JPG,C:\Users\thoma\Documents\Cyber Crimes Tools\Takeout Extracted\Takeout\Drive\Pictures\2009\Time with Austin and Dara Nov 2009 (18).JPG,2443149,2013-02-27 11:23:06,Extracted
C:\Users\thoma\Documents\Cyber Crimes Tools\Takeout Zips\takeout-20260602T071913Z-11-007.zip,takeout-20260602T071913Z-11-007.zip,Takeout/Drive/Pictures/2009/Time with Austin and Dara Nov 2009 (3).MOV,C:\Users\thoma\Documents\Cyber Crimes Tools\Takeout Extracted\Takeout\Drive\Pictures\2009\Time with Austin and Dara Nov 2009 (3).MOV,10151059,2013-02-27 11:25:10,Extracted
C:\Users\thoma\Documents\Cyber Crimes Tools\Takeout Zips\takeout-20260602T071913Z-11-007.zip,takeout-20260602T071913Z-11-007.zip,Takeout/Drive/Pictures/2009/Time with Austin and Dara Nov 2009 (17).JPG,C:\Users\thoma\Documents\Cyber Crimes Tools\Takeout Extracted\Takeout\Drive\Pictures\2009\Time with Austin and Dara Nov 2009 (17).JPG,2408430,2013-02-27 11:22:56,Extracted
C:\Users\thoma\Documents\Cyber Crimes Tools\Takeout Zips\takeout-20260602T071913Z-11-007.zip,takeout-20260602T071913Z-11-007.zip,Takeout/Drive/Pictures/2009/Time with Austin and Dara Nov 2009 (15).JPG,C:\Users\thoma\Documents\Cyber Crimes Tools\Takeout Extracted\Takeout\Drive\Pictures\2009\Time with Austin and Dara Nov 2009 (15).JPG,2390517,2013-02-27 11:22:38,Extracted
C:\Users\thoma\Documents\Cyber Crimes Tools\Takeout Zips\takeout-20260602T071913Z-11-007.zip,takeout-20260602T071913Z-11-007.zip,Takeout/Drive/Pictures/2009/Time with Austin and Dara Nov 2009 (16).JPG,C:\Users\thoma\Documents\Cyber Crimes Tools\Takeout Extracted\Takeout\Drive\Pictures\2009\Time with Austin and Dara Nov 2009 (16).JPG,2547318,2013-02-27 11:22:48,Extracted
C:\Users\thoma\Documents\Cyber Crimes Tools\Takeout Zips\takeout-20260602T071913Z-11-007.zip,takeout-20260602T071913Z-11-007.zip,Takeout/Drive/Pictures/2009/Time with Austin and Dara Nov 2009 (13).JPG,C:\Users\thoma\Documents\Cyber Crimes Tools\Takeout Extracted\Takeout\Drive\Pictures\2009\Time with Austin and Dara Nov 2009 (13).JPG,2483442,2013-02-27 11:22:20,Extracted
C:\Users\thoma\Documents\Cyber Crimes Tools\Takeout Zips\takeout-20260602T071913Z-11-007.zip,takeout-20260602T071913Z-11-007.zip,Takeout/Drive/Pictures/2009/Time with Austin and Dara Nov 2009 (14).JPG,C:\Users\thoma\Documents\Cyber Crimes Tools\Takeout Extracted\Takeout\Drive\Pictures\2009\Time with Austin and Dara Nov 2009 (14).JPG,2539306,2013-02-27 11:22:28,Extracted
C:\Users\thoma\Documents\Cyber Crimes Tools\Takeout Zips\takeout-20260602T071913Z-11-007.zip,takeout-20260602T071913Z-11-007.zip,Takeout/Drive/Pictures/2009/Time with Austin and Dara Nov 2009 (10).JPG,C:\Users\thoma\Documents\Cyber Crimes Tools\Takeout Extracted\Takeout\Drive\Pictures\2009\Time with Austin and Dara Nov 2009 (10).JPG,2469967,2013-02-27 11:21:52,Extracted
C:\Users\thoma\Documents\Cyber Crimes Tools\Takeout Zips\takeout-20260602T071913Z-11-007.zip,takeout-20260602T071913Z-11-007.zip,Takeout/Drive/Pictures/2009/Time with Austin and Dara Nov 2009 (11).JPG,C:\Users\thoma\Documents\Cyber Crimes Tools\Takeout Extracted\Takeout\Drive\Pictures\2009\Time with Austin and Dara Nov 2009 (11).JPG,2542366,2013-02-27 11:22:00,Extracted
C:\Users\thoma\Documents\Cyber Crimes Tools\Takeout Zips\takeout-20260602T071913Z-11-007.zip,takeout-20260602T071913Z-11-007.zip,Takeout/Drive/Pictures/2010/What_s in the cookie jar project (16).JPG,C:\Users\thoma\Documents\Cyber Crimes Tools\Takeout Extracted\Takeout\Drive\Pictures\2010\What_s in the cookie jar project (16).JPG,2510696,2013-02-27 17:46:20,Extracted
C:\Users\thoma\Documents\Cyber Crimes Tools\Takeout Zips\takeout-20260602T071913Z-11-007.zip,takeout-20260602T071913Z-11-007.zip,Takeout/Drive/Pictures/2009/Time with Austin and Dara Nov 2009 (1).JPG,C:\Users\thoma\Documents\Cyber Crimes Tools\Takeout Extracted\Takeout\Drive\Pictures\2009\Time with Austin and Dara Nov 2009 (1).JPG,2444005,2013-02-27 11:19:28,Extracted
C:\Users\thoma\Documents\Cyber Crimes Tools\Takeout Zips\takeout-20260602T071913Z-11-007.zip,takeout-20260602T071913Z-11-007.zip,Takeout/Drive/Pictures/2011/Picking up remains in Orlando (2).JPG,C:\Users\thoma\Documents\Cyber Crimes Tools\Takeout Extracted\Takeout\Drive\Pictures\2011\Picking up remains in Orlando (2).JPG,1270343,2013-02-28 11:22:34,Extracted
C:\Users\thoma\Documents\Cyber Crimes Tools\Takeout Zips\takeout-20260602T071913Z-11-007.zip,takeout-20260602T071913Z-11-007.zip,Takeout/Drive/Pictures/2010/What_s in the cookie jar project (15).JPG,C:\Users\thoma\Documents\Cyber Crimes Tools\Takeout Extracted\Takeout\Drive\Pictures\2010\What_s in the cookie jar project (15).JPG,2450849,2013-02-27 17:46:10,Extracted
C:\Users\thoma\Documents\Cyber Crimes Tools\Takeout Zips\takeout-20260602T071913Z-11-007.zip,takeout-20260602T071913Z-11-007.zip,Takeout/Drive/Pictures/2011/Picking up remains in Orlando (10).JPG,C:\Users\thoma\Documents\Cyber Crimes Tools\Takeout Extracted\Takeout\Drive\Pictures\2011\Picking up remains in Orlando (10).JPG,1280331,2013-02-28 11:22:24,Extracted
C:\Users\thoma\Documents\Cyber Crimes Tools\Takeout Zips\takeout-20260602T071913Z-11-007.zip,takeout-20260602T071913Z-11-007.zip,Takeout/Drive/Pictures/2010/What_s in the cookie jar project (14).JPG,C:\Users\thoma\Documents\Cyber Crimes Tools\Takeout Extracted\Takeout\Drive\Pictures\2010\What_s in the cookie jar project (14).JPG,2364341,2013-02-27 17:46:02,Extracted
C:\Users\thoma\Documents\Cyber Crimes Tools\Takeout Zips\takeout-20260602T071913Z-11-007.zip,takeout-20260602T071913Z-11-007.zip,Takeout/Drive/Pictures/2010/What_s in the cookie jar project (13).JPG,C:\Users\thoma\Documents\Cyber Crimes Tools\Takeout Extracted\Takeout\Drive\Pictures\2010\What_s in the cookie jar project (13).JPG,2565630,2013-02-27 17:45:52,Extracted
C:\Users\thoma\Documents\Cyber Crimes Tools\Takeout Zips\takeout-20260602T071913Z-11-007.zip,takeout-20260602T071913Z-11-007.zip,Takeout/Drive/Pictures/2011/Pals-Jan 2011 (6).JPG,C:\Users\thoma\Documents\Cyber Crimes Tools\Takeout Extracted\Takeout\Drive\Pictures\2011\Pals-Jan 2011 (6).JPG,1564006,2013-02-28 11:21:48,Extracted
C:\Users\thoma\Documents\Cyber Crimes Tools\Takeout Zips\takeout-20260602T071913Z-11-007.zip,takeout-20260602T071913Z-11-007.zip,Takeout/Drive/Pictures/2011/Picking up remains in Orlando (1).JPG,C:\Users\thoma\Documents\Cyber Crimes Tools\Takeout Extracted\Takeout\Drive\Pictures\2011\Picking up remains in Orlando (1).JPG,1263468,2013-02-28 11:21:58,Extracted
C:\Users\thoma\Documents\Cyber Crimes Tools\Takeout Zips\takeout-20260602T071913Z-11-007.zip,takeout-20260602T071913Z-11-007.zip,Takeout/Drive/Pictures/2011/Pals-Jan 2011 (5).JPG,C:\Users\thoma\Documents\Cyber Crimes Tools\Takeout Extracted\Takeout\Drive\Pictures\2011\Pals-Jan 2011 (5).JPG,1547065,2013-02-28 11:21:36,Extracted
C:\Users\thoma\Documents\Cyber Crimes Tools\Takeout Zips\takeout-20260602T071913Z-11-007.zip,takeout-20260602T071913Z-11-007.zip,Takeout/Drive/Hurd Family Legal/Trial Outline.docx,C:\Users\thoma\Documents\Cyber Crimes Tools\Takeout Extracted\Takeout\Drive\Hurd Family Legal\Trial Outline.docx,341005,2023-07-11 00:01:50,Extracted
C:\Users\thoma\Documents\Cyber Crimes Tools\Takeout Zips\takeout-20260602T071913Z-11-007.zip,takeout-20260602T071913Z-11-007.zip,Takeout/Drive/Tom Hurd Legal/FURTHER RESP TO FROGS SET 1(1).docx,C:\Users\thoma\Documents\Cyber Crimes Tools\Takeout Extracted\Takeout\Drive\Tom Hurd Legal\FURTHER RESP TO FROGS SET 1(1).docx,46042,2014-01-29 17:29:24,Extracted
C:\Users\thoma\Documents\Cyber Crimes Tools\Takeout Zips\takeout-20260602T071913Z-11-007.zip,takeout-20260602T071913Z-11-007.zip,Takeout/Drive/Hurd Family Legal/RespondentsPreTrialStatement.docx,C:\Users\thoma\Documents\Cyber Crimes Tools\Takeout Extracted\Takeout\Drive\Hurd Family Legal\RespondentsPreTrialStatement.docx,171475,2023-05-17 10:25:56,Extracted
C:\Users\thoma\Documents\Cyber Crimes Tools\Takeout Zips\takeout-20260602T071913Z-11-007.zip,takeout-20260602T071913Z-11-007.zip,Takeout/Drive/Untitled spreadsheet(30).xlsx,C:\Users\thoma\Documents\Cyber Crimes Tools\Takeout Extracted\Takeout\Drive\Untitled spreadsheet(30).xlsx,4327,2012-07-31 14:01:32,Extracted
C:\Users\thoma\Documents\Cyber Crimes Tools\Takeout Zips\takeout-20260602T071913Z-11-007.zip,takeout-20260602T071913Z-11-007.zip,Takeout/Drive/Pictures/2009/SB Zoo 2009 (5).jpg,C:\Users\thoma\Documents\Cyber Crimes Tools\Takeout Extracted\Takeout\Drive\Pictures\2009\SB Zoo 2009 (5).jpg,31118,2013-02-27 11:19:06,Extracted
C:\Users\thoma\Documents\Cyber Crimes Tools\Takeout Zips\takeout-20260602T071913Z-11-007.zip,takeout-20260602T071913Z-11-007.zip,Takeout/Drive/AllStar IVR.docx,C:\Users\thoma\Documents\Cyber Crimes Tools\Takeout Extracted\Takeout\Drive\AllStar IVR.docx,8047,2020-02-26 14:36:00,Extracted
C:\Users\thoma\Documents\Cyber Crimes Tools\Takeout Zips\takeout-20260602T071913Z-11-007.zip,takeout-20260602T071913Z-11-007.zip,Takeout/Drive/Pictures/2009/SB Zoo 2009 (2).jpg,C:\Users\thoma\Documents\Cyber Crimes Tools\Takeout Extracted\Takeout\Drive\Pictures\2009\SB Zoo 2009 (2).jpg,26788,2013-02-27 11:19:02,Extracted
C:\Users\thoma\Documents\Cyber Crimes Tools\Takeout Zips\takeout-20260602T071913Z-11-007.zip,takeout-20260602T071913Z-11-007.zip,Takeout/Drive/Chase8817_Activity_20190421.CSV.xlsx,C:\Users\thoma\Documents\Cyber Crimes Tools\Takeout Extracted\Takeout\Drive\Chase8817_Activity_20190421.CSV.xlsx,5663,2019-04-21 20:29:36,Extracted
C:\Users\thoma\Documents\Cyber Crimes Tools\Takeout Zips\takeout-20260602T071913Z-11-007.zip,takeout-20260602T071913Z-11-007.zip,Takeout/Drive/Pictures/2011/MOV01954.THM,C:\Users\thoma\Documents\Cyber Crimes Tools\Takeout Extracted\Takeout\Drive\Pictures\2011\MOV01954.THM,2766,2013-02-28 10:39:16,Extracted
C:\Users\thoma\Documents\Cyber Crimes Tools\Takeout Zips\takeout-20260602T071913Z-11-008.zip,takeout-20260602T071913Z-11-008.zip,Takeout/Drive/Movies/ElijahEzraLoadingStickRedJeep(1).MOV,C:\Users\thoma\Documents\Cyber Crimes Tools\Takeout Extracted\Takeout\Drive\Movies\ElijahEzraLoadingStickRedJeep(1).MOV,948471771,2016-08-04 20:31:20,Extracted
C:\Users\thoma\Documents\Cyber Crimes Tools\Takeout Zips\takeout-20260602T071913Z-11-008.zip,takeout-20260602T071913Z-11-008.zip,Takeout/Drive/Hurd Family Legal/July 11 Trial/20210514_115038.mp4,C:\Users\thoma\Documents\Cyber Crimes Tools\Takeout Extracted\Takeout\Drive\Hurd Family Legal\July 11 Trial\20210514_115038.mp4,1172620958,2023-07-08 08:22:06,Extracted
C:\Users\thoma\Documents\Cyber Crimes Tools\Takeout Zips\takeout-20260602T071913Z-11-008.zip,takeout-20260602T071913Z-11-008.zip,Takeout/Drive/Movies/Benjamin_s funeral May 13 2011 (4).MOV,C:\Users\thoma\Documents\Cyber Crimes Tools\Takeout Extracted\Takeout\Drive\Movies\Benjamin_s funeral May 13 2011 (4).MOV,2149937095,2016-08-04 15:00:10,Extracted
C:\Users\thoma\Documents\Cyber Crimes Tools\Takeout Zips\takeout-20260602T071913Z-11-009.zip,takeout-20260602T071913Z-11-009.zip,Takeout/Drive/Hurd Family Legal/July 11 Trial/VMC-Part3.mp4,C:\Users\thoma\Documents\Cyber Crimes Tools\Takeout Extracted\Takeout\Drive\Hurd Family Legal\July 11 Trial\VMC-Part3.mp4,191850486,2023-07-06 17:17:42,Extracted
C:\Users\thoma\Documents\Cyber Crimes Tools\Takeout Zips\takeout-20260602T071913Z-11-009.zip,takeout-20260602T071913Z-11-009.zip,Takeout/Drive/HELO Organix.kmz,C:\Users\thoma\Documents\Cyber Crimes Tools\Takeout Extracted\Takeout\Drive\HELO Organix.kmz,289,2019-06-05 21:08:04,Extracted
C:\Users\thoma\Documents\Cyber Crimes Tools\Takeout Zips\takeout-20260602T071913Z-11-009.zip,takeout-20260602T071913Z-11-009.zip,Takeout/Drive/Solar Contact Sheet.xlsx,C:\Users\thoma\Documents\Cyber Crimes Tools\Takeout Extracted\Takeout\Drive\Solar Contact Sheet.xlsx,4309,2010-11-15 17:00:22,Extracted
C:\Users\thoma\Documents\Cyber Crimes Tools\Takeout Zips\takeout-20260602T071913Z-11-010.zip,takeout-20260602T071913Z-11-010.zip,Takeout/Drive/Helo Letter Head.docx,C:\Users\thoma\Documents\Cyber Crimes Tools\Takeout Extracted\Takeout\Drive\Helo Letter Head.docx,361609,2019-07-24 11:51:26,Extracted
C:\Users\thoma\Documents\Cyber Crimes Tools\Takeout Zips\takeout-20260602T071913Z-11-010.zip,takeout-20260602T071913Z-11-010.zip,Takeout/Drive/Pictures/to be organzed/Pictures/2009/09122009-Rio-Sierra 001.jpg,C:\Users\thoma\Documents\Cyber Crimes Tools\Takeout Extracted\Takeout\Drive\Pictures\to be organzed\Pictures\2009\09122009-Rio-Sierra 001.jpg,635578,2013-02-28 15:07:04,Extracted
C:\Users\thoma\Documents\Cyber Crimes Tools\Takeout Zips\takeout-20260602T071913Z-11-010.zip,takeout-20260602T071913Z-11-010.zip,Takeout/Drive/Pictures/to be organzed/Pictures/2009/2009 003.jpg,C:\Users\thoma\Documents\Cyber Crimes Tools\Takeout Extracted\Takeout\Drive\Pictures\to be organzed\Pictures\2009\2009 003.jpg,686394,2013-02-28 15:07:14,Extracted
C:\Users\thoma\Documents\Cyber Crimes Tools\Takeout Zips\takeout-20260602T071913Z-11-010.zip,takeout-20260602T071913Z-11-010.zip,Takeout/Drive/best-western-proposal July 30 2019.docx,C:\Users\thoma\Documents\Cyber Crimes Tools\Takeout Extracted\Takeout\Drive\best-western-proposal July 30 2019.docx,232841,2019-07-30 14:27:40,Extracted
C:\Users\thoma\Documents\Cyber Crimes Tools\Takeout Zips\takeout-20260602T071913Z-11-010.zip,takeout-20260602T071913Z-11-010.zip,Takeout/Drive/Flat.File.Health.xlsx,C:\Users\thoma\Documents\Cyber Crimes Tools\Takeout Extracted\Takeout\Drive\Flat.File.Health.xlsx,641956,2013-08-08 12:21:40,Extracted
C:\Users\thoma\Documents\Cyber Crimes Tools\Takeout Zips\takeout-20260602T071913Z-11-010.zip,takeout-20260602T071913Z-11-010.zip,Takeout/Drive/Discretionary Trading Authority - Lucror Capita.pdf(1).docx,C:\Users\thoma\Documents\Cyber Crimes Tools\Takeout Extracted\Takeout\Drive\Discretionary Trading Authority - Lucror Capita.pdf(1).docx,320497,2012-04-23 11:26:18,Extracted
C:\Users\thoma\Documents\Cyber Crimes Tools\Takeout Zips\takeout-20260602T071913Z-11-010.zip,takeout-20260602T071913Z-11-010.zip,Takeout/Drive/Pictures/2011/Nov 7 2011 (7).JPG,C:\Users\thoma\Documents\Cyber Crimes Tools\Takeout Extracted\Takeout\Drive\Pictures\2011\Nov 7 2011 (7).JPG,1614119,2013-02-28 11:17:44,Extracted
C:\Users\thoma\Documents\Cyber Crimes Tools\Takeout Zips\takeout-20260602T071913Z-11-010.zip,takeout-20260602T071913Z-11-010.zip,Takeout/Drive/THE Hurd Budget.xlsx,C:\Users\thoma\Documents\Cyber Crimes Tools\Takeout Extracted\Takeout\Drive\THE Hurd Budget.xlsx,141841,2015-11-18 20:42:08,Extracted
C:\Users\thoma\Documents\Cyber Crimes Tools\Takeout Zips\takeout-20260602T071913Z-11-010.zip,takeout-20260602T071913Z-11-010.zip,Takeout/Drive/Pictures/2011/Nov 7 2011 (6).JPG,C:\Users\thoma\Documents\Cyber Crimes Tools\Takeout Extracted\Takeout\Drive\Pictures\2011\Nov 7 2011 (6).JPG,625776,2013-02-28 11:17:32,Extracted
C:\Users\thoma\Documents\Cyber Crimes Tools\Takeout Zips\takeout-20260602T071913Z-11-010.zip,takeout-20260602T071913Z-11-010.zip,Takeout/Drive/Pictures/2011/Nov 7 2011 (8).JPG,C:\Users\thoma\Documents\Cyber Crimes Tools\Takeout Extracted\Takeout\Drive\Pictures\2011\Nov 7 2011 (8).JPG,954695,2013-02-28 11:17:52,Extracted
C:\Users\thoma\Documents\Cyber Crimes Tools\Takeout Zips\takeout-20260602T071913Z-11-010.zip,takeout-20260602T071913Z-11-010.zip,Takeout/Drive/Pictures/2011/Nov 7 2011 (2).JPG,C:\Users\thoma\Documents\Cyber Crimes Tools\Takeout Extracted\Takeout\Drive\Pictures\2011\Nov 7 2011 (2).JPG,2674341,2013-02-28 11:16:40,Extracted
C:\Users\thoma\Documents\Cyber Crimes Tools\Takeout Zips\takeout-20260602T071913Z-11-010.zip,takeout-20260602T071913Z-11-010.zip,Takeout/Drive/Pictures/2011/Nov 7 2011 (3).JPG,C:\Users\thoma\Documents\Cyber Crimes Tools\Takeout Extracted\Takeout\Drive\Pictures\2011\Nov 7 2011 (3).JPG,2522161,2013-02-28 11:16:58,Extracted
C:\Users\thoma\Documents\Cyber Crimes Tools\Takeout Zips\takeout-20260602T071913Z-11-010.zip,takeout-20260602T071913Z-11-010.zip,Takeout/Drive/Instant Customer Loyal Customers.xlsx,C:\Users\thoma\Documents\Cyber Crimes Tools\Takeout Extracted\Takeout\Drive\Instant Customer Loyal Customers.xlsx,121794,2013-10-06 15:39:48,Extracted
C:\Users\thoma\Documents\Cyber Crimes Tools\Takeout Zips\takeout-20260602T071913Z-11-010.zip,takeout-20260602T071913Z-11-010.zip,Takeout/Drive/Pictures/2011/Nov 7 2011 (5).JPG,C:\Users\thoma\Documents\Cyber Crimes Tools\Takeout Extracted\Takeout\Drive\Pictures\2011\Nov 7 2011 (5).JPG,1357240,2013-02-28 11:17:28,Extracted
C:\Users\thoma\Documents\Cyber Crimes Tools\Takeout Zips\takeout-20260602T071913Z-11-010.zip,takeout-20260602T071913Z-11-010.zip,Takeout/Drive/Pictures/2011/Nov 7 2011 (1).JPG,C:\Users\thoma\Documents\Cyber Crimes Tools\Takeout Extracted\Takeout\Drive\Pictures\2011\Nov 7 2011 (1).JPG,2344664,2013-02-28 11:16:22,Extracted
C:\Users\thoma\Documents\Cyber Crimes Tools\Takeout Zips\takeout-20260602T071913Z-11-010.zip,takeout-20260602T071913Z-11-010.zip,Takeout/Drive/Pictures/2011/Nov 7 2011 (4).JPG,C:\Users\thoma\Documents\Cyber Crimes Tools\Takeout Extracted\Takeout\Drive\Pictures\2011\Nov 7 2011 (4).JPG,2601945,2013-02-28 11:17:16,Extracted
C:\Users\thoma\Documents\Cyber Crimes Tools\Takeout Zips\takeout-20260602T071913Z-11-010.zip,takeout-20260602T071913Z-11-010.zip,Takeout/Drive/Pictures/2011/Nov 12 2011 (55).JPG,C:\Users\thoma\Documents\Cyber Crimes Tools\Takeout Extracted\Takeout\Drive\Pictures\2011\Nov 12 2011 (55).JPG,1521220,2013-02-28 11:15:02,Extracted
C:\Users\thoma\Documents\Cyber Crimes Tools\Takeout Zips\takeout-20260602T071913Z-11-010.zip,takeout-20260602T071913Z-11-010.zip,Takeout/Drive/Pictures/2011/Nov 12 2011 (7).JPG,C:\Users\thoma\Documents\Cyber Crimes Tools\Takeout Extracted\Takeout\Drive\Pictures\2011\Nov 12 2011 (7).JPG,1722711,2013-02-28 11:15:36,Extracted
C:\Users\thoma\Documents\Cyber Crimes Tools\Takeout Zips\takeout-20260602T071913Z-11-010.zip,takeout-20260602T071913Z-11-010.zip,Takeout/Drive/Pictures/2011/Nov 12 2011 (56).JPG,C:\Users\thoma\Documents\Cyber Crimes Tools\Takeout Extracted\Takeout\Drive\Pictures\2011\Nov 12 2011 (56).JPG,1434958,2013-02-28 11:15:14,Extracted
C:\Users\thoma\Documents\Cyber Crimes Tools\Takeout Zips\takeout-20260602T071913Z-11-010.zip,takeout-20260602T071913Z-11-010.zip,Takeout/Drive/Pictures/2011/Nov 12 2011 (57).JPG,C:\Users\thoma\Documents\Cyber Crimes Tools\Takeout Extracted\Takeout\Drive\Pictures\2011\Nov 12 2011 (57).JPG,1578569,2013-02-28 11:15:24,Extracted
C:\Users\thoma\Documents\Cyber Crimes Tools\Takeout Zips\takeout-20260602T071913Z-11-010.zip,takeout-20260602T071913Z-11-010.zip,Takeout/Drive/Pictures/2011/Nov 12 2011 (9).JPG,C:\Users\thoma\Documents\Cyber Crimes Tools\Takeout Extracted\Takeout\Drive\Pictures\2011\Nov 12 2011 (9).JPG,1596262,2013-02-28 11:16:06,Extracted
C:\Users\thoma\Documents\Cyber Crimes Tools\Takeout Zips\takeout-20260602T071913Z-11-010.zip,takeout-20260602T071913Z-11-010.zip,Takeout/Drive/Pictures/2011/Nov 12 2011 (8).JPG,C:\Users\thoma\Documents\Cyber Crimes Tools\Takeout Extracted\Takeout\Drive\Pictures\2011\Nov 12 2011 (8).JPG,2338192,2013-02-28 11:15:54,Extracted
C:\Users\thoma\Documents\Cyber Crimes Tools\Takeout Zips\takeout-20260602T071913Z-11-010.zip,takeout-20260602T071913Z-11-010.zip,Takeout/Drive/Pictures/2010/Road trip to Fl with Kameron-Nov 2010 (25).JPG,C:\Users\thoma\Documents\Cyber Crimes Tools\Takeout Extracted\Takeout\Drive\Pictures\2010\Road trip to Fl with Kameron-Nov 2010 (25).JPG,1044056,2013-02-27 17:42:40,Extracted
C:\Users\thoma\Documents\Cyber Crimes Tools\Takeout Zips\takeout-20260602T071913Z-11-010.zip,takeout-20260602T071913Z-11-010.zip,Takeout/Drive/Pictures/2010/Road trip to Fl with Kameron-Nov 2010 (24).JPG,C:\Users\thoma\Documents\Cyber Crimes Tools\Takeout Extracted\Takeout\Drive\Pictures\2010\Road trip to Fl with Kameron-Nov 2010 (24).JPG,999229,2013-02-27 17:42:34,Extracted
C:\Users\thoma\Documents\Cyber Crimes Tools\Takeout Zips\takeout-20260602T071913Z-11-010.zip,takeout-20260602T071913Z-11-010.zip,Takeout/Drive/Pictures/2011/Nov 12 2011 (53).JPG,C:\Users\thoma\Documents\Cyber Crimes Tools\Takeout Extracted\Takeout\Drive\Pictures\2011\Nov 12 2011 (53).JPG,1868813,2013-02-28 11:14:40,Extracted
C:\Users\thoma\Documents\Cyber Crimes Tools\Takeout Zips\takeout-20260602T071913Z-11-010.zip,takeout-20260602T071913Z-11-010.zip,Takeout/Drive/Pictures/2011/Nov 12 2011 (54).JPG,C:\Users\thoma\Documents\Cyber Crimes Tools\Takeout Extracted\Takeout\Drive\Pictures\2011\Nov 12 2011 (54).JPG,1656211,2013-02-28 11:14:52,Extracted
C:\Users\thoma\Documents\Cyber Crimes Tools\Takeout Zips\takeout-20260602T071913Z-11-010.zip,takeout-20260602T071913Z-11-010.zip,Takeout/Drive/Pictures/2011/Nov 12 2011 (52).JPG,C:\Users\thoma\Documents\Cyber Crimes Tools\Takeout Extracted\Takeout\Drive\Pictures\2011\Nov 12 2011 (52).JPG,2231652,2013-02-28 11:14:26,Extracted
C:\Users\thoma\Documents\Cyber Crimes Tools\Takeout Zips\takeout-20260602T071913Z-11-010.zip,takeout-20260602T071913Z-11-010.zip,Takeout/Drive/Pictures/2010/Road trip to Fl with Kameron-Nov 2010 (23).JPG,C:\Users\thoma\Documents\Cyber Crimes Tools\Takeout Extracted\Takeout\Drive\Pictures\2010\Road trip to Fl with Kameron-Nov 2010 (23).JPG,882389,2013-02-27 17:42:30,Extracted
C:\Users\thoma\Documents\Cyber Crimes Tools\Takeout Zips\takeout-20260602T071913Z-11-010.zip,takeout-20260602T071913Z-11-010.zip,Takeout/Drive/Pictures/2010/Road trip to Fl with Kameron-Nov 2010 (20).JPG,C:\Users\thoma\Documents\Cyber Crimes Tools\Takeout Extracted\Takeout\Drive\Pictures\2010\Road trip to Fl with Kameron-Nov 2010 (20).JPG,868707,2013-02-27 17:42:18,Extracted
C:\Users\thoma\Documents\Cyber Crimes Tools\Takeout Zips\takeout-20260602T071913Z-11-010.zip,takeout-20260602T071913Z-11-010.zip,Takeout/Drive/Pictures/2010/Road trip to Fl with Kameron-Nov 2010 (21).JPG,C:\Users\thoma\Documents\Cyber Crimes Tools\Takeout Extracted\Takeout\Drive\Pictures\2010\Road trip to Fl with Kameron-Nov 2010 (21).JPG,906999,2013-02-27 17:42:22,Extracted
C:\Users\thoma\Documents\Cyber Crimes Tools\Takeout Zips\takeout-20260602T071913Z-11-010.zip,takeout-20260602T071913Z-11-010.zip,Takeout/Drive/Pictures/2011/Nov 12 2011 (50).JPG,C:\Users\thoma\Documents\Cyber Crimes Tools\Takeout Extracted\Takeout\Drive\Pictures\2011\Nov 12 2011 (50).JPG,1681804,2013-02-28 11:13:40,Extracted
C:\Users\thoma\Documents\Cyber Crimes Tools\Takeout Zips\takeout-20260602T071913Z-11-010.zip,takeout-20260602T071913Z-11-010.zip,Takeout/Drive/Pictures/2010/Road trip to Fl with Kameron-Nov 2010 (2).JPG,C:\Users\thoma\Documents\Cyber Crimes Tools\Takeout Extracted\Takeout\Drive\Pictures\2010\Road trip to Fl with Kameron-Nov 2010 (2).JPG,880117,2013-02-27 17:42:10,Extracted
C:\Users\thoma\Documents\Cyber Crimes Tools\Takeout Zips\takeout-20260602T071913Z-11-010.zip,takeout-20260602T071913Z-11-010.zip,Takeout/Drive/Pictures/2011/Nov 12 2011 (51).JPG,C:\Users\thoma\Documents\Cyber Crimes Tools\Takeout Extracted\Takeout\Drive\Pictures\2011\Nov 12 2011 (51).JPG,2077795,2013-02-28 11:13:54,Extracted
C:\Users\thoma\Documents\Cyber Crimes Tools\Takeout Zips\takeout-20260602T071913Z-11-010.zip,takeout-20260602T071913Z-11-010.zip,Takeout/Drive/Pictures/2010/Road trip to Fl with Kameron-Nov 2010 (22).JPG,C:\Users\thoma\Documents\Cyber Crimes Tools\Takeout Extracted\Takeout\Drive\Pictures\2010\Road trip to Fl with Kameron-Nov 2010 (22).JPG,887917,2013-02-27 17:42:26,Extracted
C:\Users\thoma\Documents\Cyber Crimes Tools\Takeout Zips\takeout-20260602T071913Z-11-010.zip,takeout-20260602T071913Z-11-010.zip,Takeout/Drive/Pictures/2011/Nov 12 2011 (49).JPG,C:\Users\thoma\Documents\Cyber Crimes Tools\Takeout Extracted\Takeout\Drive\Pictures\2011\Nov 12 2011 (49).JPG,1978149,2013-02-28 11:13:16,Extracted
C:\Users\thoma\Documents\Cyber Crimes Tools\Takeout Zips\takeout-20260602T071913Z-11-010.zip,takeout-20260602T071913Z-11-010.zip,Takeout/Drive/Pictures/2011/Nov 12 2011 (48).JPG,C:\Users\thoma\Documents\Cyber Crimes Tools\Takeout Extracted\Takeout\Drive\Pictures\2011\Nov 12 2011 (48).JPG,1624480,2013-02-28 11:12:30,Extracted
C:\Users\thoma\Documents\Cyber Crimes Tools\Takeout Zips\takeout-20260602T071913Z-11-010.zip,takeout-20260602T071913Z-11-010.zip,Takeout/Drive/Pictures/2011/Nov 12 2011 (5).JPG,C:\Users\thoma\Documents\Cyber Crimes Tools\Takeout Extracted\Takeout\Drive\Pictures\2011\Nov 12 2011 (5).JPG,1766762,2013-02-28 11:13:28,Extracted
C:\Users\thoma\Documents\Cyber Crimes Tools\Takeout Zips\takeout-20260602T071913Z-11-010.zip,takeout-20260602T071913Z-11-010.zip,Takeout/Drive/Pictures/2010/Road trip to Fl with Kameron-Nov 2010 (19).JPG,C:\Users\thoma\Documents\Cyber Crimes Tools\Takeout Extracted\Takeout\Drive\Pictures\2010\Road trip to Fl with Kameron-Nov 2010 (19).JPG,874246,2013-02-27 17:42:06,Extracted
C:\Users\thoma\Documents\Cyber Crimes Tools\Takeout Zips\takeout-20260602T071913Z-11-010.zip,takeout-20260602T071913Z-11-010.zip,Takeout/Drive/Pictures/2010/Road trip to Fl with Kameron-Nov 2010 (18).JPG,C:\Users\thoma\Documents\Cyber Crimes Tools\Takeout Extracted\Takeout\Drive\Pictures\2010\Road trip to Fl with Kameron-Nov 2010 (18).JPG,1121516,2013-02-27 17:42:02,Extracted
C:\Users\thoma\Documents\Cyber Crimes Tools\Takeout Zips\takeout-20260602T071913Z-11-010.zip,takeout-20260602T071913Z-11-010.zip,Takeout/Drive/Pictures/2011/Nov 12 2011 (45).JPG,C:\Users\thoma\Documents\Cyber Crimes Tools\Takeout Extracted\Takeout\Drive\Pictures\2011\Nov 12 2011 (45).JPG,1568602,2013-02-28 11:12:04,Extracted
C:\Users\thoma\Documents\Cyber Crimes Tools\Takeout Zips\takeout-20260602T071913Z-11-010.zip,takeout-20260602T071913Z-11-010.zip,Takeout/Drive/Pictures/2011/Nov 12 2011 (46).JPG,C:\Users\thoma\Documents\Cyber Crimes Tools\Takeout Extracted\Takeout\Drive\Pictures\2011\Nov 12 2011 (46).JPG,1933939,2013-02-28 11:12:18,Extracted
C:\Users\thoma\Documents\Cyber Crimes Tools\Takeout Zips\takeout-20260602T071913Z-11-010.zip,takeout-20260602T071913Z-11-010.zip,Takeout/Drive/Pictures/2010/Road trip to Fl with Kameron-Nov 2010 (2).MOV,C:\Users\thoma\Documents\Cyber Crimes Tools\Takeout Extracted\Takeout\Drive\Pictures\2010\Road trip to Fl with Kameron-Nov 2010 (2).MOV,931772,2013-02-27 17:42:14,Extracted
C:\Users\thoma\Documents\Cyber Crimes Tools\Takeout Zips\takeout-20260602T071913Z-11-010.zip,takeout-20260602T071913Z-11-010.zip,Takeout/Drive/Pictures/2011/Nov 12 2011 (44).JPG,C:\Users\thoma\Documents\Cyber Crimes Tools\Takeout Extracted\Takeout\Drive\Pictures\2011\Nov 12 2011 (44).JPG,1632800,2013-02-28 11:11:52,Extracted
C:\Users\thoma\Documents\Cyber Crimes Tools\Takeout Zips\takeout-20260602T071913Z-11-010.zip,takeout-20260602T071913Z-11-010.zip,Takeout/Drive/Pictures/2010/Road trip to Fl with Kameron-Nov 2010 (16).JPG,C:\Users\thoma\Documents\Cyber Crimes Tools\Takeout Extracted\Takeout\Drive\Pictures\2010\Road trip to Fl with Kameron-Nov 2010 (16).JPG,537180,2013-02-27 17:41:52,Extracted
C:\Users\thoma\Documents\Cyber Crimes Tools\Takeout Zips\takeout-20260602T071913Z-11-010.zip,takeout-20260602T071913Z-11-010.zip,Takeout/Drive/Pictures/2010/Road trip to Fl with Kameron-Nov 2010 (15).JPG,C:\Users\thoma\Documents\Cyber Crimes Tools\Takeout Extracted\Takeout\Drive\Pictures\2010\Road trip to Fl with Kameron-Nov 2010 (15).JPG,569648,2013-02-27 17:41:50,Extracted
C:\Users\thoma\Documents\Cyber Crimes Tools\Takeout Zips\takeout-20260602T071913Z-11-010.zip,takeout-20260602T071913Z-11-010.zip,Takeout/Drive/Pictures/2010/Road trip to Fl with Kameron-Nov 2010 (17).JPG,C:\Users\thoma\Documents\Cyber Crimes Tools\Takeout Extracted\Takeout\Drive\Pictures\2010\Road trip to Fl with Kameron-Nov 2010 (17).JPG,594714,2013-02-27 17:41:56,Extracted
C:\Users\thoma\Documents\Cyber Crimes Tools\Takeout Zips\takeout-20260602T071913Z-11-010.zip,takeout-20260602T071913Z-11-010.zip,Takeout/Drive/Pictures/2010/Road trip to Fl with Kameron-Nov 2010 (14).JPG,C:\Users\thoma\Documents\Cyber Crimes Tools\Takeout Extracted\Takeout\Drive\Pictures\2010\Road trip to Fl with Kameron-Nov 2010 (14).JPG,648695,2013-02-27 17:41:46,Extracted
C:\Users\thoma\Documents\Cyber Crimes Tools\Takeout Zips\takeout-20260602T071913Z-11-010.zip,takeout-20260602T071913Z-11-010.zip,Takeout/Drive/Gillette Fusion Side.jpg,C:\Users\thoma\Documents\Cyber Crimes Tools\Takeout Extracted\Takeout\Drive\Gillette Fusion Side.jpg,2616036,2013-09-22 20:50:46,Extracted
C:\Users\thoma\Documents\Cyber Crimes Tools\Takeout Zips\takeout-20260602T071913Z-11-010.zip,takeout-20260602T071913Z-11-010.zip,Takeout/Drive/Pictures/2011/Pals-Jan 2011 (2).JPG,C:\Users\thoma\Documents\Cyber Crimes Tools\Takeout Extracted\Takeout\Drive\Pictures\2011\Pals-Jan 2011 (2).JPG,1590103,2013-02-28 11:21:02,Extracted
C:\Users\thoma\Documents\Cyber Crimes Tools\Takeout Zips\takeout-20260602T071913Z-11-010.zip,takeout-20260602T071913Z-11-010.zip,Takeout/Drive/Pictures/2009/2009 193.jpg,C:\Users\thoma\Documents\Cyber Crimes Tools\Takeout Extracted\Takeout\Drive\Pictures\2009\2009 193.jpg,941390,2013-02-27 11:09:26,Extracted
C:\Users\thoma\Documents\Cyber Crimes Tools\Takeout Zips\takeout-20260602T071913Z-11-010.zip,takeout-20260602T071913Z-11-010.zip,Takeout/Drive/Draft Blurb for Passover Seder info 2016(1).docx,C:\Users\thoma\Documents\Cyber Crimes Tools\Takeout Extracted\Takeout\Drive\Draft Blurb for Passover Seder info 2016(1).docx,13154,2016-03-15 10:44:44,Extracted
C:\Users\thoma\Documents\Cyber Crimes Tools\Takeout Zips\takeout-20260602T071913Z-11-010.zip,takeout-20260602T071913Z-11-010.zip,Takeout/Drive/Hurd Family Legal/Response to Contempt/venmo_statement (7).csv,C:\Users\thoma\Documents\Cyber Crimes Tools\Takeout Extracted\Takeout\Drive\Hurd Family Legal\Response to Contempt\venmo_statement (7).csv,9099,2022-07-14 15:46:22,Extracted
C:\Users\thoma\Documents\Cyber Crimes Tools\Takeout Zips\takeout-20260602T071913Z-11-010.zip,takeout-20260602T071913Z-11-010.zip,Takeout/Drive/Movies/VIDEO_TS/VIDEO_TS.BUP,C:\Users\thoma\Documents\Cyber Crimes Tools\Takeout Extracted\Takeout\Drive\Movies\VIDEO_TS\VIDEO_TS.BUP,20480,2011-03-14 18:04:04,Extracted
C:\Users\thoma\Documents\Cyber Crimes Tools\Takeout Zips\takeout-20260602T071913Z-11-010.zip,takeout-20260602T071913Z-11-010.zip,Takeout/Drive/HELO-CBD-Water-Label.jpg,C:\Users\thoma\Documents\Cyber Crimes Tools\Takeout Extracted\Takeout\Drive\HELO-CBD-Water-Label.jpg,874499,2019-06-14 19:56:08,Extracted
C:\Users\thoma\Documents\Cyber Crimes Tools\Takeout Zips\takeout-20260602T071913Z-11-010.zip,takeout-20260602T071913Z-11-010.zip,Takeout/Drive/Kula Yoga/IMG_0245.JPG,C:\Users\thoma\Documents\Cyber Crimes Tools\Takeout Extracted\Takeout\Drive\Kula Yoga\IMG_0245.JPG,1353450,2016-06-28 13:11:58,Extracted
C:\Users\thoma\Documents\Cyber Crimes Tools\Takeout Zips\takeout-20260602T071913Z-11-010.zip,takeout-20260602T071913Z-11-010.zip,Takeout/Drive/Expert IT/Data 15th Aug(1).xlsx,C:\Users\thoma\Documents\Cyber Crimes Tools\Takeout Extracted\Takeout\Drive\Expert IT\Data 15th Aug(1).xlsx,1057745,2018-08-16 01:47:22,Extracted
C:\Users\thoma\Documents\Cyber Crimes Tools\Takeout Zips\takeout-20260602T071913Z-11-010.zip,takeout-20260602T071913Z-11-010.zip,Takeout/Drive/HELO Letter of Intent v1.pdf,C:\Users\thoma\Documents\Cyber Crimes Tools\Takeout Extracted\Takeout\Drive\HELO Letter of Intent v1.pdf,352929,2019-04-19 13:44:04,Extracted
C:\Users\thoma\Documents\Cyber Crimes Tools\Takeout Zips\takeout-20260602T071913Z-11-010.zip,takeout-20260602T071913Z-11-010.zip,Takeout/Drive/SCN1595447775210.pdf,C:\Users\thoma\Documents\Cyber Crimes Tools\Takeout Extracted\Takeout\Drive\SCN1595447775210.pdf,600329,2020-07-22 12:56:14,Extracted
C:\Users\thoma\Documents\Cyber Crimes Tools\Takeout Zips\takeout-20260602T071913Z-11-010.zip,takeout-20260602T071913Z-11-010.zip,Takeout/Drive/Discretionary Trading Authority - Lucror Capita.pdf.docx,C:\Users\thoma\Documents\Cyber Crimes Tools\Takeout Extracted\Takeout\Drive\Discretionary Trading Authority - Lucror Capita.pdf.docx,442182,2012-05-28 10:15:42,Extracted
C:\Users\thoma\Documents\Cyber Crimes Tools\Takeout Zips\takeout-20260602T071913Z-11-010.zip,takeout-20260602T071913Z-11-010.zip,Takeout/Drive/Hurd Family Legal/Talking Parents/Education Thread.docx,C:\Users\thoma\Documents\Cyber Crimes Tools\Takeout Extracted\Takeout\Drive\Hurd Family Legal\Talking Parents\Education Thread.docx,537875,2023-12-12 06:09:14,Extracted
C:\Users\thoma\Documents\Cyber Crimes Tools\Takeout Zips\takeout-20260602T071913Z-11-010.zip,takeout-20260602T071913Z-11-010.zip,Takeout/Drive/Chase9833_Activity_20190702.CSV,C:\Users\thoma\Documents\Cyber Crimes Tools\Takeout Extracted\Takeout\Drive\Chase9833_Activity_20190702.CSV,23274,2019-07-02 18:49:22,Extracted
C:\Users\thoma\Documents\Cyber Crimes Tools\Takeout Zips\takeout-20260602T071913Z-11-010.zip,takeout-20260602T071913Z-11-010.zip,Takeout/Drive/25 Dollar Box Of Body Wraps.xlsx,C:\Users\thoma\Documents\Cyber Crimes Tools\Takeout Extracted\Takeout\Drive\25 Dollar Box Of Body Wraps.xlsx,4569,2012-01-12 15:54:20,Extracted
C:\Users\thoma\Documents\Cyber Crimes Tools\Takeout Zips\takeout-20260602T071913Z-11-010.zip,takeout-20260602T071913Z-11-010.zip,Takeout/Drive/The Hinkens Group Web Dev Invoice 5.xlsx,C:\Users\thoma\Documents\Cyber Crimes Tools\Takeout Extracted\Takeout\Drive\The Hinkens Group Web Dev Invoice 5.xlsx,8208,2012-03-05 15:14:58,Extracted
C:\Users\thoma\Documents\Cyber Crimes Tools\Takeout Zips\takeout-20260602T071913Z-11-010.zip,takeout-20260602T071913Z-11-010.zip,Takeout/Drive/Pictures/2010/Road trip to Fl with Kameron-Nov 2010 (12).JPG,C:\Users\thoma\Documents\Cyber Crimes Tools\Takeout Extracted\Takeout\Drive\Pictures\2010\Road trip to Fl with Kameron-Nov 2010 (12).JPG,1303074,2013-02-27 17:41:36,Extracted
C:\Users\thoma\Documents\Cyber Crimes Tools\Takeout Zips\takeout-20260602T071913Z-11-010.zip,takeout-20260602T071913Z-11-010.zip,Takeout/Drive/Tom Hurd Legal/SFA ATC Brokers Robin Rios.jpg,C:\Users\thoma\Documents\Cyber Crimes Tools\Takeout Extracted\Takeout\Drive\Tom Hurd Legal\SFA ATC Brokers Robin Rios.jpg,1079240,2014-01-24 12:19:18,Extracted
C:\Users\thoma\Documents\Cyber Crimes Tools\Takeout Zips\takeout-20260602T071913Z-11-010.zip,takeout-20260602T071913Z-11-010.zip,Takeout/Drive/ThomasHurdFinancialAffidavit(1).pdf,C:\Users\thoma\Documents\Cyber Crimes Tools\Takeout Extracted\Takeout\Drive\ThomasHurdFinancialAffidavit(1).pdf,11200867,2020-07-13 18:24:02,Extracted
C:\Users\thoma\Documents\Cyber Crimes Tools\Takeout Zips\takeout-20260602T071913Z-11-010.zip,takeout-20260602T071913Z-11-010.zip,Takeout/Drive/Pictures/2010/Race track - Dec 2010 (56).JPG,C:\Users\thoma\Documents\Cyber Crimes Tools\Takeout Extracted\Takeout\Drive\Pictures\2010\Race track - Dec 2010 (56).JPG,1704881,2013-02-27 17:34:16,Extracted
C:\Users\thoma\Documents\Cyber Crimes Tools\Takeout Zips\takeout-20260602T071913Z-11-010.zip,takeout-20260602T071913Z-11-010.zip,Takeout/Drive/Pictures/2010/Race track - Dec 2010 (55).JPG,C:\Users\thoma\Documents\Cyber Crimes Tools\Takeout Extracted\Takeout\Drive\Pictures\2010\Race track - Dec 2010 (55).JPG,1763862,2013-02-27 17:34:10,Extracted
C:\Users\thoma\Documents\Cyber Crimes Tools\Takeout Zips\takeout-20260602T071913Z-11-010.zip,takeout-20260602T071913Z-11-010.zip,Takeout/Drive/Pictures/2010/Race track - Dec 2010 (54).JPG,C:\Users\thoma\Documents\Cyber Crimes Tools\Takeout Extracted\Takeout\Drive\Pictures\2010\Race track - Dec 2010 (54).JPG,1802228,2013-02-27 17:34:02,Extracted
C:\Users\thoma\Documents\Cyber Crimes Tools\Takeout Zips\takeout-20260602T071913Z-11-010.zip,takeout-20260602T071913Z-11-010.zip,Takeout/Drive/Pictures/2010/Race track - Dec 2010 (53).JPG,C:\Users\thoma\Documents\Cyber Crimes Tools\Takeout Extracted\Takeout\Drive\Pictures\2010\Race track - Dec 2010 (53).JPG,1721140,2013-02-27 17:33:54,Extracted
C:\Users\thoma\Documents\Cyber Crimes Tools\Takeout Zips\takeout-20260602T071913Z-11-010.zip,takeout-20260602T071913Z-11-010.zip,Takeout/Drive/Pictures/2010/Race track - Dec 2010 (51).JPG,C:\Users\thoma\Documents\Cyber Crimes Tools\Takeout Extracted\Takeout\Drive\Pictures\2010\Race track - Dec 2010 (51).JPG,1722257,2013-02-27 17:33:40,Extracted
C:\Users\thoma\Documents\Cyber Crimes Tools\Takeout Zips\takeout-20260602T071913Z-11-010.zip,takeout-20260602T071913Z-11-010.zip,Takeout/Drive/Pictures/2010/Race track - Dec 2010 (50).JPG,C:\Users\thoma\Documents\Cyber Crimes Tools\Takeout Extracted\Takeout\Drive\Pictures\2010\Race track - Dec 2010 (50).JPG,1851559,2013-02-27 17:33:34,Extracted
C:\Users\thoma\Documents\Cyber Crimes Tools\Takeout Zips\takeout-20260602T071913Z-11-010.zip,takeout-20260602T071913Z-11-010.zip,Takeout/Drive/Pictures/2010/Race track - Dec 2010 (52).JPG,C:\Users\thoma\Documents\Cyber Crimes Tools\Takeout Extracted\Takeout\Drive\Pictures\2010\Race track - Dec 2010 (52).JPG,1685193,2013-02-27 17:33:46,Extracted
C:\Users\thoma\Documents\Cyber Crimes Tools\Takeout Zips\takeout-20260602T071913Z-11-010.zip,takeout-20260602T071913Z-11-010.zip,Takeout/Drive/Pictures/2010/Race track - Dec 2010 (49).JPG,C:\Users\thoma\Documents\Cyber Crimes Tools\Takeout Extracted\Takeout\Drive\Pictures\2010\Race track - Dec 2010 (49).JPG,1814389,2013-02-27 17:28:50,Extracted
C:\Users\thoma\Documents\Cyber Crimes Tools\Takeout Zips\takeout-20260602T071913Z-11-010.zip,takeout-20260602T071913Z-11-010.zip,Takeout/Drive/Pictures/2010/Race track - Dec 2010 (5).JPG,C:\Users\thoma\Documents\Cyber Crimes Tools\Takeout Extracted\Takeout\Drive\Pictures\2010\Race track - Dec 2010 (5).JPG,1405643,2013-02-27 17:28:56,Extracted
C:\Users\thoma\Documents\Cyber Crimes Tools\Takeout Zips\takeout-20260602T071913Z-11-010.zip,takeout-20260602T071913Z-11-010.zip,Takeout/Drive/Pictures/2010/Race track - Dec 2010 (48).JPG,C:\Users\thoma\Documents\Cyber Crimes Tools\Takeout Extracted\Takeout\Drive\Pictures\2010\Race track - Dec 2010 (48).JPG,1828055,2013-02-27 17:28:42,Extracted
C:\Users\thoma\Documents\Cyber Crimes Tools\Takeout Zips\takeout-20260602T071913Z-11-010.zip,takeout-20260602T071913Z-11-010.zip,Takeout/Drive/Pictures/2010/Race track - Dec 2010 (47).JPG,C:\Users\thoma\Documents\Cyber Crimes Tools\Takeout Extracted\Takeout\Drive\Pictures\2010\Race track - Dec 2010 (47).JPG,1791641,2013-02-27 17:28:34,Extracted
C:\Users\thoma\Documents\Cyber Crimes Tools\Takeout Zips\takeout-20260602T071913Z-11-010.zip,takeout-20260602T071913Z-11-010.zip,Takeout/Drive/Pictures/2010/Race track - Dec 2010 (46).JPG,C:\Users\thoma\Documents\Cyber Crimes Tools\Takeout Extracted\Takeout\Drive\Pictures\2010\Race track - Dec 2010 (46).JPG,1888655,2013-02-27 17:28:22,Extracted
C:\Users\thoma\Documents\Cyber Crimes Tools\Takeout Zips\takeout-20260602T071913Z-11-010.zip,takeout-20260602T071913Z-11-010.zip,Takeout/Drive/Pictures/2010/Race track - Dec 2010 (45).JPG,C:\Users\thoma\Documents\Cyber Crimes Tools\Takeout Extracted\Takeout\Drive\Pictures\2010\Race track - Dec 2010 (45).JPG,1858476,2013-02-27 17:28:16,Extracted
C:\Users\thoma\Documents\Cyber Crimes Tools\Takeout Zips\takeout-20260602T071913Z-11-010.zip,takeout-20260602T071913Z-11-010.zip,Takeout/Drive/Pictures/2010/Race track - Dec 2010 (44).JPG,C:\Users\thoma\Documents\Cyber Crimes Tools\Takeout Extracted\Takeout\Drive\Pictures\2010\Race track - Dec 2010 (44).JPG,1788101,2013-02-27 17:28:08,Extracted
C:\Users\thoma\Documents\Cyber Crimes Tools\Takeout Zips\takeout-20260602T071913Z-11-010.zip,takeout-20260602T071913Z-11-010.zip,Takeout/Drive/Pictures/2010/Race track - Dec 2010 (43).JPG,C:\Users\thoma\Documents\Cyber Crimes Tools\Takeout Extracted\Takeout\Drive\Pictures\2010\Race track - Dec 2010 (43).JPG,1801711,2013-02-27 17:28:00,Extracted
C:\Users\thoma\Documents\Cyber Crimes Tools\Takeout Zips\takeout-20260602T071913Z-11-010.zip,takeout-20260602T071913Z-11-010.zip,Takeout/Drive/Pictures/2010/Race track - Dec 2010 (41).JPG,C:\Users\thoma\Documents\Cyber Crimes Tools\Takeout Extracted\Takeout\Drive\Pictures\2010\Race track - Dec 2010 (41).JPG,1814986,2013-02-27 17:27:46,Extracted
C:\Users\thoma\Documents\Cyber Crimes Tools\Takeout Zips\takeout-20260602T071913Z-11-010.zip,takeout-20260602T071913Z-11-010.zip,Takeout/Drive/Pictures/2010/Race track - Dec 2010 (42).JPG,C:\Users\thoma\Documents\Cyber Crimes Tools\Takeout Extracted\Takeout\Drive\Pictures\2010\Race track - Dec 2010 (42).JPG,1829971,2013-02-27 17:27:52,Extracted
C:\Users\thoma\Documents\Cyber Crimes Tools\Takeout Zips\takeout-20260602T071913Z-11-010.zip,takeout-20260602T071913Z-11-010.zip,Takeout/Drive/Pictures/2010/Race track - Dec 2010 (40).JPG,C:\Users\thoma\Documents\Cyber Crimes Tools\Takeout Extracted\Takeout\Drive\Pictures\2010\Race track - Dec 2010 (40).JPG,1786866,2013-02-27 17:27:38,Extracted
C:\Users\thoma\Documents\Cyber Crimes Tools\Takeout Zips\takeout-20260602T071913Z-11-010.zip,takeout-20260602T071913Z-11-010.zip,Takeout/Drive/Pictures/2010/Race track - Dec 2010 (39).JPG,C:\Users\thoma\Documents\Cyber Crimes Tools\Takeout Extracted\Takeout\Drive\Pictures\2010\Race track - Dec 2010 (39).JPG,1791768,2013-02-27 17:20:28,Extracted
C:\Users\thoma\Documents\Cyber Crimes Tools\Takeout Zips\takeout-20260602T071913Z-11-010.zip,takeout-20260602T071913Z-11-010.zip,Takeout/Drive/Pictures/2010/Race track - Dec 2010 (38).JPG,C:\Users\thoma\Documents\Cyber Crimes Tools\Takeout Extracted\Takeout\Drive\Pictures\2010\Race track - Dec 2010 (38).JPG,1788034,2013-02-27 17:20:20,Extracted
C:\Users\thoma\Documents\Cyber Crimes Tools\Takeout Zips\takeout-20260602T071913Z-11-010.zip,takeout-20260602T071913Z-11-010.zip,Takeout/Drive/Pictures/2010/Race track - Dec 2010 (37).JPG,C:\Users\thoma\Documents\Cyber Crimes Tools\Takeout Extracted\Takeout\Drive\Pictures\2010\Race track - Dec 2010 (37).JPG,1758084,2013-02-27 17:20:12,Extracted
C:\Users\thoma\Documents\Cyber Crimes Tools\Takeout Zips\takeout-20260602T071913Z-11-010.zip,takeout-20260602T071913Z-11-010.zip,Takeout/Drive/Pictures/2009/2009 154.jpg,C:\Users\thoma\Documents\Cyber Crimes Tools\Takeout Extracted\Takeout\Drive\Pictures\2009\2009 154.jpg,797861,2013-02-27 11:08:34,Extracted
C:\Users\thoma\Documents\Cyber Crimes Tools\Takeout Zips\takeout-20260602T071913Z-11-010.zip,takeout-20260602T071913Z-11-010.zip,Takeout/Drive/Pictures/2009/2009 151.jpg,C:\Users\thoma\Documents\Cyber Crimes Tools\Takeout Extracted\Takeout\Drive\Pictures\2009\2009 151.jpg,583658,2013-02-27 11:08:26,Extracted
C:\Users\thoma\Documents\Cyber Crimes Tools\Takeout Zips\takeout-20260602T071913Z-11-010.zip,takeout-20260602T071913Z-11-010.zip,Takeout/Drive/Pictures/2009/2009 147.jpg,C:\Users\thoma\Documents\Cyber Crimes Tools\Takeout Extracted\Takeout\Drive\Pictures\2009\2009 147.jpg,764507,2013-02-27 11:08:22,Extracted
C:\Users\thoma\Documents\Cyber Crimes Tools\Takeout Zips\takeout-20260602T071913Z-11-010.zip,takeout-20260602T071913Z-11-010.zip,Takeout/Drive/Pictures/2009/2009 145.jpg,C:\Users\thoma\Documents\Cyber Crimes Tools\Takeout Extracted\Takeout\Drive\Pictures\2009\2009 145.jpg,781526,2013-02-27 11:08:16,Extracted
C:\Users\thoma\Documents\Cyber Crimes Tools\Takeout Zips\takeout-20260602T071913Z-11-010.zip,takeout-20260602T071913Z-11-010.zip,Takeout/Drive/Pictures/2009/2009 143.jpg,C:\Users\thoma\Documents\Cyber Crimes Tools\Takeout Extracted\Takeout\Drive\Pictures\2009\2009 143.jpg,1155314,2013-02-27 11:08:12,Extracted
C:\Users\thoma\Documents\Cyber Crimes Tools\Takeout Zips\takeout-20260602T071913Z-11-010.zip,takeout-20260602T071913Z-11-010.zip,Takeout/Drive/Pictures/2009/2009 141.jpg,C:\Users\thoma\Documents\Cyber Crimes Tools\Takeout Extracted\Takeout\Drive\Pictures\2009\2009 141.jpg,287912,2013-02-27 11:08:00,Extracted
C:\Users\thoma\Documents\Cyber Crimes Tools\Takeout Zips\takeout-20260602T071913Z-11-010.zip,takeout-20260602T071913Z-11-010.zip,Takeout/Drive/Pictures/2009/2009 130.jpg,C:\Users\thoma\Documents\Cyber Crimes Tools\Takeout Extracted\Takeout\Drive\Pictures\2009\2009 130.jpg,345770,2013-02-27 11:07:48,Extracted
C:\Users\thoma\Documents\Cyber Crimes Tools\Takeout Zips\takeout-20260602T071913Z-11-010.zip,takeout-20260602T071913Z-11-010.zip,Takeout/Drive/Pictures/2009/2009 124.jpg,C:\Users\thoma\Documents\Cyber Crimes Tools\Takeout Extracted\Takeout\Drive\Pictures\2009\2009 124.jpg,299316,2013-02-27 11:07:44,Extracted
C:\Users\thoma\Documents\Cyber Crimes Tools\Takeout Zips\takeout-20260602T071913Z-11-010.zip,takeout-20260602T071913Z-11-010.zip,Takeout/Drive/Pictures/2009/2009 117.jpg,C:\Users\thoma\Documents\Cyber Crimes Tools\Takeout Extracted\Takeout\Drive\Pictures\2009\2009 117.jpg,464219,2013-02-27 11:07:40,Extracted
C:\Users\thoma\Documents\Cyber Crimes Tools\Takeout Zips\takeout-20260602T071913Z-11-010.zip,takeout-20260602T071913Z-11-010.zip,Takeout/Drive/Pictures/2009/2009 113.jpg,C:\Users\thoma\Documents\Cyber Crimes Tools\Takeout Extracted\Takeout\Drive\Pictures\2009\2009 113.jpg,787072,2013-02-27 11:07:24,Extracted
C:\Users\thoma\Documents\Cyber Crimes Tools\Takeout Zips\takeout-20260602T071913Z-11-010.zip,takeout-20260602T071913Z-11-010.zip,Takeout/Drive/Pictures/2009/2009 109.jpg,C:\Users\thoma\Documents\Cyber Crimes Tools\Takeout Extracted\Takeout\Drive\Pictures\2009\2009 109.jpg,1068853,2013-02-27 11:07:18,Extracted
C:\Users\thoma\Documents\Cyber Crimes Tools\Takeout Zips\takeout-20260602T071913Z-11-010.zip,takeout-20260602T071913Z-11-010.zip,Takeout/Drive/Pictures/2010/Race track - Dec 2010 (36).JPG,C:\Users\thoma\Documents\Cyber Crimes Tools\Takeout Extracted\Takeout\Drive\Pictures\2010\Race track - Dec 2010 (36).JPG,1706678,2013-02-27 17:20:04,Extracted
C:\Users\thoma\Documents\Cyber Crimes Tools\Takeout Zips\takeout-20260602T071913Z-11-010.zip,takeout-20260602T071913Z-11-010.zip,Takeout/Drive/Pictures/2010/Race track - Dec 2010 (35).JPG,C:\Users\thoma\Documents\Cyber Crimes Tools\Takeout Extracted\Takeout\Drive\Pictures\2010\Race track - Dec 2010 (35).JPG,1869818,2013-02-27 17:19:58,Extracted
C:\Users\thoma\Documents\Cyber Crimes Tools\Takeout Zips\takeout-20260602T071913Z-11-010.zip,takeout-20260602T071913Z-11-010.zip,Takeout/Drive/Pictures/2010/Race track - Dec 2010 (33).JPG,C:\Users\thoma\Documents\Cyber Crimes Tools\Takeout Extracted\Takeout\Drive\Pictures\2010\Race track - Dec 2010 (33).JPG,1701211,2013-02-27 17:19:42,Extracted
C:\Users\thoma\Documents\Cyber Crimes Tools\Takeout Zips\takeout-20260602T071913Z-11-010.zip,takeout-20260602T071913Z-11-010.zip,Takeout/Drive/Pictures/2010/Race track - Dec 2010 (34).JPG,C:\Users\thoma\Documents\Cyber Crimes Tools\Takeout Extracted\Takeout\Drive\Pictures\2010\Race track - Dec 2010 (34).JPG,1724834,2013-02-27 17:19:50,Extracted
C:\Users\thoma\Documents\Cyber Crimes Tools\Takeout Zips\takeout-20260602T071913Z-11-010.zip,takeout-20260602T071913Z-11-010.zip,Takeout/Drive/Pictures/2010/Race track - Dec 2010 (32).JPG,C:\Users\thoma\Documents\Cyber Crimes Tools\Takeout Extracted\Takeout\Drive\Pictures\2010\Race track - Dec 2010 (32).JPG,1818087,2013-02-27 17:19:34,Extracted
C:\Users\thoma\Documents\Cyber Crimes Tools\Takeout Zips\takeout-20260602T071913Z-11-010.zip,takeout-20260602T071913Z-11-010.zip,Takeout/Drive/Pictures/2010/Race track - Dec 2010 (29).JPG,C:\Users\thoma\Documents\Cyber Crimes Tools\Takeout Extracted\Takeout\Drive\Pictures\2010\Race track - Dec 2010 (29).JPG,1813547,2013-02-27 17:17:04,Extracted
C:\Users\thoma\Documents\Cyber Crimes Tools\Takeout Zips\takeout-20260602T071913Z-11-010.zip,takeout-20260602T071913Z-11-010.zip,Takeout/Drive/Pictures/2010/Race track - Dec 2010 (3).JPG,C:\Users\thoma\Documents\Cyber Crimes Tools\Takeout Extracted\Takeout\Drive\Pictures\2010\Race track - Dec 2010 (3).JPG,1422245,2013-02-27 17:17:12,Extracted
C:\Users\thoma\Documents\Cyber Crimes Tools\Takeout Zips\takeout-20260602T071913Z-11-010.zip,takeout-20260602T071913Z-11-010.zip,Takeout/Drive/Pictures/2010/Race track - Dec 2010 (28).JPG,C:\Users\thoma\Documents\Cyber Crimes Tools\Takeout Extracted\Takeout\Drive\Pictures\2010\Race track - Dec 2010 (28).JPG,1709807,2013-02-27 17:16:56,Extracted
C:\Users\thoma\Documents\Cyber Crimes Tools\Takeout Zips\takeout-20260602T071913Z-11-010.zip,takeout-20260602T071913Z-11-010.zip,Takeout/Drive/Pictures/2010/Race track - Dec 2010 (27).JPG,C:\Users\thoma\Documents\Cyber Crimes Tools\Takeout Extracted\Takeout\Drive\Pictures\2010\Race track - Dec 2010 (27).JPG,1635681,2013-02-27 17:16:50,Extracted
C:\Users\thoma\Documents\Cyber Crimes Tools\Takeout Zips\takeout-20260602T071913Z-11-010.zip,takeout-20260602T071913Z-11-010.zip,Takeout/Drive/Pictures/2010/Race track - Dec 2010 (31).JPG,C:\Users\thoma\Documents\Cyber Crimes Tools\Takeout Extracted\Takeout\Drive\Pictures\2010\Race track - Dec 2010 (31).JPG,1747907,2013-02-27 17:19:26,Extracted
C:\Users\thoma\Documents\Cyber Crimes Tools\Takeout Zips\takeout-20260602T071913Z-11-010.zip,takeout-20260602T071913Z-11-010.zip,Takeout/Drive/Pictures/2010/Race track - Dec 2010 (25).JPG,C:\Users\thoma\Documents\Cyber Crimes Tools\Takeout Extracted\Takeout\Drive\Pictures\2010\Race track - Dec 2010 (25).JPG,1069518,2013-02-27 17:16:34,Extracted
C:\Users\thoma\Documents\Cyber Crimes Tools\Takeout Zips\takeout-20260602T071913Z-11-010.zip,takeout-20260602T071913Z-11-010.zip,Takeout/Drive/Pictures/2010/Race track - Dec 2010 (26).JPG,C:\Users\thoma\Documents\Cyber Crimes Tools\Takeout Extracted\Takeout\Drive\Pictures\2010\Race track - Dec 2010 (26).JPG,1664492,2013-02-27 17:16:42,Extracted
C:\Users\thoma\Documents\Cyber Crimes Tools\Takeout Zips\takeout-20260602T071913Z-11-010.zip,takeout-20260602T071913Z-11-010.zip,Takeout/Drive/Pictures/2010/Race track - Dec 2010 (24).JPG,C:\Users\thoma\Documents\Cyber Crimes Tools\Takeout Extracted\Takeout\Drive\Pictures\2010\Race track - Dec 2010 (24).JPG,1559848,2013-02-27 17:16:28,Extracted
C:\Users\thoma\Documents\Cyber Crimes Tools\Takeout Zips\takeout-20260602T071913Z-11-010.zip,takeout-20260602T071913Z-11-010.zip,Takeout/Drive/Pictures/2010/Race track - Dec 2010 (30).JPG,C:\Users\thoma\Documents\Cyber Crimes Tools\Takeout Extracted\Takeout\Drive\Pictures\2010\Race track - Dec 2010 (30).JPG,1729580,2013-02-27 17:19:20,Extracted
C:\Users\thoma\Documents\Cyber Crimes Tools\Takeout Zips\takeout-20260602T071913Z-11-010.zip,takeout-20260602T071913Z-11-010.zip,Takeout/Drive/Pictures/2010/Race track - Dec 2010 (22).JPG,C:\Users\thoma\Documents\Cyber Crimes Tools\Takeout Extracted\Takeout\Drive\Pictures\2010\Race track - Dec 2010 (22).JPG,1112737,2013-02-27 17:16:14,Extracted
C:\Users\thoma\Documents\Cyber Crimes Tools\Takeout Zips\takeout-20260602T071913Z-11-010.zip,takeout-20260602T071913Z-11-010.zip,Takeout/Drive/Pictures/2010/Race track - Dec 2010 (23).JPG,C:\Users\thoma\Documents\Cyber Crimes Tools\Takeout Extracted\Takeout\Drive\Pictures\2010\Race track - Dec 2010 (23).JPG,1783214,2013-02-27 17:16:22,Extracted
C:\Users\thoma\Documents\Cyber Crimes Tools\Takeout Zips\takeout-20260602T071913Z-11-010.zip,takeout-20260602T071913Z-11-010.zip,Takeout/Drive/Pictures/2010/Race track - Dec 2010 (19).JPG,C:\Users\thoma\Documents\Cyber Crimes Tools\Takeout Extracted\Takeout\Drive\Pictures\2010\Race track - Dec 2010 (19).JPG,1512086,2013-02-27 17:14:10,Extracted
C:\Users\thoma\Documents\Cyber Crimes Tools\Takeout Zips\takeout-20260602T071913Z-11-010.zip,takeout-20260602T071913Z-11-010.zip,Takeout/Drive/Pictures/2010/Race track - Dec 2010 (21).JPG,C:\Users\thoma\Documents\Cyber Crimes Tools\Takeout Extracted\Takeout\Drive\Pictures\2010\Race track - Dec 2010 (21).JPG,1547966,2013-02-27 17:16:10,Extracted
C:\Users\thoma\Documents\Cyber Crimes Tools\Takeout Zips\takeout-20260602T071913Z-11-010.zip,takeout-20260602T071913Z-11-010.zip,Takeout/Drive/Pictures/2010/Race track - Dec 2010 (18).JPG,C:\Users\thoma\Documents\Cyber Crimes Tools\Takeout Extracted\Takeout\Drive\Pictures\2010\Race track - Dec 2010 (18).JPG,1694124,2013-02-27 17:14:04,Extracted
C:\Users\thoma\Documents\Cyber Crimes Tools\Takeout Zips\takeout-20260602T071913Z-11-010.zip,takeout-20260602T071913Z-11-010.zip,Takeout/Drive/Pictures/2010/Race track - Dec 2010 (20).JPG,C:\Users\thoma\Documents\Cyber Crimes Tools\Takeout Extracted\Takeout\Drive\Pictures\2010\Race track - Dec 2010 (20).JPG,1454785,2013-02-27 17:16:02,Extracted
C:\Users\thoma\Documents\Cyber Crimes Tools\Takeout Zips\takeout-20260602T071913Z-11-010.zip,takeout-20260602T071913Z-11-010.zip,Takeout/Drive/Pictures/2011/Nov 12 2011 (43).JPG,C:\Users\thoma\Documents\Cyber Crimes Tools\Takeout Extracted\Takeout\Drive\Pictures\2011\Nov 12 2011 (43).JPG,1680983,2013-02-28 11:11:40,Extracted
C:\Users\thoma\Documents\Cyber Crimes Tools\Takeout Zips\takeout-20260602T071913Z-11-010.zip,takeout-20260602T071913Z-11-010.zip,Takeout/Drive/Pictures/2010/Race track - Dec 2010 (16).JPG,C:\Users\thoma\Documents\Cyber Crimes Tools\Takeout Extracted\Takeout\Drive\Pictures\2010\Race track - Dec 2010 (16).JPG,1381948,2013-02-27 17:13:52,Extracted
C:\Users\thoma\Documents\Cyber Crimes Tools\Takeout Zips\takeout-20260602T071913Z-11-010.zip,takeout-20260602T071913Z-11-010.zip,Takeout/Drive/Pictures/2010/Race track - Dec 2010 (17).JPG,C:\Users\thoma\Documents\Cyber Crimes Tools\Takeout Extracted\Takeout\Drive\Pictures\2010\Race track - Dec 2010 (17).JPG,1374932,2013-02-27 17:13:56,Extracted
C:\Users\thoma\Documents\Cyber Crimes Tools\Takeout Zips\takeout-20260602T071913Z-11-010.zip,takeout-20260602T071913Z-11-010.zip,Takeout/Drive/Pictures/2010/Race track - Dec 2010 (2).JPG,C:\Users\thoma\Documents\Cyber Crimes Tools\Takeout Extracted\Takeout\Drive\Pictures\2010\Race track - Dec 2010 (2).JPG,1040537,2013-02-27 17:14:16,Extracted
C:\Users\thoma\Documents\Cyber Crimes Tools\Takeout Zips\takeout-20260602T071913Z-11-010.zip,takeout-20260602T071913Z-11-010.zip,Takeout/Drive/Pictures/2011/Nov 12 2011 (42).JPG,C:\Users\thoma\Documents\Cyber Crimes Tools\Takeout Extracted\Takeout\Drive\Pictures\2011\Nov 12 2011 (42).JPG,1542217,2013-02-28 11:11:30,Extracted
C:\Users\thoma\Documents\Cyber Crimes Tools\Takeout Zips\takeout-20260602T071913Z-11-010.zip,takeout-20260602T071913Z-11-010.zip,Takeout/Drive/Active Loyal Customers MC.xlsx,C:\Users\thoma\Documents\Cyber Crimes Tools\Takeout Extracted\Takeout\Drive\Active Loyal Customers MC.xlsx,56294,2012-07-20 15:59:06,Extracted
C:\Users\thoma\Documents\Cyber Crimes Tools\Takeout Zips\takeout-20260602T071913Z-11-010.zip,takeout-20260602T071913Z-11-010.zip,Takeout/Drive/Movies/VIDEO_TS/VTS_07_0.IFO,C:\Users\thoma\Documents\Cyber Crimes Tools\Takeout Extracted\Takeout\Drive\Movies\VIDEO_TS\VTS_07_0.IFO,18432,2011-03-14 18:04:04,Extracted
C:\Users\thoma\Documents\Cyber Crimes Tools\Takeout Zips\takeout-20260602T071913Z-11-010.zip,takeout-20260602T071913Z-11-010.zip,Takeout/Drive/Missing Begun Enrollment Leads.xlsx,C:\Users\thoma\Documents\Cyber Crimes Tools\Takeout Extracted\Takeout\Drive\Missing Begun Enrollment Leads.xlsx,33598,2012-03-23 09:49:32,Extracted
C:\Users\thoma\Documents\Cyber Crimes Tools\Takeout Zips\takeout-20260602T071913Z-11-010.zip,takeout-20260602T071913Z-11-010.zip,Takeout/Drive/Pictures/2009/2009 108.jpg,C:\Users\thoma\Documents\Cyber Crimes Tools\Takeout Extracted\Takeout\Drive\Pictures\2009\2009 108.jpg,37324,2013-02-27 11:07:08,Extracted
C:\Users\thoma\Documents\Cyber Crimes Tools\Takeout Zips\takeout-20260602T071913Z-11-010.zip,takeout-20260602T071913Z-11-010.zip,Takeout/Drive/Pictures/2009/2009 102.jpg,C:\Users\thoma\Documents\Cyber Crimes Tools\Takeout Extracted\Takeout\Drive\Pictures\2009\2009 102.jpg,36793,2013-02-27 11:06:58,Extracted
C:\Users\thoma\Documents\Cyber Crimes Tools\Takeout Zips\takeout-20260602T071913Z-11-010.zip,takeout-20260602T071913Z-11-010.zip,Takeout/Drive/Pictures/2009/2009 100.jpg,C:\Users\thoma\Documents\Cyber Crimes Tools\Takeout Extracted\Takeout\Drive\Pictures\2009\2009 100.jpg,20069,2013-02-27 11:06:54,Extracted
C:\Users\thoma\Documents\Cyber Crimes Tools\Takeout Zips\takeout-20260602T071913Z-11-010.zip,takeout-20260602T071913Z-11-010.zip,Takeout/Drive/Pictures/2009/2009 097.jpg,C:\Users\thoma\Documents\Cyber Crimes Tools\Takeout Extracted\Takeout\Drive\Pictures\2009\2009 097.jpg,19699,2013-02-27 11:06:46,Extracted
C:\Users\thoma\Documents\Cyber Crimes Tools\Takeout Zips\takeout-20260602T071913Z-11-010.zip,takeout-20260602T071913Z-11-010.zip,Takeout/Drive/Pictures/2009/2009 090.jpg,C:\Users\thoma\Documents\Cyber Crimes Tools\Takeout Extracted\Takeout\Drive\Pictures\2009\2009 090.jpg,21319,2013-02-27 11:06:40,Extracted
C:\Users\thoma\Documents\Cyber Crimes Tools\Takeout Zips\takeout-20260602T071913Z-11-010.zip,takeout-20260602T071913Z-11-010.zip,Takeout/Drive/Pictures/2009/2009 088.jpg,C:\Users\thoma\Documents\Cyber Crimes Tools\Takeout Extracted\Takeout\Drive\Pictures\2009\2009 088.jpg,21150,2013-02-27 11:06:36,Extracted
C:\Users\thoma\Documents\Cyber Crimes Tools\Takeout Zips\takeout-20260602T071913Z-11-010.zip,takeout-20260602T071913Z-11-010.zip,Takeout/Drive/Pictures/2009/2009 086.jpg,C:\Users\thoma\Documents\Cyber Crimes Tools\Takeout Extracted\Takeout\Drive\Pictures\2009\2009 086.jpg,19978,2013-02-27 11:06:26,Extracted
C:\Users\thoma\Documents\Cyber Crimes Tools\Takeout Zips\takeout-20260602T071913Z-11-010.zip,takeout-20260602T071913Z-11-010.zip,Takeout/Drive/Elizabeth Renee Export.xlsx,C:\Users\thoma\Documents\Cyber Crimes Tools\Takeout Extracted\Takeout\Drive\Elizabeth Renee Export.xlsx,4432,2015-10-13 06:24:26,Extracted
C:\Users\thoma\Documents\Cyber Crimes Tools\Takeout Zips\takeout-20260602T071913Z-11-010.zip,takeout-20260602T071913Z-11-010.zip,Takeout/Drive/Go Pro Books.xlsx,C:\Users\thoma\Documents\Cyber Crimes Tools\Takeout Extracted\Takeout\Drive\Go Pro Books.xlsx,4465,2014-04-08 10:48:00,Extracted
C:\Users\thoma\Documents\Cyber Crimes Tools\Takeout Zips\takeout-20260602T071913Z-11-010.zip,takeout-20260602T071913Z-11-010.zip,Takeout/Drive/Hurd Family Legal/final_document.txt,C:\Users\thoma\Documents\Cyber Crimes Tools\Takeout Extracted\Takeout\Drive\Hurd Family Legal\final_document.txt,388,2023-05-16 11:49:54,Extracted
C:\Users\thoma\Documents\Cyber Crimes Tools\Takeout Zips\takeout-20260602T071913Z-11-011.zip,takeout-20260602T071913Z-11-011.zip,Takeout/Drive/Pictures/2010/What_s in the cookie jar project (12).JPG,C:\Users\thoma\Documents\Cyber Crimes Tools\Takeout Extracted\Takeout\Drive\Pictures\2010\What_s in the cookie jar project (12).JPG,2443090,2013-02-27 17:45:42,Extracted
C:\Users\thoma\Documents\Cyber Crimes Tools\Takeout Zips\takeout-20260602T071913Z-11-011.zip,takeout-20260602T071913Z-11-011.zip,"Takeout/Drive/Pictures/2011/Spruce Creek Park Feb, 2011 (23).JPG","C:\Users\thoma\Documents\Cyber Crimes Tools\Takeout Extracted\Takeout\Drive\Pictures\2011\Spruce Creek Park Feb, 2011 (23).JPG",1497002,2013-02-28 11:26:04,Extracted
C:\Users\thoma\Documents\Cyber Crimes Tools\Takeout Zips\takeout-20260602T071913Z-11-011.zip,takeout-20260602T071913Z-11-011.zip,Takeout/Drive/Lloyd_s of London Summary Component Warranty & .pdf,C:\Users\thoma\Documents\Cyber Crimes Tools\Takeout Extracted\Takeout\Drive\Lloyd_s of London Summary Component Warranty & .pdf,619873,2019-03-02 11:13:18,Extracted
C:\Users\thoma\Documents\Cyber Crimes Tools\Takeout Zips\takeout-20260602T071913Z-11-011.zip,takeout-20260602T071913Z-11-011.zip,Takeout/Drive/Pictures/2011/Nov 12 2011 (18).JPG,C:\Users\thoma\Documents\Cyber Crimes Tools\Takeout Extracted\Takeout\Drive\Pictures\2011\Nov 12 2011 (18).JPG,1378968,2013-02-28 10:47:12,Extracted
C:\Users\thoma\Documents\Cyber Crimes Tools\Takeout Zips\takeout-20260602T071913Z-11-011.zip,takeout-20260602T071913Z-11-011.zip,Takeout/Drive/Pictures/2009/2009 098.jpg,C:\Users\thoma\Documents\Cyber Crimes Tools\Takeout Extracted\Takeout\Drive\Pictures\2009\2009 098.jpg,761682,2013-02-27 11:06:48,Extracted
C:\Users\thoma\Documents\Cyber Crimes Tools\Takeout Zips\takeout-20260602T071913Z-11-011.zip,takeout-20260602T071913Z-11-011.zip,Takeout/Drive/Pictures/2009/2009 099.jpg,C:\Users\thoma\Documents\Cyber Crimes Tools\Takeout Extracted\Takeout\Drive\Pictures\2009\2009 099.jpg,735066,2013-02-27 11:06:54,Extracted
C:\Users\thoma\Documents\Cyber Crimes Tools\Takeout Zips\takeout-20260602T071913Z-11-011.zip,takeout-20260602T071913Z-11-011.zip,Takeout/Drive/Pictures/2009/2009 096.jpg,C:\Users\thoma\Documents\Cyber Crimes Tools\Takeout Extracted\Takeout\Drive\Pictures\2009\2009 096.jpg,560933,2013-02-27 11:06:44,Extracted
C:\Users\thoma\Documents\Cyber Crimes Tools\Takeout Zips\takeout-20260602T071913Z-11-011.zip,takeout-20260602T071913Z-11-011.zip,Takeout/Drive/Pictures/2009/2009 089.jpg,C:\Users\thoma\Documents\Cyber Crimes Tools\Takeout Extracted\Takeout\Drive\Pictures\2009\2009 089.jpg,679572,2013-02-27 11:06:40,Extracted
C:\Users\thoma\Documents\Cyber Crimes Tools\Takeout Zips\takeout-20260602T071913Z-11-011.zip,takeout-20260602T071913Z-11-011.zip,Takeout/Drive/Pictures/2009/2009 087.jpg,C:\Users\thoma\Documents\Cyber Crimes Tools\Takeout Extracted\Takeout\Drive\Pictures\2009\2009 087.jpg,657241,2013-02-27 11:06:34,Extracted
C:\Users\thoma\Documents\Cyber Crimes Tools\Takeout Zips\takeout-20260602T071913Z-11-011.zip,takeout-20260602T071913Z-11-011.zip,Takeout/Drive/Pictures/2009/2009 085.jpg,C:\Users\thoma\Documents\Cyber Crimes Tools\Takeout Extracted\Takeout\Drive\Pictures\2009\2009 085.jpg,697803,2013-02-27 11:06:20,Extracted
C:\Users\thoma\Documents\Cyber Crimes Tools\Takeout Zips\takeout-20260602T071913Z-11-011.zip,takeout-20260602T071913Z-11-011.zip,Takeout/Drive/Pictures/2009/2009 079.jpg,C:\Users\thoma\Documents\Cyber Crimes Tools\Takeout Extracted\Takeout\Drive\Pictures\2009\2009 079.jpg,28500,2013-02-27 11:06:06,Extracted
C:\Users\thoma\Documents\Cyber Crimes Tools\Takeout Zips\takeout-20260602T071913Z-11-011.zip,takeout-20260602T071913Z-11-011.zip,Takeout/Drive/Pictures/2009/2009 084.jpg,C:\Users\thoma\Documents\Cyber Crimes Tools\Takeout Extracted\Takeout\Drive\Pictures\2009\2009 084.jpg,21407,2013-02-27 11:06:16,Extracted
C:\Users\thoma\Documents\Cyber Crimes Tools\Takeout Zips\takeout-20260602T071913Z-11-011.zip,takeout-20260602T071913Z-11-011.zip,Takeout/Drive/Pictures/2009/2009 078.jpg,C:\Users\thoma\Documents\Cyber Crimes Tools\Takeout Extracted\Takeout\Drive\Pictures\2009\2009 078.jpg,933529,2013-02-27 11:06:06,Extracted
C:\Users\thoma\Documents\Cyber Crimes Tools\Takeout Zips\takeout-20260602T071913Z-11-011.zip,takeout-20260602T071913Z-11-011.zip,Takeout/Drive/Pictures/2009/2009 074.jpg,C:\Users\thoma\Documents\Cyber Crimes Tools\Takeout Extracted\Takeout\Drive\Pictures\2009\2009 074.jpg,538157,2013-02-27 11:06:00,Extracted
C:\Users\thoma\Documents\Cyber Crimes Tools\Takeout Zips\takeout-20260602T071913Z-11-011.zip,takeout-20260602T071913Z-11-011.zip,Takeout/Drive/Pictures/2009/2009 073.jpg,C:\Users\thoma\Documents\Cyber Crimes Tools\Takeout Extracted\Takeout\Drive\Pictures\2009\2009 073.jpg,15905,2013-02-27 11:05:58,Extracted
C:\Users\thoma\Documents\Cyber Crimes Tools\Takeout Zips\takeout-20260602T071913Z-11-011.zip,takeout-20260602T071913Z-11-011.zip,Takeout/Drive/Pictures/2009/2009 070.jpg,C:\Users\thoma\Documents\Cyber Crimes Tools\Takeout Extracted\Takeout\Drive\Pictures\2009\2009 070.jpg,15451,2013-02-27 11:05:56,Extracted
C:\Users\thoma\Documents\Cyber Crimes Tools\Takeout Zips\takeout-20260602T071913Z-11-011.zip,takeout-20260602T071913Z-11-011.zip,Takeout/Drive/Pictures/2009/2009 072.jpg,C:\Users\thoma\Documents\Cyber Crimes Tools\Takeout Extracted\Takeout\Drive\Pictures\2009\2009 072.jpg,15684,2013-02-27 11:05:56,Extracted
C:\Users\thoma\Documents\Cyber Crimes Tools\Takeout Zips\takeout-20260602T071913Z-11-011.zip,takeout-20260602T071913Z-11-011.zip,Takeout/Drive/Pictures/2010/Race track - Dec 2010 (14).JPG,C:\Users\thoma\Documents\Cyber Crimes Tools\Takeout Extracted\Takeout\Drive\Pictures\2010\Race track - Dec 2010 (14).JPG,1395755,2013-02-27 17:13:40,Extracted
C:\Users\thoma\Documents\Cyber Crimes Tools\Takeout Zips\takeout-20260602T071913Z-11-011.zip,takeout-20260602T071913Z-11-011.zip,Takeout/Drive/Pictures/2010/Race track - Dec 2010 (10).JPG,C:\Users\thoma\Documents\Cyber Crimes Tools\Takeout Extracted\Takeout\Drive\Pictures\2010\Race track - Dec 2010 (10).JPG,1497550,2013-02-27 17:13:14,Extracted
C:\Users\thoma\Documents\Cyber Crimes Tools\Takeout Zips\takeout-20260602T071913Z-11-011.zip,takeout-20260602T071913Z-11-011.zip,Takeout/Drive/Untitled document(8).docx,C:\Users\thoma\Documents\Cyber Crimes Tools\Takeout Extracted\Takeout\Drive\Untitled document(8).docx,6494,2019-06-13 14:05:34,Extracted
C:\Users\thoma\Documents\Cyber Crimes Tools\Takeout Zips\takeout-20260602T071913Z-11-011.zip,takeout-20260602T071913Z-11-011.zip,Takeout/Drive/Pictures/2010/Race track - Dec 2010 (1).JPG,C:\Users\thoma\Documents\Cyber Crimes Tools\Takeout Extracted\Takeout\Drive\Pictures\2010\Race track - Dec 2010 (1).JPG,1159915,2013-02-27 17:08:14,Extracted
C:\Users\thoma\Documents\Cyber Crimes Tools\Takeout Zips\takeout-20260602T071913Z-11-011.zip,takeout-20260602T071913Z-11-011.zip,Takeout/Drive/Pictures/2010/playtime - Sep 2010 (9).JPG,C:\Users\thoma\Documents\Cyber Crimes Tools\Takeout Extracted\Takeout\Drive\Pictures\2010\playtime - Sep 2010 (9).JPG,978713,2013-02-27 17:08:08,Extracted
C:\Users\thoma\Documents\Cyber Crimes Tools\Takeout Zips\takeout-20260602T071913Z-11-011.zip,takeout-20260602T071913Z-11-011.zip,Takeout/Drive/Kameron_s Loyal Customer List.xlsx,C:\Users\thoma\Documents\Cyber Crimes Tools\Takeout Extracted\Takeout\Drive\Kameron_s Loyal Customer List.xlsx,15942,2012-07-10 16:31:40,Extracted
C:\Users\thoma\Documents\Cyber Crimes Tools\Takeout Zips\takeout-20260602T071913Z-11-011.zip,takeout-20260602T071913Z-11-011.zip,Takeout/Drive/Pictures/2010/playtime - Sep 2010 (7).JPG,C:\Users\thoma\Documents\Cyber Crimes Tools\Takeout Extracted\Takeout\Drive\Pictures\2010\playtime - Sep 2010 (7).JPG,1063939,2013-02-27 17:07:58,Extracted
C:\Users\thoma\Documents\Cyber Crimes Tools\Takeout Zips\takeout-20260602T071913Z-11-011.zip,takeout-20260602T071913Z-11-011.zip,Takeout/Drive/Pictures/2010/playtime - Sep 2010 (5).JPG,C:\Users\thoma\Documents\Cyber Crimes Tools\Takeout Extracted\Takeout\Drive\Pictures\2010\playtime - Sep 2010 (5).JPG,1106595,2013-02-27 17:07:46,Extracted
C:\Users\thoma\Documents\Cyber Crimes Tools\Takeout Zips\takeout-20260602T071913Z-11-011.zip,takeout-20260602T071913Z-11-011.zip,Takeout/Drive/Pictures/2010/playtime - Sep 2010 (4).JPG,C:\Users\thoma\Documents\Cyber Crimes Tools\Takeout Extracted\Takeout\Drive\Pictures\2010\playtime - Sep 2010 (4).JPG,1151842,2013-02-27 17:07:40,Extracted
C:\Users\thoma\Documents\Cyber Crimes Tools\Takeout Zips\takeout-20260602T071913Z-11-011.zip,takeout-20260602T071913Z-11-011.zip,Takeout/Drive/Pictures/2010/playtime - Sep 2010 (20).JPG,C:\Users\thoma\Documents\Cyber Crimes Tools\Takeout Extracted\Takeout\Drive\Pictures\2010\playtime - Sep 2010 (20).JPG,1027813,2013-02-27 17:07:22,Extracted
C:\Users\thoma\Documents\Cyber Crimes Tools\Takeout Zips\takeout-20260602T071913Z-11-011.zip,takeout-20260602T071913Z-11-011.zip,Takeout/Drive/Facilitation Guide for The Work of Byron Katie Fou.docx,C:\Users\thoma\Documents\Cyber Crimes Tools\Takeout Extracted\Takeout\Drive\Facilitation Guide for The Work of Byron Katie Fou.docx,7381,2019-03-15 13:04:14,Extracted
C:\Users\thoma\Documents\Cyber Crimes Tools\Takeout Zips\takeout-20260602T071913Z-11-011.zip,takeout-20260602T071913Z-11-011.zip,Takeout/Drive/Pictures/2009/2009 069.jpg,C:\Users\thoma\Documents\Cyber Crimes Tools\Takeout Extracted\Takeout\Drive\Pictures\2009\2009 069.jpg,475129,2013-02-27 11:05:54,Extracted
C:\Users\thoma\Documents\Cyber Crimes Tools\Takeout Zips\takeout-20260602T071913Z-11-011.zip,takeout-20260602T071913Z-11-011.zip,Takeout/Drive/Pictures/2009/2009 061.jpg,C:\Users\thoma\Documents\Cyber Crimes Tools\Takeout Extracted\Takeout\Drive\Pictures\2009\2009 061.jpg,26080,2013-02-27 11:05:48,Extracted
C:\Users\thoma\Documents\Cyber Crimes Tools\Takeout Zips\takeout-20260602T071913Z-11-011.zip,takeout-20260602T071913Z-11-011.zip,Takeout/Drive/Pictures/2009/2009 059.jpg,C:\Users\thoma\Documents\Cyber Crimes Tools\Takeout Extracted\Takeout\Drive\Pictures\2009\2009 059.jpg,717423,2013-02-27 11:05:28,Extracted
C:\Users\thoma\Documents\Cyber Crimes Tools\Takeout Zips\takeout-20260602T071913Z-11-011.zip,takeout-20260602T071913Z-11-011.zip,Takeout/Drive/Chase9833_Activity_20190605.CSV.xlsx,C:\Users\thoma\Documents\Cyber Crimes Tools\Takeout Extracted\Takeout\Drive\Chase9833_Activity_20190605.CSV.xlsx,36430,2019-06-11 12:35:34,Extracted
C:\Users\thoma\Documents\Cyber Crimes Tools\Takeout Zips\takeout-20260602T071913Z-11-011.zip,takeout-20260602T071913Z-11-011.zip,Takeout/Drive/Pictures/2009/2009 057.jpg,C:\Users\thoma\Documents\Cyber Crimes Tools\Takeout Extracted\Takeout\Drive\Pictures\2009\2009 057.jpg,22098,2013-02-27 11:05:22,Extracted
C:\Users\thoma\Documents\Cyber Crimes Tools\Takeout Zips\takeout-20260602T071913Z-11-011.zip,takeout-20260602T071913Z-11-011.zip,Takeout/Drive/Pictures/2009/2009 068.jpg,C:\Users\thoma\Documents\Cyber Crimes Tools\Takeout Extracted\Takeout\Drive\Pictures\2009\2009 068.jpg,478638,2013-02-27 11:05:52,Extracted
C:\Users\thoma\Documents\Cyber Crimes Tools\Takeout Zips\takeout-20260602T071913Z-11-011.zip,takeout-20260602T071913Z-11-011.zip,Takeout/Drive/Pictures/2009/2009 052.jpg,C:\Users\thoma\Documents\Cyber Crimes Tools\Takeout Extracted\Takeout\Drive\Pictures\2009\2009 052.jpg,1066452,2013-02-27 11:05:20,Extracted
C:\Users\thoma\Documents\Cyber Crimes Tools\Takeout Zips\takeout-20260602T071913Z-11-011.zip,takeout-20260602T071913Z-11-011.zip,Takeout/Drive/Pictures/2009/2009 051.jpg,C:\Users\thoma\Documents\Cyber Crimes Tools\Takeout Extracted\Takeout\Drive\Pictures\2009\2009 051.jpg,32597,2013-02-27 11:05:14,Extracted
C:\Users\thoma\Documents\Cyber Crimes Tools\Takeout Zips\takeout-20260602T071913Z-11-011.zip,takeout-20260602T071913Z-11-011.zip,Takeout/Drive/Pictures/2009/2009 046.jpg,C:\Users\thoma\Documents\Cyber Crimes Tools\Takeout Extracted\Takeout\Drive\Pictures\2009\2009 046.jpg,1017631,2013-02-27 11:05:00,Extracted
C:\Users\thoma\Documents\Cyber Crimes Tools\Takeout Zips\takeout-20260602T071913Z-11-011.zip,takeout-20260602T071913Z-11-011.zip,Takeout/Drive/Pictures/2009/2009 045.jpg,C:\Users\thoma\Documents\Cyber Crimes Tools\Takeout Extracted\Takeout\Drive\Pictures\2009\2009 045.jpg,25925,2013-02-27 11:04:56,Extracted
C:\Users\thoma\Documents\Cyber Crimes Tools\Takeout Zips\takeout-20260602T071913Z-11-011.zip,takeout-20260602T071913Z-11-011.zip,Takeout/Drive/Hurd Family Legal/Response to Contempt/Coinbase-5a2572ad2482610118bfb68c-TransactionsHist.xlsx,C:\Users\thoma\Documents\Cyber Crimes Tools\Takeout Extracted\Takeout\Drive\Hurd Family Legal\Response to Contempt\Coinbase-5a2572ad2482610118bfb68c-TransactionsHist.xlsx,5616,2022-02-13 14:55:20,Extracted
C:\Users\thoma\Documents\Cyber Crimes Tools\Takeout Zips\takeout-20260602T071913Z-11-011.zip,takeout-20260602T071913Z-11-011.zip,Takeout/Drive/Pictures/2009/2009 043.jpg,C:\Users\thoma\Documents\Cyber Crimes Tools\Takeout Extracted\Takeout\Drive\Pictures\2009\2009 043.jpg,35189,2013-02-27 11:04:50,Extracted
C:\Users\thoma\Documents\Cyber Crimes Tools\Takeout Zips\takeout-20260602T071913Z-11-011.zip,takeout-20260602T071913Z-11-011.zip,Takeout/Drive/Pictures/2009/2009 039.jpg,C:\Users\thoma\Documents\Cyber Crimes Tools\Takeout Extracted\Takeout\Drive\Pictures\2009\2009 039.jpg,24887,2013-02-27 11:04:38,Extracted
C:\Users\thoma\Documents\Cyber Crimes Tools\Takeout Zips\takeout-20260602T071913Z-11-011.zip,takeout-20260602T071913Z-11-011.zip,Takeout/Drive/Pictures/2009/2009 041.jpg,C:\Users\thoma\Documents\Cyber Crimes Tools\Takeout Extracted\Takeout\Drive\Pictures\2009\2009 041.jpg,35542,2013-02-27 11:04:44,Extracted
C:\Users\thoma\Documents\Cyber Crimes Tools\Takeout Zips\takeout-20260602T071913Z-11-011.zip,takeout-20260602T071913Z-11-011.zip,Takeout/Drive/Hurd Family Legal/final_document.docx,C:\Users\thoma\Documents\Cyber Crimes Tools\Takeout Extracted\Takeout\Drive\Hurd Family Legal\final_document.docx,7237,2023-05-16 11:50:00,Extracted
C:\Users\thoma\Documents\Cyber Crimes Tools\Takeout Zips\takeout-20260602T071913Z-11-011.zip,takeout-20260602T071913Z-11-011.zip,Takeout/Drive/Pictures/2009/2009 038.jpg,C:\Users\thoma\Documents\Cyber Crimes Tools\Takeout Extracted\Takeout\Drive\Pictures\2009\2009 038.jpg,1062674,2013-02-27 11:04:38,Extracted
C:\Users\thoma\Documents\Cyber Crimes Tools\Takeout Zips\takeout-20260602T071913Z-11-011.zip,takeout-20260602T071913Z-11-011.zip,Takeout/Drive/Copy of Hurd Petition.docx,C:\Users\thoma\Documents\Cyber Crimes Tools\Takeout Extracted\Takeout\Drive\Copy of Hurd Petition.docx,9622,2020-02-18 11:05:18,Extracted
C:\Users\thoma\Documents\Cyber Crimes Tools\Takeout Zips\takeout-20260602T071913Z-11-011.zip,takeout-20260602T071913Z-11-011.zip,Takeout/Drive/Pictures/2009/2009 037.jpg,C:\Users\thoma\Documents\Cyber Crimes Tools\Takeout Extracted\Takeout\Drive\Pictures\2009\2009 037.jpg,24400,2013-02-27 11:04:28,Extracted
C:\Users\thoma\Documents\Cyber Crimes Tools\Takeout Zips\takeout-20260602T071913Z-11-011.zip,takeout-20260602T071913Z-11-011.zip,Takeout/Drive/Syndwire Accounts for Counting Network.xlsx,C:\Users\thoma\Documents\Cyber Crimes Tools\Takeout Extracted\Takeout\Drive\Syndwire Accounts for Counting Network.xlsx,7957,2016-03-07 09:30:52,Extracted
C:\Users\thoma\Documents\Cyber Crimes Tools\Takeout Zips\takeout-20260602T071913Z-11-011.zip,takeout-20260602T071913Z-11-011.zip,Takeout/Drive/Hurd Family Legal/RESPONSE TO PERCEIVED BIAS.docx,C:\Users\thoma\Documents\Cyber Crimes Tools\Takeout Extracted\Takeout\Drive\Hurd Family Legal\RESPONSE TO PERCEIVED BIAS.docx,9340,2023-05-16 21:14:28,Extracted
C:\Users\thoma\Documents\Cyber Crimes Tools\Takeout Zips\takeout-20260602T071913Z-11-011.zip,takeout-20260602T071913Z-11-011.zip,Takeout/Drive/Pictures/2011/Mr. Incredible-Feb 2011 (6).JPG,C:\Users\thoma\Documents\Cyber Crimes Tools\Takeout Extracted\Takeout\Drive\Pictures\2011\Mr. Incredible-Feb 2011 (6).JPG,820830,2013-02-28 10:45:18,Extracted
C:\Users\thoma\Documents\Cyber Crimes Tools\Takeout Zips\takeout-20260602T071913Z-11-011.zip,takeout-20260602T071913Z-11-011.zip,Takeout/Drive/Pictures/2011/Mr. Incredible-Feb 2011 (2).JPG,C:\Users\thoma\Documents\Cyber Crimes Tools\Takeout Extracted\Takeout\Drive\Pictures\2011\Mr. Incredible-Feb 2011 (2).JPG,799850,2013-02-28 10:44:50,Extracted
C:\Users\thoma\Documents\Cyber Crimes Tools\Takeout Zips\takeout-20260602T071913Z-11-011.zip,takeout-20260602T071913Z-11-011.zip,Takeout/Drive/Pictures/2011/Nov 12 2011 (1).MOV,C:\Users\thoma\Documents\Cyber Crimes Tools\Takeout Extracted\Takeout\Drive\Pictures\2011\Nov 12 2011 (1).MOV,2026924,2013-02-28 10:45:44,Extracted
C:\Users\thoma\Documents\Cyber Crimes Tools\Takeout Zips\takeout-20260602T071913Z-11-011.zip,takeout-20260602T071913Z-11-011.zip,Takeout/Drive/Pictures/2011/Mr. Incredible-Feb 2011 (1).JPG,C:\Users\thoma\Documents\Cyber Crimes Tools\Takeout Extracted\Takeout\Drive\Pictures\2011\Mr. Incredible-Feb 2011 (1).JPG,1014426,2013-02-28 10:44:44,Extracted
C:\Users\thoma\Documents\Cyber Crimes Tools\Takeout Zips\takeout-20260602T071913Z-11-011.zip,takeout-20260602T071913Z-11-011.zip,Takeout/Drive/Pictures/2011/MOV01987.THM,C:\Users\thoma\Documents\Cyber Crimes Tools\Takeout Extracted\Takeout\Drive\Pictures\2011\MOV01987.THM,3772,2013-02-28 10:42:44,Extracted
C:\Users\thoma\Documents\Cyber Crimes Tools\Takeout Zips\takeout-20260602T071913Z-11-011.zip,takeout-20260602T071913Z-11-011.zip,Takeout/Drive/Pictures/2011/MOV01956.THM,C:\Users\thoma\Documents\Cyber Crimes Tools\Takeout Extracted\Takeout\Drive\Pictures\2011\MOV01956.THM,4798,2013-02-28 10:40:04,Extracted
C:\Users\thoma\Documents\Cyber Crimes Tools\Takeout Zips\takeout-20260602T071913Z-11-011.zip,takeout-20260602T071913Z-11-011.zip,Takeout/Drive/Pictures/2011/MOV02010.THM,C:\Users\thoma\Documents\Cyber Crimes Tools\Takeout Extracted\Takeout\Drive\Pictures\2011\MOV02010.THM,4723,2013-02-28 10:44:36,Extracted
C:\Users\thoma\Documents\Cyber Crimes Tools\Takeout Zips\takeout-20260602T071913Z-11-011.zip,takeout-20260602T071913Z-11-011.zip,Takeout/Drive/Pictures/2011/MOV01955.THM,C:\Users\thoma\Documents\Cyber Crimes Tools\Takeout Extracted\Takeout\Drive\Pictures\2011\MOV01955.THM,4777,2013-02-28 10:39:26,Extracted
C:\Users\thoma\Documents\Cyber Crimes Tools\Takeout Zips\takeout-20260602T071913Z-11-011.zip,takeout-20260602T071913Z-11-011.zip,Takeout/Drive/MusicSongLyrics.com Synnd Campaign Setup.xlsx,C:\Users\thoma\Documents\Cyber Crimes Tools\Takeout Extracted\Takeout\Drive\MusicSongLyrics.com Synnd Campaign Setup.xlsx,10543,2011-11-29 18:21:52,Extracted
C:\Users\thoma\Documents\Cyber Crimes Tools\Takeout Zips\takeout-20260602T071913Z-11-011.zip,takeout-20260602T071913Z-11-011.zip,Takeout/Drive/Pro Enterprises Amazon Customers.xlsx,C:\Users\thoma\Documents\Cyber Crimes Tools\Takeout Extracted\Takeout\Drive\Pro Enterprises Amazon Customers.xlsx,92299,2014-11-13 10:10:08,Extracted
C:\Users\thoma\Documents\Cyber Crimes Tools\Takeout Zips\takeout-20260602T071913Z-11-011.zip,takeout-20260602T071913Z-11-011.zip,Takeout/Drive/Untitled document(20).docx,C:\Users\thoma\Documents\Cyber Crimes Tools\Takeout Extracted\Takeout\Drive\Untitled document(20).docx,6706,2011-12-01 10:01:26,Extracted
C:\Users\thoma\Documents\Cyber Crimes Tools\Takeout Zips\takeout-20260602T071913Z-11-011.zip,takeout-20260602T071913Z-11-011.zip,Takeout/Drive/Pictures/2011/MOV01953.THM,C:\Users\thoma\Documents\Cyber Crimes Tools\Takeout Extracted\Takeout\Drive\Pictures\2011\MOV01953.THM,3289,2013-02-28 10:33:26,Extracted
C:\Users\thoma\Documents\Cyber Crimes Tools\Takeout Zips\takeout-20260602T071913Z-11-011.zip,takeout-20260602T071913Z-11-011.zip,Takeout/Drive/Pictures/2009/2009 033.jpg,C:\Users\thoma\Documents\Cyber Crimes Tools\Takeout Extracted\Takeout\Drive\Pictures\2009\2009 033.jpg,22989,2013-02-27 11:04:16,Extracted
C:\Users\thoma\Documents\Cyber Crimes Tools\Takeout Zips\takeout-20260602T071913Z-11-011.zip,takeout-20260602T071913Z-11-011.zip,Takeout/Drive/Pictures/2009/2009 035.jpg,C:\Users\thoma\Documents\Cyber Crimes Tools\Takeout Extracted\Takeout\Drive\Pictures\2009\2009 035.jpg,24045,2013-02-27 11:04:22,Extracted
C:\Users\thoma\Documents\Cyber Crimes Tools\Takeout Zips\takeout-20260602T071913Z-11-011.zip,takeout-20260602T071913Z-11-011.zip,Takeout/Drive/Pictures/2009/2009 031.jpg,C:\Users\thoma\Documents\Cyber Crimes Tools\Takeout Extracted\Takeout\Drive\Pictures\2009\2009 031.jpg,22782,2013-02-27 11:04:10,Extracted
C:\Users\thoma\Documents\Cyber Crimes Tools\Takeout Zips\takeout-20260602T071913Z-11-011.zip,takeout-20260602T071913Z-11-011.zip,Takeout/Drive/Pictures/2009/2009 032.jpg,C:\Users\thoma\Documents\Cyber Crimes Tools\Takeout Extracted\Takeout\Drive\Pictures\2009\2009 032.jpg,1040725,2013-02-27 11:04:14,Extracted
C:\Users\thoma\Documents\Cyber Crimes Tools\Takeout Zips\takeout-20260602T071913Z-11-011.zip,takeout-20260602T071913Z-11-011.zip,Takeout/Drive/Pictures/2009/2009 030.jpg,C:\Users\thoma\Documents\Cyber Crimes Tools\Takeout Extracted\Takeout\Drive\Pictures\2009\2009 030.jpg,1077254,2013-02-27 11:04:08,Extracted
C:\Users\thoma\Documents\Cyber Crimes Tools\Takeout Zips\takeout-20260602T071913Z-11-011.zip,takeout-20260602T071913Z-11-011.zip,Takeout/Drive/Pictures/2010/October 2010 (10).JPG,C:\Users\thoma\Documents\Cyber Crimes Tools\Takeout Extracted\Takeout\Drive\Pictures\2010\October 2010 (10).JPG,871491,2013-02-27 16:52:52,Extracted
C:\Users\thoma\Documents\Cyber Crimes Tools\Takeout Zips\takeout-20260602T071913Z-11-011.zip,takeout-20260602T071913Z-11-011.zip,Takeout/Drive/Pictures/2010/Oct 2010 (3).JPG,C:\Users\thoma\Documents\Cyber Crimes Tools\Takeout Extracted\Takeout\Drive\Pictures\2010\Oct 2010 (3).JPG,830696,2013-02-27 16:52:02,Extracted
C:\Users\thoma\Documents\Cyber Crimes Tools\Takeout Zips\takeout-20260602T071913Z-11-011.zip,takeout-20260602T071913Z-11-011.zip,Takeout/Drive/SEO & SMO.docx,C:\Users\thoma\Documents\Cyber Crimes Tools\Takeout Extracted\Takeout\Drive\SEO & SMO.docx,590824,2019-03-07 11:45:22,Extracted
C:\Users\thoma\Documents\Cyber Crimes Tools\Takeout Zips\takeout-20260602T071913Z-11-011.zip,takeout-20260602T071913Z-11-011.zip,Takeout/Drive/Pictures/2009/09122009-Rio-Sierra 001.jpg,C:\Users\thoma\Documents\Cyber Crimes Tools\Takeout Extracted\Takeout\Drive\Pictures\2009\09122009-Rio-Sierra 001.jpg,635578,2013-02-27 11:02:52,Extracted
C:\Users\thoma\Documents\Cyber Crimes Tools\Takeout Zips\takeout-20260602T071913Z-11-011.zip,takeout-20260602T071913Z-11-011.zip,Takeout/Drive/Pictures/2011/MOV01955.MPG,C:\Users\thoma\Documents\Cyber Crimes Tools\Takeout Extracted\Takeout\Drive\Pictures\2011\MOV01955.MPG,1304070,2013-02-28 10:39:24,Extracted
C:\Users\thoma\Documents\Cyber Crimes Tools\Takeout Zips\takeout-20260602T071913Z-11-011.zip,takeout-20260602T071913Z-11-011.zip,Takeout/Drive/Pictures/2010/Road trip to Fl with Kameron-Nov 2010 (10).JPG,C:\Users\thoma\Documents\Cyber Crimes Tools\Takeout Extracted\Takeout\Drive\Pictures\2010\Road trip to Fl with Kameron-Nov 2010 (10).JPG,1495733,2013-02-27 17:41:24,Extracted
C:\Users\thoma\Documents\Cyber Crimes Tools\Takeout Zips\takeout-20260602T071913Z-11-011.zip,takeout-20260602T071913Z-11-011.zip,Takeout/Drive/SCN1584727459357.pdf,C:\Users\thoma\Documents\Cyber Crimes Tools\Takeout Extracted\Takeout\Drive\SCN1584727459357.pdf,2727620,2020-03-20 11:04:18,Extracted
C:\Users\thoma\Documents\Cyber Crimes Tools\Takeout Zips\takeout-20260602T071913Z-11-011.zip,takeout-20260602T071913Z-11-011.zip,Takeout/Drive/Helo_BusinessPlan_May_2019_Edits.docx,C:\Users\thoma\Documents\Cyber Crimes Tools\Takeout Extracted\Takeout\Drive\Helo_BusinessPlan_May_2019_Edits.docx,2790105,2019-06-26 20:20:02,Extracted
C:\Users\thoma\Documents\Cyber Crimes Tools\Takeout Zips\takeout-20260602T071913Z-11-011.zip,takeout-20260602T071913Z-11-011.zip,Takeout/Drive/Elijah_s loving Grandma Turner_s gift.MOV,C:\Users\thoma\Documents\Cyber Crimes Tools\Takeout Extracted\Takeout\Drive\Elijah_s loving Grandma Turner_s gift.MOV,109803333,2014-11-10 09:12:58,Extracted
C:\Users\thoma\Documents\Cyber Crimes Tools\Takeout Zips\takeout-20260602T071913Z-11-011.zip,takeout-20260602T071913Z-11-011.zip,Takeout/Drive/Expert IT/Data 15th Aug.xlsx,C:\Users\thoma\Documents\Cyber Crimes Tools\Takeout Extracted\Takeout\Drive\Expert IT\Data 15th Aug.xlsx,928725,2018-08-16 01:48:02,Extracted
C:\Users\thoma\Documents\Cyber Crimes Tools\Takeout Zips\takeout-20260602T071913Z-11-011.zip,takeout-20260602T071913Z-11-011.zip,Takeout/Drive/SCN1584727256083.pdf,C:\Users\thoma\Documents\Cyber Crimes Tools\Takeout Extracted\Takeout\Drive\SCN1584727256083.pdf,1594783,2020-03-20 11:00:56,Extracted
C:\Users\thoma\Documents\Cyber Crimes Tools\Takeout Zips\takeout-20260602T071913Z-11-011.zip,takeout-20260602T071913Z-11-011.zip,Takeout/Drive/Pictures/2009/Trip To Oregon 2009/Oregon Trip Oct 2009 farewell dinner (130).JPG,C:\Users\thoma\Documents\Cyber Crimes Tools\Takeout Extracted\Takeout\Drive\Pictures\2009\Trip To Oregon 2009\Oregon Trip Oct 2009 farewell dinner (130).JPG,2583752,2013-02-27 12:33:34,Extracted
C:\Users\thoma\Documents\Cyber Crimes Tools\Takeout Zips\takeout-20260602T071913Z-11-011.zip,takeout-20260602T071913Z-11-011.zip,Takeout/Drive/Pictures/2009/Trip To Oregon 2009/Oregon Trip Oct 2009 farewell dinner (128).JPG,C:\Users\thoma\Documents\Cyber Crimes Tools\Takeout Extracted\Takeout\Drive\Pictures\2009\Trip To Oregon 2009\Oregon Trip Oct 2009 farewell dinner (128).JPG,2376784,2013-02-27 12:33:08,Extracted
C:\Users\thoma\Documents\Cyber Crimes Tools\Takeout Zips\takeout-20260602T071913Z-11-011.zip,takeout-20260602T071913Z-11-011.zip,Takeout/Drive/Pictures/2009/Trip To Oregon 2009/Oregon Trip Oct 2009 farewell dinner (129).JPG,C:\Users\thoma\Documents\Cyber Crimes Tools\Takeout Extracted\Takeout\Drive\Pictures\2009\Trip To Oregon 2009\Oregon Trip Oct 2009 farewell dinner (129).JPG,2388037,2013-02-27 12:33:16,Extracted
C:\Users\thoma\Documents\Cyber Crimes Tools\Takeout Zips\takeout-20260602T071913Z-11-011.zip,takeout-20260602T071913Z-11-011.zip,Takeout/Drive/Pictures/2009/Trip To Oregon 2009/Oregon Trip Oct 2009 farewell dinner (127).JPG,C:\Users\thoma\Documents\Cyber Crimes Tools\Takeout Extracted\Takeout\Drive\Pictures\2009\Trip To Oregon 2009\Oregon Trip Oct 2009 farewell dinner (127).JPG,2474531,2013-02-27 12:32:58,Extracted
C:\Users\thoma\Documents\Cyber Crimes Tools\Takeout Zips\takeout-20260602T071913Z-11-011.zip,takeout-20260602T071913Z-11-011.zip,Takeout/Drive/Pictures/2009/Trip To Oregon 2009/Oregon Trip Oct 2009 farewell dinner (125).JPG,C:\Users\thoma\Documents\Cyber Crimes Tools\Takeout Extracted\Takeout\Drive\Pictures\2009\Trip To Oregon 2009\Oregon Trip Oct 2009 farewell dinner (125).JPG,2538461,2013-02-27 12:32:40,Extracted
C:\Users\thoma\Documents\Cyber Crimes Tools\Takeout Zips\takeout-20260602T071913Z-11-011.zip,takeout-20260602T071913Z-11-011.zip,Takeout/Drive/Pictures/2009/Trip To Oregon 2009/Oregon Trip Oct 2009 farewell dinner (124).JPG,C:\Users\thoma\Documents\Cyber Crimes Tools\Takeout Extracted\Takeout\Drive\Pictures\2009\Trip To Oregon 2009\Oregon Trip Oct 2009 farewell dinner (124).JPG,2571016,2013-02-27 12:32:32,Extracted
C:\Users\thoma\Documents\Cyber Crimes Tools\Takeout Zips\takeout-20260602T071913Z-11-011.zip,takeout-20260602T071913Z-11-011.zip,Takeout/Drive/Pictures/2009/Trip To Oregon 2009/Oregon Trip Oct 2009 farewell dinner (126).JPG,C:\Users\thoma\Documents\Cyber Crimes Tools\Takeout Extracted\Takeout\Drive\Pictures\2009\Trip To Oregon 2009\Oregon Trip Oct 2009 farewell dinner (126).JPG,2429263,2013-02-27 12:32:50,Extracted
C:\Users\thoma\Documents\Cyber Crimes Tools\Takeout Zips\takeout-20260602T071913Z-11-011.zip,takeout-20260602T071913Z-11-011.zip,Takeout/Drive/Pictures/2009/Trip To Oregon 2009/Oregon Trip Oct 2009 (99).JPG,C:\Users\thoma\Documents\Cyber Crimes Tools\Takeout Extracted\Takeout\Drive\Pictures\2009\Trip To Oregon 2009\Oregon Trip Oct 2009 (99).JPG,2285063,2013-02-27 12:32:22,Extracted
C:\Users\thoma\Documents\Cyber Crimes Tools\Takeout Zips\takeout-20260602T071913Z-11-011.zip,takeout-20260602T071913Z-11-011.zip,Takeout/Drive/Pictures/2009/Trip To Oregon 2009/Oregon Trip Oct 2009 (98).JPG,C:\Users\thoma\Documents\Cyber Crimes Tools\Takeout Extracted\Takeout\Drive\Pictures\2009\Trip To Oregon 2009\Oregon Trip Oct 2009 (98).JPG,2067313,2013-02-27 12:32:14,Extracted
C:\Users\thoma\Documents\Cyber Crimes Tools\Takeout Zips\takeout-20260602T071913Z-11-011.zip,takeout-20260602T071913Z-11-011.zip,Takeout/Drive/Pictures/2010/Oct 2010 (10).JPG,C:\Users\thoma\Documents\Cyber Crimes Tools\Takeout Extracted\Takeout\Drive\Pictures\2010\Oct 2010 (10).JPG,1258266,2013-02-27 16:44:10,Extracted
C:\Users\thoma\Documents\Cyber Crimes Tools\Takeout Zips\takeout-20260602T071913Z-11-011.zip,takeout-20260602T071913Z-11-011.zip,Takeout/Drive/Pictures/2009/Trip To Oregon 2009/Oregon Trip Oct 2009 (96).JPG,C:\Users\thoma\Documents\Cyber Crimes Tools\Takeout Extracted\Takeout\Drive\Pictures\2009\Trip To Oregon 2009\Oregon Trip Oct 2009 (96).JPG,2418148,2013-02-27 12:32:00,Extracted
C:\Users\thoma\Documents\Cyber Crimes Tools\Takeout Zips\takeout-20260602T071913Z-11-011.zip,takeout-20260602T071913Z-11-011.zip,Takeout/Drive/Pictures/2009/Trip To Oregon 2009/Oregon Trip Oct 2009 (97).JPG,C:\Users\thoma\Documents\Cyber Crimes Tools\Takeout Extracted\Takeout\Drive\Pictures\2009\Trip To Oregon 2009\Oregon Trip Oct 2009 (97).JPG,2050566,2013-02-27 12:32:06,Extracted
C:\Users\thoma\Documents\Cyber Crimes Tools\Takeout Zips\takeout-20260602T071913Z-11-011.zip,takeout-20260602T071913Z-11-011.zip,Takeout/Drive/Pictures/2010/Oct 2010 (1).JPG,C:\Users\thoma\Documents\Cyber Crimes Tools\Takeout Extracted\Takeout\Drive\Pictures\2010\Oct 2010 (1).JPG,817209,2013-02-27 16:37:40,Extracted
C:\Users\thoma\Documents\Cyber Crimes Tools\Takeout Zips\takeout-20260602T071913Z-11-011.zip,takeout-20260602T071913Z-11-011.zip,Takeout/Drive/Pictures/2009/Trip To Oregon 2009/Oregon Trip Oct 2009 (94).JPG,C:\Users\thoma\Documents\Cyber Crimes Tools\Takeout Extracted\Takeout\Drive\Pictures\2009\Trip To Oregon 2009\Oregon Trip Oct 2009 (94).JPG,1986574,2013-02-27 12:31:42,Extracted
C:\Users\thoma\Documents\Cyber Crimes Tools\Takeout Zips\takeout-20260602T071913Z-11-011.zip,takeout-20260602T071913Z-11-011.zip,Takeout/Drive/Pictures/2009/Trip To Oregon 2009/Oregon Trip Oct 2009 (95).JPG,C:\Users\thoma\Documents\Cyber Crimes Tools\Takeout Extracted\Takeout\Drive\Pictures\2009\Trip To Oregon 2009\Oregon Trip Oct 2009 (95).JPG,1931587,2013-02-27 12:31:50,Extracted
C:\Users\thoma\Documents\Cyber Crimes Tools\Takeout Zips\takeout-20260602T071913Z-11-011.zip,takeout-20260602T071913Z-11-011.zip,Takeout/Drive/Pictures/2010/Nov 2010 (9).JPG,C:\Users\thoma\Documents\Cyber Crimes Tools\Takeout Extracted\Takeout\Drive\Pictures\2010\Nov 2010 (9).JPG,862803,2013-02-27 16:37:32,Extracted
C:\Users\thoma\Documents\Cyber Crimes Tools\Takeout Zips\takeout-20260602T071913Z-11-011.zip,takeout-20260602T071913Z-11-011.zip,Takeout/Drive/Pictures/2010/Nov 2010 (8).JPG,C:\Users\thoma\Documents\Cyber Crimes Tools\Takeout Extracted\Takeout\Drive\Pictures\2010\Nov 2010 (8).JPG,1044703,2013-02-27 16:37:28,Extracted
C:\Users\thoma\Documents\Cyber Crimes Tools\Takeout Zips\takeout-20260602T071913Z-11-011.zip,takeout-20260602T071913Z-11-011.zip,Takeout/Drive/Pictures/2010/Nov 2010 (3).JPG,C:\Users\thoma\Documents\Cyber Crimes Tools\Takeout Extracted\Takeout\Drive\Pictures\2010\Nov 2010 (3).JPG,1116861,2013-02-27 16:37:02,Extracted
C:\Users\thoma\Documents\Cyber Crimes Tools\Takeout Zips\takeout-20260602T071913Z-11-011.zip,takeout-20260602T071913Z-11-011.zip,Takeout/Drive/Pictures/2010/Nov 2010.JPG,C:\Users\thoma\Documents\Cyber Crimes Tools\Takeout Extracted\Takeout\Drive\Pictures\2010\Nov 2010.JPG,858412,2013-02-27 16:37:36,Extracted
C:\Users\thoma\Documents\Cyber Crimes Tools\Takeout Zips\takeout-20260602T071913Z-11-011.zip,takeout-20260602T071913Z-11-011.zip,Takeout/Drive/Pictures/2010/Nov 2010 (7).JPG,C:\Users\thoma\Documents\Cyber Crimes Tools\Takeout Extracted\Takeout\Drive\Pictures\2010\Nov 2010 (7).JPG,1211386,2013-02-27 16:37:22,Extracted
C:\Users\thoma\Documents\Cyber Crimes Tools\Takeout Zips\takeout-20260602T071913Z-11-011.zip,takeout-20260602T071913Z-11-011.zip,Takeout/Drive/Pictures/2010/Nov 2010 (5).JPG,C:\Users\thoma\Documents\Cyber Crimes Tools\Takeout Extracted\Takeout\Drive\Pictures\2010\Nov 2010 (5).JPG,1289948,2013-02-27 16:37:12,Extracted
C:\Users\thoma\Documents\Cyber Crimes Tools\Takeout Zips\takeout-20260602T071913Z-11-011.zip,takeout-20260602T071913Z-11-011.zip,Takeout/Drive/Pictures/2010/Nov 2010 (4).JPG,C:\Users\thoma\Documents\Cyber Crimes Tools\Takeout Extracted\Takeout\Drive\Pictures\2010\Nov 2010 (4).JPG,1123003,2013-02-27 16:37:08,Extracted
C:\Users\thoma\Documents\Cyber Crimes Tools\Takeout Zips\takeout-20260602T071913Z-11-011.zip,takeout-20260602T071913Z-11-011.zip,Takeout/Drive/Pictures/2010/Oct 2010 (1).MOV,C:\Users\thoma\Documents\Cyber Crimes Tools\Takeout Extracted\Takeout\Drive\Pictures\2010\Oct 2010 (1).MOV,121561177,2013-02-27 16:44:04,Extracted
C:\Users\thoma\Documents\Cyber Crimes Tools\Takeout Zips\takeout-20260602T071913Z-11-011.zip,takeout-20260602T071913Z-11-011.zip,Takeout/Drive/Pictures/2010/Nov 2010 (1).JPG,C:\Users\thoma\Documents\Cyber Crimes Tools\Takeout Extracted\Takeout\Drive\Pictures\2010\Nov 2010 (1).JPG,997779,2013-02-27 16:36:52,Extracted
C:\Users\thoma\Documents\Cyber Crimes Tools\Takeout Zips\takeout-20260602T071913Z-11-011.zip,takeout-20260602T071913Z-11-011.zip,Takeout/Drive/Pictures/2010/Nov 2010  (8).JPG,C:\Users\thoma\Documents\Cyber Crimes Tools\Takeout Extracted\Takeout\Drive\Pictures\2010\Nov 2010  (8).JPG,947367,2013-02-27 16:36:42,Extracted
C:\Users\thoma\Documents\Cyber Crimes Tools\Takeout Zips\takeout-20260602T071913Z-11-011.zip,takeout-20260602T071913Z-11-011.zip,Takeout/Drive/Pictures/2010/Nov 2010  (4).MOV,C:\Users\thoma\Documents\Cyber Crimes Tools\Takeout Extracted\Takeout\Drive\Pictures\2010\Nov 2010  (4).MOV,800034,2013-02-27 16:36:20,Extracted
C:\Users\thoma\Documents\Cyber Crimes Tools\Takeout Zips\takeout-20260602T071913Z-11-011.zip,takeout-20260602T071913Z-11-011.zip,Takeout/Drive/Pictures/2010/Nov 2010  (4).JPG,C:\Users\thoma\Documents\Cyber Crimes Tools\Takeout Extracted\Takeout\Drive\Pictures\2010\Nov 2010  (4).JPG,1157913,2013-02-27 16:36:16,Extracted
C:\Users\thoma\Documents\Cyber Crimes Tools\Takeout Zips\takeout-20260602T071913Z-11-011.zip,takeout-20260602T071913Z-11-011.zip,Takeout/Drive/Pictures/2010/Nov 2010  (9).JPG,C:\Users\thoma\Documents\Cyber Crimes Tools\Takeout Extracted\Takeout\Drive\Pictures\2010\Nov 2010  (9).JPG,1041495,2013-02-27 16:36:46,Extracted
C:\Users\thoma\Documents\Cyber Crimes Tools\Takeout Zips\takeout-20260602T071913Z-11-011.zip,takeout-20260602T071913Z-11-011.zip,Takeout/Drive/Pictures/2010/Nov 2010  (6).JPG,C:\Users\thoma\Documents\Cyber Crimes Tools\Takeout Extracted\Takeout\Drive\Pictures\2010\Nov 2010  (6).JPG,1198571,2013-02-27 16:36:30,Extracted
C:\Users\thoma\Documents\Cyber Crimes Tools\Takeout Zips\takeout-20260602T071913Z-11-011.zip,takeout-20260602T071913Z-11-011.zip,Takeout/Drive/Pictures/2010/Nov 2010  (3).MOV,C:\Users\thoma\Documents\Cyber Crimes Tools\Takeout Extracted\Takeout\Drive\Pictures\2010\Nov 2010  (3).MOV,52893806,2013-02-27 16:35:58,Extracted
C:\Users\thoma\Documents\Cyber Crimes Tools\Takeout Zips\takeout-20260602T071913Z-11-011.zip,takeout-20260602T071913Z-11-011.zip,Takeout/Drive/Pictures/2010/Nov 2010  (7).JPG,C:\Users\thoma\Documents\Cyber Crimes Tools\Takeout Extracted\Takeout\Drive\Pictures\2010\Nov 2010  (7).JPG,1524705,2013-02-27 16:36:38,Extracted
C:\Users\thoma\Documents\Cyber Crimes Tools\Takeout Zips\takeout-20260602T071913Z-11-011.zip,takeout-20260602T071913Z-11-011.zip,Takeout/Drive/Pictures/2010/Nov 2010  (5).JPG,C:\Users\thoma\Documents\Cyber Crimes Tools\Takeout Extracted\Takeout\Drive\Pictures\2010\Nov 2010  (5).JPG,1140531,2013-02-27 16:36:26,Extracted
C:\Users\thoma\Documents\Cyber Crimes Tools\Takeout Zips\takeout-20260602T071913Z-11-011.zip,takeout-20260602T071913Z-11-011.zip,Takeout/Drive/Pictures/2010/Nov 2010  (3).JPG,C:\Users\thoma\Documents\Cyber Crimes Tools\Takeout Extracted\Takeout\Drive\Pictures\2010\Nov 2010  (3).JPG,982976,2013-02-27 16:33:12,Extracted
C:\Users\thoma\Documents\Cyber Crimes Tools\Takeout Zips\takeout-20260602T071913Z-11-011.zip,takeout-20260602T071913Z-11-011.zip,Takeout/Drive/Pictures/2010/Nov 2010  (2).MOV,C:\Users\thoma\Documents\Cyber Crimes Tools\Takeout Extracted\Takeout\Drive\Pictures\2010\Nov 2010  (2).MOV,60616946,2013-02-27 16:33:08,Extracted
C:\Users\thoma\Documents\Cyber Crimes Tools\Takeout Zips\takeout-20260602T071913Z-11-011.zip,takeout-20260602T071913Z-11-011.zip,Takeout/Drive/Pictures/2010/Nov 2010  (2).JPG,C:\Users\thoma\Documents\Cyber Crimes Tools\Takeout Extracted\Takeout\Drive\Pictures\2010\Nov 2010  (2).JPG,1444747,2013-02-27 16:29:54,Extracted
C:\Users\thoma\Documents\Cyber Crimes Tools\Takeout Zips\takeout-20260602T071913Z-11-011.zip,takeout-20260602T071913Z-11-011.zip,Takeout/Drive/Pictures/2010/Nov 2010  (17).JPG,C:\Users\thoma\Documents\Cyber Crimes Tools\Takeout Extracted\Takeout\Drive\Pictures\2010\Nov 2010  (17).JPG,874524,2013-02-27 16:29:48,Extracted
C:\Users\thoma\Documents\Cyber Crimes Tools\Takeout Zips\takeout-20260602T071913Z-11-011.zip,takeout-20260602T071913Z-11-011.zip,Takeout/Drive/Expert IT/Recently denied.xlsx,C:\Users\thoma\Documents\Cyber Crimes Tools\Takeout Extracted\Takeout\Drive\Expert IT\Recently denied.xlsx,2696302,2018-08-16 22:46:00,Extracted
C:\Users\thoma\Documents\Cyber Crimes Tools\Takeout Zips\takeout-20260602T071913Z-11-011.zip,takeout-20260602T071913Z-11-011.zip,Takeout/Drive/Pictures/2011/MOV01910.MPG,C:\Users\thoma\Documents\Cyber Crimes Tools\Takeout Extracted\Takeout\Drive\Pictures\2011\MOV01910.MPG,11922470,2013-02-28 10:20:00,Extracted
C:\Users\thoma\Documents\Cyber Crimes Tools\Takeout Zips\takeout-20260602T071913Z-11-011.zip,takeout-20260602T071913Z-11-011.zip,Takeout/Drive/Pictures/2011/MOV01909.MPG,C:\Users\thoma\Documents\Cyber Crimes Tools\Takeout Extracted\Takeout\Drive\Pictures\2011\MOV01909.MPG,5235267,2013-02-28 10:19:16,Extracted
C:\Users\thoma\Documents\Cyber Crimes Tools\Takeout Zips\takeout-20260602T071913Z-11-011.zip,takeout-20260602T071913Z-11-011.zip,Takeout/Drive/Pictures/2011/MOV01907.MPG,C:\Users\thoma\Documents\Cyber Crimes Tools\Takeout Extracted\Takeout\Drive\Pictures\2011\MOV01907.MPG,4843288,2013-02-28 10:18:24,Extracted
C:\Users\thoma\Documents\Cyber Crimes Tools\Takeout Zips\takeout-20260602T071913Z-11-011.zip,takeout-20260602T071913Z-11-011.zip,Takeout/Drive/Pictures/2011/MOV01908.MPG,C:\Users\thoma\Documents\Cyber Crimes Tools\Takeout Extracted\Takeout\Drive\Pictures\2011\MOV01908.MPG,6803881,2013-02-28 10:18:52,Extracted
C:\Users\thoma\Documents\Cyber Crimes Tools\Takeout Zips\takeout-20260602T071913Z-11-011.zip,takeout-20260602T071913Z-11-011.zip,Takeout/Drive/Pictures/2011/MOV01905.MPG,C:\Users\thoma\Documents\Cyber Crimes Tools\Takeout Extracted\Takeout\Drive\Pictures\2011\MOV01905.MPG,15201752,2013-02-28 10:17:42,Extracted
C:\Users\thoma\Documents\Cyber Crimes Tools\Takeout Zips\takeout-20260602T071913Z-11-011.zip,takeout-20260602T071913Z-11-011.zip,Takeout/Drive/Pictures/2011/MOV01911.MPG,C:\Users\thoma\Documents\Cyber Crimes Tools\Takeout Extracted\Takeout\Drive\Pictures\2011\MOV01911.MPG,11129421,2013-02-28 10:20:42,Extracted
C:\Users\thoma\Documents\Cyber Crimes Tools\Takeout Zips\takeout-20260602T071913Z-11-011.zip,takeout-20260602T071913Z-11-011.zip,Takeout/Drive/Pictures/2011/MOV01912.MPG,C:\Users\thoma\Documents\Cyber Crimes Tools\Takeout Extracted\Takeout\Drive\Pictures\2011\MOV01912.MPG,4174625,2013-02-28 10:21:00,Extracted
C:\Users\thoma\Documents\Cyber Crimes Tools\Takeout Zips\takeout-20260602T071913Z-11-011.zip,takeout-20260602T071913Z-11-011.zip,Takeout/Drive/Pictures/2009/Trip To Oregon 2009/Oregon Trip Oct 2009 (86).JPG,C:\Users\thoma\Documents\Cyber Crimes Tools\Takeout Extracted\Takeout\Drive\Pictures\2009\Trip To Oregon 2009\Oregon Trip Oct 2009 (86).JPG,2169284,2013-02-27 12:31:04,Extracted
C:\Users\thoma\Documents\Cyber Crimes Tools\Takeout Zips\takeout-20260602T071913Z-11-011.zip,takeout-20260602T071913Z-11-011.zip,Takeout/Drive/Pictures/2009/Trip To Oregon 2009/Oregon Trip Oct 2009 (83).JPG,C:\Users\thoma\Documents\Cyber Crimes Tools\Takeout Extracted\Takeout\Drive\Pictures\2009\Trip To Oregon 2009\Oregon Trip Oct 2009 (83).JPG,2078988,2013-02-27 12:30:38,Extracted
C:\Users\thoma\Documents\Cyber Crimes Tools\Takeout Zips\takeout-20260602T071913Z-11-011.zip,takeout-20260602T071913Z-11-011.zip,Takeout/Drive/Pictures/2009/Trip To Oregon 2009/Oregon Trip Oct 2009 (76).JPG,C:\Users\thoma\Documents\Cyber Crimes Tools\Takeout Extracted\Takeout\Drive\Pictures\2009\Trip To Oregon 2009\Oregon Trip Oct 2009 (76).JPG,2188447,2013-02-27 12:29:32,Extracted
C:\Users\thoma\Documents\Cyber Crimes Tools\Takeout Zips\takeout-20260602T071913Z-11-011.zip,takeout-20260602T071913Z-11-011.zip,Takeout/Drive/Pictures/2010/new pics 422.jpg,C:\Users\thoma\Documents\Cyber Crimes Tools\Takeout Extracted\Takeout\Drive\Pictures\2010\new pics 422.jpg,706561,2013-02-27 14:43:42,Extracted
C:\Users\thoma\Documents\Cyber Crimes Tools\Takeout Zips\takeout-20260602T071913Z-11-011.zip,takeout-20260602T071913Z-11-011.zip,Takeout/Drive/Pictures/2010/new pics 405.jpg,C:\Users\thoma\Documents\Cyber Crimes Tools\Takeout Extracted\Takeout\Drive\Pictures\2010\new pics 405.jpg,21983,2013-02-27 14:43:14,Extracted
C:\Users\thoma\Documents\Cyber Crimes Tools\Takeout Zips\takeout-20260602T071913Z-11-011.zip,takeout-20260602T071913Z-11-011.zip,Takeout/Drive/Pictures/2010/new pics 404.jpg,C:\Users\thoma\Documents\Cyber Crimes Tools\Takeout Extracted\Takeout\Drive\Pictures\2010\new pics 404.jpg,21780,2013-02-27 14:43:12,Extracted
C:\Users\thoma\Documents\Cyber Crimes Tools\Takeout Zips\takeout-20260602T071913Z-11-011.zip,takeout-20260602T071913Z-11-011.zip,Takeout/Drive/Pictures/2010/new pics 402.jpg,C:\Users\thoma\Documents\Cyber Crimes Tools\Takeout Extracted\Takeout\Drive\Pictures\2010\new pics 402.jpg,26948,2013-02-27 14:43:08,Extracted
C:\Users\thoma\Documents\Cyber Crimes Tools\Takeout Zips\takeout-20260602T071913Z-11-011.zip,takeout-20260602T071913Z-11-011.zip,Takeout/Drive/Pictures/2009/Trip To Oregon 2009/Oregon Trip Oct 2009 (51).JPG,C:\Users\thoma\Documents\Cyber Crimes Tools\Takeout Extracted\Takeout\Drive\Pictures\2009\Trip To Oregon 2009\Oregon Trip Oct 2009 (51).JPG,2182812,2013-02-27 12:25:38,Extracted
C:\Users\thoma\Documents\Cyber Crimes Tools\Takeout Zips\takeout-20260602T071913Z-11-011.zip,takeout-20260602T071913Z-11-011.zip,Takeout/Drive/Pictures/2011/Marine Center (12).JPG,C:\Users\thoma\Documents\Cyber Crimes Tools\Takeout Extracted\Takeout\Drive\Pictures\2011\Marine Center (12).JPG,919183,2013-02-28 08:59:36,Extracted
C:\Users\thoma\Documents\Cyber Crimes Tools\Takeout Zips\takeout-20260602T071913Z-11-011.zip,takeout-20260602T071913Z-11-011.zip,Takeout/Drive/Pictures/2011/March 2011 (2).MOV,C:\Users\thoma\Documents\Cyber Crimes Tools\Takeout Extracted\Takeout\Drive\Pictures\2011\March 2011 (2).MOV,33715720,2013-02-28 08:50:56,Extracted
C:\Users\thoma\Documents\Cyber Crimes Tools\Takeout Zips\takeout-20260602T071913Z-11-011.zip,takeout-20260602T071913Z-11-011.zip,Takeout/Drive/Pictures/2009/Trip To Oregon 2009/Oregon Trip Oct 2009 (69).JPG,C:\Users\thoma\Documents\Cyber Crimes Tools\Takeout Extracted\Takeout\Drive\Pictures\2009\Trip To Oregon 2009\Oregon Trip Oct 2009 (69).JPG,2538553,2013-02-27 12:28:24,Extracted
C:\Users\thoma\Documents\Cyber Crimes Tools\Takeout Zips\takeout-20260602T071913Z-11-011.zip,takeout-20260602T071913Z-11-011.zip,Takeout/Drive/Pictures/2011/Micahs 8 yr bday (3).JPG,C:\Users\thoma\Documents\Cyber Crimes Tools\Takeout Extracted\Takeout\Drive\Pictures\2011\Micahs 8 yr bday (3).JPG,1678729,2013-02-28 09:19:16,Extracted
C:\Users\thoma\Documents\Cyber Crimes Tools\Takeout Zips\takeout-20260602T071913Z-11-011.zip,takeout-20260602T071913Z-11-011.zip,Takeout/Drive/Pictures/2011/March 2011 (3).MOV,C:\Users\thoma\Documents\Cyber Crimes Tools\Takeout Extracted\Takeout\Drive\Pictures\2011\March 2011 (3).MOV,1854934,2013-02-28 08:51:04,Extracted
C:\Users\thoma\Documents\Cyber Crimes Tools\Takeout Zips\takeout-20260602T071913Z-11-011.zip,takeout-20260602T071913Z-11-011.zip,Takeout/Drive/Pictures/2011/Micahs 8 yr bday (7).MOV,C:\Users\thoma\Documents\Cyber Crimes Tools\Takeout Extracted\Takeout\Drive\Pictures\2011\Micahs 8 yr bday (7).MOV,107190513,2013-02-28 10:12:50,Extracted
C:\Users\thoma\Documents\Cyber Crimes Tools\Takeout Zips\takeout-20260602T071913Z-11-011.zip,takeout-20260602T071913Z-11-011.zip,"Takeout/Drive/Pictures/2011/Keegan_s staph infection-Jan 23, 2011 (6).JPG","C:\Users\thoma\Documents\Cyber Crimes Tools\Takeout Extracted\Takeout\Drive\Pictures\2011\Keegan_s staph infection-Jan 23, 2011 (6).JPG",739755,2013-02-28 08:42:40,Extracted
C:\Users\thoma\Documents\Cyber Crimes Tools\Takeout Zips\takeout-20260602T071913Z-11-011.zip,takeout-20260602T071913Z-11-011.zip,"Takeout/Drive/Pictures/2011/Keegan_s staph infection-Jan 23, 2011 (7).JPG","C:\Users\thoma\Documents\Cyber Crimes Tools\Takeout Extracted\Takeout\Drive\Pictures\2011\Keegan_s staph infection-Jan 23, 2011 (7).JPG",790192,2013-02-28 08:42:42,Extracted
C:\Users\thoma\Documents\Cyber Crimes Tools\Takeout Zips\takeout-20260602T071913Z-11-011.zip,takeout-20260602T071913Z-11-011.zip,Takeout/Drive/Pictures/2011/Micahs 8 yr bday (2).MOV,C:\Users\thoma\Documents\Cyber Crimes Tools\Takeout Extracted\Takeout\Drive\Pictures\2011\Micahs 8 yr bday (2).MOV,57892741,2013-02-28 09:19:08,Extracted
C:\Users\thoma\Documents\Cyber Crimes Tools\Takeout Zips\takeout-20260602T071913Z-11-011.zip,takeout-20260602T071913Z-11-011.zip,"Takeout/Drive/Pictures/2011/Keegan_s staph infection-Jan 23, 2011 (5).JPG","C:\Users\thoma\Documents\Cyber Crimes Tools\Takeout Extracted\Takeout\Drive\Pictures\2011\Keegan_s staph infection-Jan 23, 2011 (5).JPG",1543678,2013-02-28 08:42:36,Extracted
C:\Users\thoma\Documents\Cyber Crimes Tools\Takeout Zips\takeout-20260602T071913Z-11-011.zip,takeout-20260602T071913Z-11-011.zip,Takeout/Drive/Pictures/2011/Mommy and Elijah go to St. Augustine-Feb 2011.JPG,C:\Users\thoma\Documents\Cyber Crimes Tools\Takeout Extracted\Takeout\Drive\Pictures\2011\Mommy and Elijah go to St. Augustine-Feb 2011.JPG,1033201,2013-02-28 10:12:56,Extracted
C:\Users\thoma\Documents\Cyber Crimes Tools\Takeout Zips\takeout-20260602T071913Z-11-011.zip,takeout-20260602T071913Z-11-011.zip,Takeout/Drive/Pictures/2011/Micahs 8 yr bday (6).MOV,C:\Users\thoma\Documents\Cyber Crimes Tools\Takeout Extracted\Takeout\Drive\Pictures\2011\Micahs 8 yr bday (6).MOV,99667917,2013-02-28 09:29:26,Extracted
C:\Users\thoma\Documents\Cyber Crimes Tools\Takeout Zips\takeout-20260602T071913Z-11-011.zip,takeout-20260602T071913Z-11-011.zip,Takeout/Drive/Pictures/2010/new pics 398.jpg,C:\Users\thoma\Documents\Cyber Crimes Tools\Takeout Extracted\Takeout\Drive\Pictures\2010\new pics 398.jpg,881563,2013-02-27 14:43:02,Extracted
C:\Users\thoma\Documents\Cyber Crimes Tools\Takeout Zips\takeout-20260602T071913Z-11-011.zip,takeout-20260602T071913Z-11-011.zip,"Takeout/Drive/Pictures/2011/Keegan_s staph infection-Jan 23, 2011 (4).JPG","C:\Users\thoma\Documents\Cyber Crimes Tools\Takeout Extracted\Takeout\Drive\Pictures\2011\Keegan_s staph infection-Jan 23, 2011 (4).JPG",1522722,2013-02-28 08:42:28,Extracted
C:\Users\thoma\Documents\Cyber Crimes Tools\Takeout Zips\takeout-20260602T071913Z-11-011.zip,takeout-20260602T071913Z-11-011.zip,Takeout/Drive/Pictures/2011/Micahs 8 yr bday (1).MOV,C:\Users\thoma\Documents\Cyber Crimes Tools\Takeout Extracted\Takeout\Drive\Pictures\2011\Micahs 8 yr bday (1).MOV,2493644,2013-02-28 09:15:48,Extracted
C:\Users\thoma\Documents\Cyber Crimes Tools\Takeout Zips\takeout-20260602T071913Z-11-011.zip,takeout-20260602T071913Z-11-011.zip,Takeout/Drive/Pictures/2011/Micahs 8 yr bday (1).JPG,C:\Users\thoma\Documents\Cyber Crimes Tools\Takeout Extracted\Takeout\Drive\Pictures\2011\Micahs 8 yr bday (1).JPG,1566729,2013-02-28 09:15:40,Extracted
C:\Users\thoma\Documents\Cyber Crimes Tools\Takeout Zips\takeout-20260602T071913Z-11-011.zip,takeout-20260602T071913Z-11-011.zip,Takeout/Drive/Pictures/2010/new pics 396.jpg,C:\Users\thoma\Documents\Cyber Crimes Tools\Takeout Extracted\Takeout\Drive\Pictures\2010\new pics 396.jpg,825324,2013-02-27 14:42:58,Extracted
C:\Users\thoma\Documents\Cyber Crimes Tools\Takeout Zips\takeout-20260602T071913Z-11-011.zip,takeout-20260602T071913Z-11-011.zip,Takeout/Drive/Pictures/2011/MOV01875.MPG,C:\Users\thoma\Documents\Cyber Crimes Tools\Takeout Extracted\Takeout\Drive\Pictures\2011\MOV01875.MPG,10078957,2013-02-28 10:13:32,Extracted
C:\Users\thoma\Documents\Cyber Crimes Tools\Takeout Zips\takeout-20260602T071913Z-11-011.zip,takeout-20260602T071913Z-11-011.zip,Takeout/Drive/Pictures/2010/What_s in the cookie jar project (7).JPG,C:\Users\thoma\Documents\Cyber Crimes Tools\Takeout Extracted\Takeout\Drive\Pictures\2010\What_s in the cookie jar project (7).JPG,2405596,2013-02-27 17:47:34,Extracted
C:\Users\thoma\Documents\Cyber Crimes Tools\Takeout Zips\takeout-20260602T071913Z-11-011.zip,takeout-20260602T071913Z-11-011.zip,Takeout/Drive/Pictures/2010/new pics 395.jpg,C:\Users\thoma\Documents\Cyber Crimes Tools\Takeout Extracted\Takeout\Drive\Pictures\2010\new pics 395.jpg,825674,2013-02-27 14:42:46,Extracted
C:\Users\thoma\Documents\Cyber Crimes Tools\Takeout Zips\takeout-20260602T071913Z-11-011.zip,takeout-20260602T071913Z-11-011.zip,Takeout/Drive/Pictures/2011/Marine Center (9).JPG,C:\Users\thoma\Documents\Cyber Crimes Tools\Takeout Extracted\Takeout\Drive\Pictures\2011\Marine Center (9).JPG,908353,2013-02-28 09:15:32,Extracted
C:\Users\thoma\Documents\Cyber Crimes Tools\Takeout Zips\takeout-20260602T071913Z-11-011.zip,takeout-20260602T071913Z-11-011.zip,Takeout/Drive/Pictures/2011/Marine Center (8).JPG,C:\Users\thoma\Documents\Cyber Crimes Tools\Takeout Extracted\Takeout\Drive\Pictures\2011\Marine Center (8).JPG,800168,2013-02-28 09:15:28,Extracted
C:\Users\thoma\Documents\Cyber Crimes Tools\Takeout Zips\takeout-20260602T071913Z-11-011.zip,takeout-20260602T071913Z-11-011.zip,Takeout/Drive/Pictures/2010/new pics 392.jpg,C:\Users\thoma\Documents\Cyber Crimes Tools\Takeout Extracted\Takeout\Drive\Pictures\2010\new pics 392.jpg,750735,2013-02-27 14:42:40,Extracted
C:\Users\thoma\Documents\Cyber Crimes Tools\Takeout Zips\takeout-20260602T071913Z-11-011.zip,takeout-20260602T071913Z-11-011.zip,Takeout/Drive/Pictures/2010/new pics 388.jpg,C:\Users\thoma\Documents\Cyber Crimes Tools\Takeout Extracted\Takeout\Drive\Pictures\2010\new pics 388.jpg,1136291,2013-02-27 14:42:32,Extracted
C:\Users\thoma\Documents\Cyber Crimes Tools\Takeout Zips\takeout-20260602T071913Z-11-011.zip,takeout-20260602T071913Z-11-011.zip,Takeout/Drive/Pictures/2011/Marine Center (7).JPG,C:\Users\thoma\Documents\Cyber Crimes Tools\Takeout Extracted\Takeout\Drive\Pictures\2011\Marine Center (7).JPG,762945,2013-02-28 09:15:24,Extracted
C:\Users\thoma\Documents\Cyber Crimes Tools\Takeout Zips\takeout-20260602T071913Z-11-011.zip,takeout-20260602T071913Z-11-011.zip,Takeout/Drive/Pictures/2010/new pics 385.jpg,C:\Users\thoma\Documents\Cyber Crimes Tools\Takeout Extracted\Takeout\Drive\Pictures\2010\new pics 385.jpg,838393,2013-02-27 14:42:22,Extracted
C:\Users\thoma\Documents\Cyber Crimes Tools\Takeout Zips\takeout-20260602T071913Z-11-011.zip,takeout-20260602T071913Z-11-011.zip,Takeout/Drive/Pictures/2011/Marine Center (5).JPG,C:\Users\thoma\Documents\Cyber Crimes Tools\Takeout Extracted\Takeout\Drive\Pictures\2011\Marine Center (5).JPG,999975,2013-02-28 09:15:16,Extracted
C:\Users\thoma\Documents\Cyber Crimes Tools\Takeout Zips\takeout-20260602T071913Z-11-011.zip,takeout-20260602T071913Z-11-011.zip,Takeout/Drive/Pictures/2010/new pics 386.jpg,C:\Users\thoma\Documents\Cyber Crimes Tools\Takeout Extracted\Takeout\Drive\Pictures\2010\new pics 386.jpg,804080,2013-02-27 14:42:26,Extracted
C:\Users\thoma\Documents\Cyber Crimes Tools\Takeout Zips\takeout-20260602T071913Z-11-011.zip,takeout-20260602T071913Z-11-011.zip,Takeout/Drive/Pictures/2010/new pics 380.jpg,C:\Users\thoma\Documents\Cyber Crimes Tools\Takeout Extracted\Takeout\Drive\Pictures\2010\new pics 380.jpg,825008,2013-02-27 14:42:00,Extracted
C:\Users\thoma\Documents\Cyber Crimes Tools\Takeout Zips\takeout-20260602T071913Z-11-011.zip,takeout-20260602T071913Z-11-011.zip,Takeout/Drive/Pictures/2010/new pics 390.jpg,C:\Users\thoma\Documents\Cyber Crimes Tools\Takeout Extracted\Takeout\Drive\Pictures\2010\new pics 390.jpg,790809,2013-02-27 14:42:36,Extracted
C:\Users\thoma\Documents\Cyber Crimes Tools\Takeout Zips\takeout-20260602T071913Z-11-011.zip,takeout-20260602T071913Z-11-011.zip,Takeout/Drive/Pictures/2009/Trip To Oregon 2009/Train to Oregon Oct 2009 (9).JPG,C:\Users\thoma\Documents\Cyber Crimes Tools\Takeout Extracted\Takeout\Drive\Pictures\2009\Trip To Oregon 2009\Train to Oregon Oct 2009 (9).JPG,1985853,2013-02-27 12:35:18,Extracted
C:\Users\thoma\Documents\Cyber Crimes Tools\Takeout Zips\takeout-20260602T071913Z-11-011.zip,takeout-20260602T071913Z-11-011.zip,Takeout/Drive/Pictures/2010/What_s in the cookie jar project (11).JPG,C:\Users\thoma\Documents\Cyber Crimes Tools\Takeout Extracted\Takeout\Drive\Pictures\2010\What_s in the cookie jar project (11).JPG,2445864,2013-02-27 17:45:32,Extracted
C:\Users\thoma\Documents\Cyber Crimes Tools\Takeout Zips\takeout-20260602T071913Z-11-011.zip,takeout-20260602T071913Z-11-011.zip,Takeout/Drive/Pictures/2009/2009 013.jpg,C:\Users\thoma\Documents\Cyber Crimes Tools\Takeout Extracted\Takeout\Drive\Pictures\2009\2009 013.jpg,855650,2013-02-27 11:03:08,Extracted
C:\Users\thoma\Documents\Cyber Crimes Tools\Takeout Zips\takeout-20260602T071913Z-11-011.zip,takeout-20260602T071913Z-11-011.zip,Takeout/Drive/Pictures/2011/Nov 12 2011 (4).JPG,C:\Users\thoma\Documents\Cyber Crimes Tools\Takeout Extracted\Takeout\Drive\Pictures\2011\Nov 12 2011 (4).JPG,1822636,2013-02-28 11:10:36,Extracted
C:\Users\thoma\Documents\Cyber Crimes Tools\Takeout Zips\takeout-20260602T071913Z-11-011.zip,takeout-20260602T071913Z-11-011.zip,Takeout/Drive/Pictures/2011/Marine Center (4).JPG,C:\Users\thoma\Documents\Cyber Crimes Tools\Takeout Extracted\Takeout\Drive\Pictures\2011\Marine Center (4).JPG,1174354,2013-02-28 09:09:00,Extracted
C:\Users\thoma\Documents\Cyber Crimes Tools\Takeout Zips\takeout-20260602T071913Z-11-011.zip,takeout-20260602T071913Z-11-011.zip,Takeout/Drive/Pictures/2011/Marine Center (3).MOV,C:\Users\thoma\Documents\Cyber Crimes Tools\Takeout Extracted\Takeout\Drive\Pictures\2011\Marine Center (3).MOV,71791886,2013-02-28 09:08:52,Extracted
C:\Users\thoma\Documents\Cyber Crimes Tools\Takeout Zips\takeout-20260602T071913Z-11-011.zip,takeout-20260602T071913Z-11-011.zip,Takeout/Drive/Pictures/2011/Marine Center (4).MOV,C:\Users\thoma\Documents\Cyber Crimes Tools\Takeout Extracted\Takeout\Drive\Pictures\2011\Marine Center (4).MOV,115804072,2013-02-28 09:15:10,Extracted
C:\Users\thoma\Documents\Cyber Crimes Tools\Takeout Zips\takeout-20260602T071913Z-11-011.zip,takeout-20260602T071913Z-11-011.zip,Takeout/Drive/Pictures/2010/playtime - Sep 2010 (10).JPG,C:\Users\thoma\Documents\Cyber Crimes Tools\Takeout Extracted\Takeout\Drive\Pictures\2010\playtime - Sep 2010 (10).JPG,995411,2013-02-27 17:01:34,Extracted
C:\Users\thoma\Documents\Cyber Crimes Tools\Takeout Zips\takeout-20260602T071913Z-11-011.zip,takeout-20260602T071913Z-11-011.zip,Takeout/Drive/Bahama House - iHotelier Web Audit(1).pptx,C:\Users\thoma\Documents\Cyber Crimes Tools\Takeout Extracted\Takeout\Drive\Bahama House - iHotelier Web Audit(1).pptx,2549445,2016-03-03 20:19:46,Extracted
C:\Users\thoma\Documents\Cyber Crimes Tools\Takeout Zips\takeout-20260602T071913Z-11-011.zip,takeout-20260602T071913Z-11-011.zip,Takeout/Drive/RefundPolicy.pdf,C:\Users\thoma\Documents\Cyber Crimes Tools\Takeout Extracted\Takeout\Drive\RefundPolicy.pdf,2762886,2020-07-02 11:22:44,Extracted
C:\Users\thoma\Documents\Cyber Crimes Tools\Takeout Zips\takeout-20260602T071913Z-11-011.zip,takeout-20260602T071913Z-11-011.zip,Takeout/Drive/Pictures/2010/October 2010 (22).JPG,C:\Users\thoma\Documents\Cyber Crimes Tools\Takeout Extracted\Takeout\Drive\Pictures\2010\October 2010 (22).JPG,937496,2013-02-27 16:53:52,Extracted
C:\Users\thoma\Documents\Cyber Crimes Tools\Takeout Zips\takeout-20260602T071913Z-11-011.zip,takeout-20260602T071913Z-11-011.zip,Takeout/Drive/Copy of Helo_BusinessPlan_May_2019_Edits.docx,C:\Users\thoma\Documents\Cyber Crimes Tools\Takeout Extracted\Takeout\Drive\Copy of Helo_BusinessPlan_May_2019_Edits.docx,1288402,2019-06-26 20:20:02,Extracted
C:\Users\thoma\Documents\Cyber Crimes Tools\Takeout Zips\takeout-20260602T071913Z-11-011.zip,takeout-20260602T071913Z-11-011.zip,"Takeout/Drive/Pictures/2011/Spruce Creek Park Feb, 2011 (19).JPG","C:\Users\thoma\Documents\Cyber Crimes Tools\Takeout Extracted\Takeout\Drive\Pictures\2011\Spruce Creek Park Feb, 2011 (19).JPG",1758560,2013-02-28 11:25:42,Extracted
C:\Users\thoma\Documents\Cyber Crimes Tools\Takeout Zips\takeout-20260602T071913Z-11-011.zip,takeout-20260602T071913Z-11-011.zip,Takeout/Drive/MOU 1000 MW Uttar Pradesh.pdf,C:\Users\thoma\Documents\Cyber Crimes Tools\Takeout Extracted\Takeout\Drive\MOU 1000 MW Uttar Pradesh.pdf,1052796,2019-03-02 11:13:18,Extracted
C:\Users\thoma\Documents\Cyber Crimes Tools\Takeout Zips\takeout-20260602T071913Z-11-011.zip,takeout-20260602T071913Z-11-011.zip,Takeout/Drive/Pictures/2011/Nov 8 2011 (9).JPG,C:\Users\thoma\Documents\Cyber Crimes Tools\Takeout Extracted\Takeout\Drive\Pictures\2011\Nov 8 2011 (9).JPG,1199577,2013-02-28 11:20:28,Extracted
C:\Users\thoma\Documents\Cyber Crimes Tools\Takeout Zips\takeout-20260602T071913Z-11-011.zip,takeout-20260602T071913Z-11-011.zip,Takeout/Drive/GenealogyReport.csv,C:\Users\thoma\Documents\Cyber Crimes Tools\Takeout Extracted\Takeout\Drive\GenealogyReport.csv,1988072,2018-04-12 20:36:48,Extracted
C:\Users\thoma\Documents\Cyber Crimes Tools\Takeout Zips\takeout-20260602T071913Z-11-011.zip,takeout-20260602T071913Z-11-011.zip,Takeout/Drive/Pictures/2010/Road trip to Fl with Kameron-Nov 2010 (1).MOV,C:\Users\thoma\Documents\Cyber Crimes Tools\Takeout Extracted\Takeout\Drive\Pictures\2010\Road trip to Fl with Kameron-Nov 2010 (1).MOV,4227775,2013-02-27 17:41:18,Extracted
C:\Users\thoma\Documents\Cyber Crimes Tools\Takeout Zips\takeout-20260602T071913Z-11-011.zip,takeout-20260602T071913Z-11-011.zip,Takeout/Drive/Pictures/2010/What_s in the cookie jar project (6).JPG,C:\Users\thoma\Documents\Cyber Crimes Tools\Takeout Extracted\Takeout\Drive\Pictures\2010\What_s in the cookie jar project (6).JPG,2690164,2013-02-27 17:47:26,Extracted
C:\Users\thoma\Documents\Cyber Crimes Tools\Takeout Zips\takeout-20260602T071913Z-11-011.zip,takeout-20260602T071913Z-11-011.zip,Takeout/Drive/Pictures/2011/Nov 12 2011 (38).JPG,C:\Users\thoma\Documents\Cyber Crimes Tools\Takeout Extracted\Takeout\Drive\Pictures\2011\Nov 12 2011 (38).JPG,1307599,2013-02-28 11:10:14,Extracted
C:\Users\thoma\Documents\Cyber Crimes Tools\Takeout Zips\takeout-20260602T071913Z-11-011.zip,takeout-20260602T071913Z-11-011.zip,Takeout/Drive/Pictures/2011/Nov 12 2011 (31).JPG,C:\Users\thoma\Documents\Cyber Crimes Tools\Takeout Extracted\Takeout\Drive\Pictures\2011\Nov 12 2011 (31).JPG,1572825,2013-02-28 11:09:42,Extracted
C:\Users\thoma\Documents\Cyber Crimes Tools\Takeout Zips\takeout-20260602T071913Z-11-011.zip,takeout-20260602T071913Z-11-011.zip,Takeout/Drive/Pictures/2011/Nov 12 2011 (39).JPG,C:\Users\thoma\Documents\Cyber Crimes Tools\Takeout Extracted\Takeout\Drive\Pictures\2011\Nov 12 2011 (39).JPG,1163405,2013-02-28 11:10:24,Extracted
C:\Users\thoma\Documents\Cyber Crimes Tools\Takeout Zips\takeout-20260602T071913Z-11-011.zip,takeout-20260602T071913Z-11-011.zip,Takeout/Drive/Pictures/2010/Race track - Dec 2010 (9).JPG,C:\Users\thoma\Documents\Cyber Crimes Tools\Takeout Extracted\Takeout\Drive\Pictures\2010\Race track - Dec 2010 (9).JPG,1322129,2013-02-27 17:40:58,Extracted
C:\Users\thoma\Documents\Cyber Crimes Tools\Takeout Zips\takeout-20260602T071913Z-11-011.zip,takeout-20260602T071913Z-11-011.zip,Takeout/Drive/Pictures/2009/Trip To Oregon 2009/Train to Oregon Oct 2009 (8).JPG,C:\Users\thoma\Documents\Cyber Crimes Tools\Takeout Extracted\Takeout\Drive\Pictures\2009\Trip To Oregon 2009\Train to Oregon Oct 2009 (8).JPG,2603702,2013-02-27 12:35:10,Extracted
C:\Users\thoma\Documents\Cyber Crimes Tools\Takeout Zips\takeout-20260602T071913Z-11-011.zip,takeout-20260602T071913Z-11-011.zip,Takeout/Drive/SCN1584405032737.pdf,C:\Users\thoma\Documents\Cyber Crimes Tools\Takeout Extracted\Takeout\Drive\SCN1584405032737.pdf,1426540,2020-03-16 17:30:32,Extracted
C:\Users\thoma\Documents\Cyber Crimes Tools\Takeout Zips\takeout-20260602T071913Z-11-011.zip,takeout-20260602T071913Z-11-011.zip,Takeout/Drive/Kula Yoga/IMG_0236.JPG,C:\Users\thoma\Documents\Cyber Crimes Tools\Takeout Extracted\Takeout\Drive\Kula Yoga\IMG_0236.JPG,1062921,2016-06-28 13:10:56,Extracted
C:\Users\thoma\Documents\Cyber Crimes Tools\Takeout Zips\takeout-20260602T071913Z-11-011.zip,takeout-20260602T071913Z-11-011.zip,Takeout/Drive/Pictures/2010/new pics 372.jpg,C:\Users\thoma\Documents\Cyber Crimes Tools\Takeout Extracted\Takeout\Drive\Pictures\2010\new pics 372.jpg,905296,2013-02-27 14:41:42,Extracted
C:\Users\thoma\Documents\Cyber Crimes Tools\Takeout Zips\takeout-20260602T071913Z-11-011.zip,takeout-20260602T071913Z-11-011.zip,Takeout/Drive/Retail Customers All FB Custom List.xlsx,C:\Users\thoma\Documents\Cyber Crimes Tools\Takeout Extracted\Takeout\Drive\Retail Customers All FB Custom List.xlsx,10876,2014-03-30 13:12:30,Extracted
C:\Users\thoma\Documents\Cyber Crimes Tools\Takeout Zips\takeout-20260602T071913Z-11-011.zip,takeout-20260602T071913Z-11-011.zip,Takeout/Drive/ent_fish_co_sb_cust_db_3.24.11_final.xlsx,C:\Users\thoma\Documents\Cyber Crimes Tools\Takeout Extracted\Takeout\Drive\ent_fish_co_sb_cust_db_3.24.11_final.xlsx,262854,2011-03-25 06:11:42,Extracted
C:\Users\thoma\Documents\Cyber Crimes Tools\Takeout Zips\takeout-20260602T071913Z-11-011.zip,takeout-20260602T071913Z-11-011.zip,Takeout/Drive/Pictures/2010/new pics 340.jpg,C:\Users\thoma\Documents\Cyber Crimes Tools\Takeout Extracted\Takeout\Drive\Pictures\2010\new pics 340.jpg,30946,2013-02-27 14:40:38,Extracted
C:\Users\thoma\Documents\Cyber Crimes Tools\Takeout Zips\takeout-20260602T071913Z-11-011.zip,takeout-20260602T071913Z-11-011.zip,Takeout/Drive/Pictures/2010/new pics 342.jpg,C:\Users\thoma\Documents\Cyber Crimes Tools\Takeout Extracted\Takeout\Drive\Pictures\2010\new pics 342.jpg,29947,2013-02-27 14:40:44,Extracted
C:\Users\thoma\Documents\Cyber Crimes Tools\Takeout Zips\takeout-20260602T071913Z-11-011.zip,takeout-20260602T071913Z-11-011.zip,Takeout/Drive/Pictures/2010/new pics 327.jpg,C:\Users\thoma\Documents\Cyber Crimes Tools\Takeout Extracted\Takeout\Drive\Pictures\2010\new pics 327.jpg,23310,2013-02-27 14:40:34,Extracted
C:\Users\thoma\Documents\Cyber Crimes Tools\Takeout Zips\takeout-20260602T071913Z-11-011.zip,takeout-20260602T071913Z-11-011.zip,Takeout/Drive/Pictures/2010/new pics 325.jpg,C:\Users\thoma\Documents\Cyber Crimes Tools\Takeout Extracted\Takeout\Drive\Pictures\2010\new pics 325.jpg,19529,2013-02-27 14:40:28,Extracted
C:\Users\thoma\Documents\Cyber Crimes Tools\Takeout Zips\takeout-20260602T071913Z-11-011.zip,takeout-20260602T071913Z-11-011.zip,Takeout/Drive/Abhishek Gupta/Order Tracking.xlsx,C:\Users\thoma\Documents\Cyber Crimes Tools\Takeout Extracted\Takeout\Drive\Abhishek Gupta\Order Tracking.xlsx,50266,2020-02-05 11:28:38,Extracted
C:\Users\thoma\Documents\Cyber Crimes Tools\Takeout Zips\takeout-20260602T071913Z-11-011.zip,takeout-20260602T071913Z-11-011.zip,Takeout/Drive/Pictures/2010/new pics 348.jpg,C:\Users\thoma\Documents\Cyber Crimes Tools\Takeout Extracted\Takeout\Drive\Pictures\2010\new pics 348.jpg,25682,2013-02-27 14:41:00,Extracted
C:\Users\thoma\Documents\Cyber Crimes Tools\Takeout Zips\takeout-20260602T071913Z-11-011.zip,takeout-20260602T071913Z-11-011.zip,Takeout/Drive/Pictures/2010/new pics 314.jpg,C:\Users\thoma\Documents\Cyber Crimes Tools\Takeout Extracted\Takeout\Drive\Pictures\2010\new pics 314.jpg,21542,2013-02-27 14:40:04,Extracted
C:\Users\thoma\Documents\Cyber Crimes Tools\Takeout Zips\takeout-20260602T071913Z-11-011.zip,takeout-20260602T071913Z-11-011.zip,Takeout/Drive/Nerium Keywords.xlsx,C:\Users\thoma\Documents\Cyber Crimes Tools\Takeout Extracted\Takeout\Drive\Nerium Keywords.xlsx,5318,2015-04-21 19:02:50,Extracted
C:\Users\thoma\Documents\Cyber Crimes Tools\Takeout Zips\takeout-20260602T071913Z-11-011.zip,takeout-20260602T071913Z-11-011.zip,Takeout/Drive/Abhishek Gupta/item-sales-summary-2020-01-28-2020-01-28.csv,C:\Users\thoma\Documents\Cyber Crimes Tools\Takeout Extracted\Takeout\Drive\Abhishek Gupta\item-sales-summary-2020-01-28-2020-01-28.csv,373,2020-01-28 14:32:28,Extracted
