EventDateTime,EventType,ExhibitNumber,Description,WhyItMatters,Limitation,RecommendedFollowUp
2024-04-25 12:23:36,Screenshot/Image OCR,EX-062,"Screenshot 2024-04-25 at 12.23.36ΓÇ»PM.jpeg - .11 cn 12:23 Brianna Tucker Brianna Tucker Hey! I was wondering if y'all are hiring? 11:19AM Florida Crystal Well & Sprinkler, Inc. • Steve Roberge 11m set for now. Have you tried water care well drilling 11:41 AM Briann",Shows timing and/or sensitive content in an image linked to the TO: Mom message thread.,OCR and HTML direction inference require native iPhone database confirmation; actor identity not independently proven.,"Verify with native extraction; compare image content, hash, message GUID, and sender/recipient handles."
2024-04-25 12:23:36,Screenshot/Image OCR,EX-162,"Screenshot 2024-04-25 at 12.23.36ΓÇ»PM.jpeg - .11 cn 12:23 Brianna Tucker Brianna Tucker Hey! I was wondering if y'all are hiring? 11:19AM Florida Crystal Well & Sprinkler, Inc. • Steve Roberge 11m set for now. Have you tried water care well drilling 11:41 AM Briann",Shows timing and/or sensitive content in an image linked to the TO: Mom message thread.,OCR and HTML direction inference require native iPhone database confirmation; actor identity not independently proven.,"Verify with native extraction; compare image content, hash, message GUID, and sender/recipient handles."
2024-04-25 12:26:18,Screenshot/Image OCR,EX-063,Screenshot 2024-04-25 at 12.26.18ΓÇ»PM.jpeg - .11 cn 12:26 Chat Settings Personal Send read receipts Let businesses see when you've read their message Allow messages about your reviews Let businesses privately respond to your reviews through chat Business Florida Cr,Shows timing and/or sensitive content in an image linked to the TO: Mom message thread.,OCR and HTML direction inference require native iPhone database confirmation; actor identity not independently proven.,"Verify with native extraction; compare image content, hash, message GUID, and sender/recipient handles."
2024-04-25 12:26:18,Screenshot/Image OCR,EX-163,Screenshot 2024-04-25 at 12.26.18ΓÇ»PM.jpeg - .11 cn 12:26 Chat Settings Personal Send read receipts Let businesses see when you've read their message Allow messages about your reviews Let businesses privately respond to your reviews through chat Business Florida Cr,Shows timing and/or sensitive content in an image linked to the TO: Mom message thread.,OCR and HTML direction inference require native iPhone database confirmation; actor identity not independently proven.,"Verify with native extraction; compare image content, hash, message GUID, and sender/recipient handles."
2024-10-01 00:14:58,Unofficial hearing transcript SRT,EX-203,"THOMAS HURD V. ROBIN HURD 100124 Unofficial Transcript.srt - I was able to find financial statements, business names, EIN numbers in his name, so bank statements and the like.",Categories described in testimony are corroborated by OCR/PDF categories in the message sequence.,Transcript does not prove access method; verify against official transcript/audio.,"Compare testimony against exhibits showing EIN, bank, business, Gmail/Drive/account content."
2024/04/19 11:10:24,Screenshot/Image OCR,EX-001,Screenshot 2024-04-19 at 11.10.03ΓÇ»AM.jpeg - 11:10 Posts Ariana Hurd Photos Amy Barber Ariana Hurd Mar 24 . Happy Birthday O Ariana Hurd Like Q Comment @ Send 14 friends posted on Ariana's timeline for her birthday. BIRTHDAY: MARCH 22 Ariana Hurd Wish Ariana a happ,Shows timing and/or sensitive content in an image linked to the TO: Mom message thread.,OCR and HTML direction inference require native iPhone database confirmation; actor identity not independently proven.,"Verify with native extraction; compare image content, hash, message GUID, and sender/recipient handles."
2024/04/19 11:10:24,Screenshot/Image OCR,EX-100,Screenshot 2024-04-19 at 11.10.03ΓÇ»AM.jpeg - 11:10 Posts Ariana Hurd Photos Amy Barber Ariana Hurd Mar 24 . Happy Birthday O Ariana Hurd Like Q Comment @ Send 14 friends posted on Ariana's timeline for her birthday. BIRTHDAY: MARCH 22 Ariana Hurd Wish Ariana a happ,Shows timing and/or sensitive content in an image linked to the TO: Mom message thread.,OCR and HTML direction inference require native iPhone database confirmation; actor identity not independently proven.,"Verify with native extraction; compare image content, hash, message GUID, and sender/recipient handles."
2024/04/19 11:15:04,Screenshot/Image OCR,EX-002,Screenshot 2024-04-19 at 11.14.53ΓÇ»AM.jpeg - 11:14 Posts d) Like 5G8 Keegan Hurd Photos Q Comment @ Send Share Ariana Hurd is feeling blessed with Keegan Hurd. Jan 22 • Just had the most amazing beach photoshoot with my beautiful family of 9! It's always a challeng,Shows timing and/or sensitive content in an image linked to the TO: Mom message thread.,OCR and HTML direction inference require native iPhone database confirmation; actor identity not independently proven.,"Verify with native extraction; compare image content, hash, message GUID, and sender/recipient handles."
2024/04/19 11:15:04,Screenshot/Image OCR,EX-101,Screenshot 2024-04-19 at 11.14.53ΓÇ»AM.jpeg - 11:14 Posts d) Like 5G8 Keegan Hurd Photos Q Comment @ Send Share Ariana Hurd is feeling blessed with Keegan Hurd. Jan 22 • Just had the most amazing beach photoshoot with my beautiful family of 9! It's always a challeng,Shows timing and/or sensitive content in an image linked to the TO: Mom message thread.,OCR and HTML direction inference require native iPhone database confirmation; actor identity not independently proven.,"Verify with native extraction; compare image content, hash, message GUID, and sender/recipient handles."
2024/04/19 11:21:30,Screenshot/Image OCR,EX-003,"Screenshot 2024-04-19 at 11.21.18ΓÇ»AM.jpeg - 11:21 49 Ariana > Never mind I have to go home now Bc I have been here for like 3 hours wed, Apr 10 at 3:44 PM Hey, how's it going? How was fishing? Today 11:20 AM Are you at school today? Can you call your dad ext Messa",Shows timing and/or sensitive content in an image linked to the TO: Mom message thread.,OCR and HTML direction inference require native iPhone database confirmation; actor identity not independently proven.,"Verify with native extraction; compare image content, hash, message GUID, and sender/recipient handles."
2024/04/19 11:21:30,Screenshot/Image OCR,EX-102,"Screenshot 2024-04-19 at 11.21.18ΓÇ»AM.jpeg - 11:21 49 Ariana > Never mind I have to go home now Bc I have been here for like 3 hours wed, Apr 10 at 3:44 PM Hey, how's it going? How was fishing? Today 11:20 AM Are you at school today? Can you call your dad ext Messa",Shows timing and/or sensitive content in an image linked to the TO: Mom message thread.,OCR and HTML direction inference require native iPhone database confirmation; actor identity not independently proven.,"Verify with native extraction; compare image content, hash, message GUID, and sender/recipient handles."
2024/04/19 19:22:35,Screenshot/Image OCR,EX-004,Screenshot 2024-04-19 at 7.22.24ΓÇ»PM.jpeg - 7:22 Card Thomas Hurd VISA Explore offers Instant discounts Add card to Apple Pay Round Ups Lock card ATM $31 Off,Shows timing and/or sensitive content in an image linked to the TO: Mom message thread.,OCR and HTML direction inference require native iPhone database confirmation; actor identity not independently proven.,"Verify with native extraction; compare image content, hash, message GUID, and sender/recipient handles."
2024/04/19 19:22:35,Screenshot/Image OCR,EX-103,Screenshot 2024-04-19 at 7.22.24ΓÇ»PM.jpeg - 7:22 Card Thomas Hurd VISA Explore offers Instant discounts Add card to Apple Pay Round Ups Lock card ATM $31 Off,Shows timing and/or sensitive content in an image linked to the TO: Mom message thread.,OCR and HTML direction inference require native iPhone database confirmation; actor identity not independently proven.,"Verify with native extraction; compare image content, hash, message GUID, and sender/recipient handles."
2024/04/21 12:06:12,Screenshot/Image OCR,EX-099,beaches i.jpg - 12:05 Places :hes Sunglow Fishing Pier Temporarily closed Beach Quarters Daytona Wilbur Beach Toronita Ave public Beach access LTE Ire OALE asure Toronita Avenue Beach Park Winterhaven Park Winterhaven Beach Ponce Inlet ,Shows timing and/or sensitive content in an image linked to the TO: Mom message thread.,OCR and HTML direction inference require native iPhone database confirmation; actor identity not independently proven.,"Verify with native extraction; compare image content, hash, message GUID, and sender/recipient handles."
2024/04/25 12:28:44,Screenshot/Image OCR,EX-064,Screenshot 2024-04-25 at 12.28.23ΓÇ»PM.jpeg - .11 12:28 Ray Section. My name is Ray. Apr 8 at 7:42 PM Hi. Please text Steve here +1 (386)_ 264-5875 Or call Apr 8 at 8:06PM • Read Ray Thank you. I just sent Steve a text. Apr 8 at 8:33 PM Florida Crystal Well & Sprink,Shows timing and/or sensitive content in an image linked to the TO: Mom message thread.,OCR and HTML direction inference require native iPhone database confirmation; actor identity not independently proven.,"Verify with native extraction; compare image content, hash, message GUID, and sender/recipient handles."
2024/04/25 12:28:44,Screenshot/Image OCR,EX-164,Screenshot 2024-04-25 at 12.28.23ΓÇ»PM.jpeg - .11 12:28 Ray Section. My name is Ray. Apr 8 at 7:42 PM Hi. Please text Steve here +1 (386)_ 264-5875 Or call Apr 8 at 8:06PM • Read Ray Thank you. I just sent Steve a text. Apr 8 at 8:33 PM Florida Crystal Well & Sprink,Shows timing and/or sensitive content in an image linked to the TO: Mom message thread.,OCR and HTML direction inference require native iPhone database confirmation; actor identity not independently proven.,"Verify with native extraction; compare image content, hash, message GUID, and sender/recipient handles."
2024/04/25 12:29:14,Screenshot/Image OCR,EX-065,"Screenshot 2024-04-25 at 12.29.02ΓÇ»PM.jpeg - .11 12:29 Brianna Tucker Brianna Tucker Hey! I was wondering if y'all are hiring? 11:19AM Florida Crystal Well & Sprinkler, Inc. • Steve Roberge 11m set for now. Have you tried water care well drilling 11:41 AM Brianna T",Shows timing and/or sensitive content in an image linked to the TO: Mom message thread.,OCR and HTML direction inference require native iPhone database confirmation; actor identity not independently proven.,"Verify with native extraction; compare image content, hash, message GUID, and sender/recipient handles."
2024/04/25 12:29:14,Screenshot/Image OCR,EX-165,"Screenshot 2024-04-25 at 12.29.02ΓÇ»PM.jpeg - .11 12:29 Brianna Tucker Brianna Tucker Hey! I was wondering if y'all are hiring? 11:19AM Florida Crystal Well & Sprinkler, Inc. • Steve Roberge 11m set for now. Have you tried water care well drilling 11:41 AM Brianna T",Shows timing and/or sensitive content in an image linked to the TO: Mom message thread.,OCR and HTML direction inference require native iPhone database confirmation; actor identity not independently proven.,"Verify with native extraction; compare image content, hash, message GUID, and sender/recipient handles."
2024/04/25 12:32:46,Screenshot/Image OCR,EX-066,"Screenshot 2024-04-25 at 12.32.17ΓÇ»PM.jpeg - .11 12:32 Florida Crystal Well &... 59 Brittany Ln, Palm Coast, FL 32137 0Leve rxuuelye. uuuu Ray Tue 2:14 PM Florida Crystal Well & Sprinkler, Inc. • Stev... Raz Pataca Raz Pataca: Thank you. Aleks Przhelyaskovskiy Alek",Shows timing and/or sensitive content in an image linked to the TO: Mom message thread.,OCR and HTML direction inference require native iPhone database confirmation; actor identity not independently proven.,"Verify with native extraction; compare image content, hash, message GUID, and sender/recipient handles."
2024/04/25 12:32:46,Screenshot/Image OCR,EX-166,"Screenshot 2024-04-25 at 12.32.17ΓÇ»PM.jpeg - .11 12:32 Florida Crystal Well &... 59 Brittany Ln, Palm Coast, FL 32137 0Leve rxuuelye. uuuu Ray Tue 2:14 PM Florida Crystal Well & Sprinkler, Inc. • Stev... Raz Pataca Raz Pataca: Thank you. Aleks Przhelyaskovskiy Alek",Shows timing and/or sensitive content in an image linked to the TO: Mom message thread.,OCR and HTML direction inference require native iPhone database confirmation; actor identity not independently proven.,"Verify with native extraction; compare image content, hash, message GUID, and sender/recipient handles."
2024/04/25 12:33:47,Screenshot/Image OCR,EX-067,"Screenshot 2024-04-25 at 12.33.27ΓÇ»PM.jpeg - .11 12:33 Your businesses x Add a Business Profile Verified Bahama House CHIROPRACTIC 2001 S. Atlantic Ave., Daytona Beach, FL 32... Cambria Massage Therapy - Rita Bena... Harmony, CA 93428, USA Cambria Palms Motel 2662 ",Shows timing and/or sensitive content in an image linked to the TO: Mom message thread.,OCR and HTML direction inference require native iPhone database confirmation; actor identity not independently proven.,"Verify with native extraction; compare image content, hash, message GUID, and sender/recipient handles."
2024/04/25 12:33:47,Screenshot/Image OCR,EX-167,"Screenshot 2024-04-25 at 12.33.27ΓÇ»PM.jpeg - .11 12:33 Your businesses x Add a Business Profile Verified Bahama House CHIROPRACTIC 2001 S. Atlantic Ave., Daytona Beach, FL 32... Cambria Massage Therapy - Rita Bena... Harmony, CA 93428, USA Cambria Palms Motel 2662 ",Shows timing and/or sensitive content in an image linked to the TO: Mom message thread.,OCR and HTML direction inference require native iPhone database confirmation; actor identity not independently proven.,"Verify with native extraction; compare image content, hash, message GUID, and sender/recipient handles."
2024/04/25 12:43:25,Screenshot/Image OCR,EX-068,Screenshot 2024-04-25 at 12.43.03ΓÇ»PM.jpeg - 12:43 Helo Payment Services LLC DBA Helo Payment Services - Virtue Capital Co - Contract Inbox Contract Processing a... 12:18 PM Business Funds to Meet Your Needs ACTION REQ... Contract Proce... 12:41 PM Display images R,Shows timing and/or sensitive content in an image linked to the TO: Mom message thread.,OCR and HTML direction inference require native iPhone database confirmation; actor identity not independently proven.,"Verify with native extraction; compare image content, hash, message GUID, and sender/recipient handles."
2024/04/25 12:43:25,Screenshot/Image OCR,EX-168,Screenshot 2024-04-25 at 12.43.03ΓÇ»PM.jpeg - 12:43 Helo Payment Services LLC DBA Helo Payment Services - Virtue Capital Co - Contract Inbox Contract Processing a... 12:18 PM Business Funds to Meet Your Needs ACTION REQ... Contract Proce... 12:41 PM Display images R,Shows timing and/or sensitive content in an image linked to the TO: Mom message thread.,OCR and HTML direction inference require native iPhone database confirmation; actor identity not independently proven.,"Verify with native extraction; compare image content, hash, message GUID, and sender/recipient handles."
2024/04/25 12:44:27,Screenshot/Image OCR,EX-169,Screenshot 2024-04-25 at 12.44.13ΓÇ»PM.jpeg - 12 : 44 Helo Payment Services LLC DBA Helo Payment Services - Virtue Capital Co - Contract Inbox Contract Proce... 12:18 PM Business Funds to Meet Your Needs ACTION REQUESTED The LCF Group is requesting a signature. REVI,Shows timing and/or sensitive content in an image linked to the TO: Mom message thread.,OCR and HTML direction inference require native iPhone database confirmation; actor identity not independently proven.,"Verify with native extraction; compare image content, hash, message GUID, and sender/recipient handles."
2024/04/25 12:45:32,Screenshot/Image OCR,EX-069,Screenshot 2024-04-25 at 12.45.10ΓÇ»PM.jpeg - 12:45 Completed: Helo Payment Services LLC DBA Helo Payment Services - Virtue Capital Co - Contract Inbox Underwriting vi... 12:28 PM Display images DocuSign Your document has been completed VIEW COMPLETED DOCUMENTS Unde,Shows timing and/or sensitive content in an image linked to the TO: Mom message thread.,OCR and HTML direction inference require native iPhone database confirmation; actor identity not independently proven.,"Verify with native extraction; compare image content, hash, message GUID, and sender/recipient handles."
2024/04/25 12:45:32,Screenshot/Image OCR,EX-170,Screenshot 2024-04-25 at 12.45.10ΓÇ»PM.jpeg - 12:45 Completed: Helo Payment Services LLC DBA Helo Payment Services - Virtue Capital Co - Contract Inbox Underwriting vi... 12:28 PM Display images DocuSign Your document has been completed VIEW COMPLETED DOCUMENTS Unde,Shows timing and/or sensitive content in an image linked to the TO: Mom message thread.,OCR and HTML direction inference require native iPhone database confirmation; actor identity not independently proven.,"Verify with native extraction; compare image content, hash, message GUID, and sender/recipient handles."
2024/04/25 12:47:10,Screenshot/Image OCR,EX-070,"Screenshot 2024-04-25 at 12.46.57ΓÇ»PM.jpeg - 12:46 Reminder: Jonathan Braese requests $22.00 - Micro+xfer Inbox Venmo 11:55 AM Display images venmo venmo Jonathan Braese requests $22.00 Micro+xfer Complete Charge Venmo is a service of PayPal, Inc., a licensed provi",Shows timing and/or sensitive content in an image linked to the TO: Mom message thread.,OCR and HTML direction inference require native iPhone database confirmation; actor identity not independently proven.,"Verify with native extraction; compare image content, hash, message GUID, and sender/recipient handles."
2024/04/25 12:47:10,Screenshot/Image OCR,EX-171,"Screenshot 2024-04-25 at 12.46.57ΓÇ»PM.jpeg - 12:46 Reminder: Jonathan Braese requests $22.00 - Micro+xfer Inbox Venmo 11:55 AM Display images venmo venmo Jonathan Braese requests $22.00 Micro+xfer Complete Charge Venmo is a service of PayPal, Inc., a licensed provi",Shows timing and/or sensitive content in an image linked to the TO: Mom message thread.,OCR and HTML direction inference require native iPhone database confirmation; actor identity not independently proven.,"Verify with native extraction; compare image content, hash, message GUID, and sender/recipient handles."
2024/04/25 12:48:16,Screenshot/Image OCR,EX-071,Screenshot 2024-04-25 at 12.48.04ΓÇ»PM.jpeg - 12:48 Message from Brianna Tucker Inbox Googl... to me 11:20 AM Unsubscribe From Reply To To Date Google Business Profile businessprofile- noreply@google.com Google Business Profile businessprofile- noreply@google.com ke,Shows timing and/or sensitive content in an image linked to the TO: Mom message thread.,OCR and HTML direction inference require native iPhone database confirmation; actor identity not independently proven.,"Verify with native extraction; compare image content, hash, message GUID, and sender/recipient handles."
2024/04/25 12:48:16,Screenshot/Image OCR,EX-172,Screenshot 2024-04-25 at 12.48.04ΓÇ»PM.jpeg - 12:48 Message from Brianna Tucker Inbox Googl... to me 11:20 AM Unsubscribe From Reply To To Date Google Business Profile businessprofile- noreply@google.com Google Business Profile businessprofile- noreply@google.com ke,Shows timing and/or sensitive content in an image linked to the TO: Mom message thread.,OCR and HTML direction inference require native iPhone database confirmation; actor identity not independently proven.,"Verify with native extraction; compare image content, hash, message GUID, and sender/recipient handles."
2024/04/25 12:49:24,Screenshot/Image OCR,EX-072,"Screenshot 2024-04-25 at 12.49.10ΓÇ»PM.jpeg - 12:49 Everest Business Funding - Complete Request X) Inbox admin 10:33AM Dear , Thank you for your interest in Everest Busin... admin 10:34 AM Display images Dear , Thank you for your interest in Everest Business Funding",Shows timing and/or sensitive content in an image linked to the TO: Mom message thread.,OCR and HTML direction inference require native iPhone database confirmation; actor identity not independently proven.,"Verify with native extraction; compare image content, hash, message GUID, and sender/recipient handles."
2024/04/25 12:49:24,Screenshot/Image OCR,EX-173,"Screenshot 2024-04-25 at 12.49.10ΓÇ»PM.jpeg - 12:49 Everest Business Funding - Complete Request X) Inbox admin 10:33AM Dear , Thank you for your interest in Everest Busin... admin 10:34 AM Display images Dear , Thank you for your interest in Everest Business Funding",Shows timing and/or sensitive content in an image linked to the TO: Mom message thread.,OCR and HTML direction inference require native iPhone database confirmation; actor identity not independently proven.,"Verify with native extraction; compare image content, hash, message GUID, and sender/recipient handles."
2024/04/25 12:51:02,Screenshot/Image OCR,EX-174,"Screenshot 2024-04-25 at 12.50.49ΓÇ»PM.jpeg - 12:50 Helo Payment Services LLC App Info From To Date Inbox Apr 23 me to info Keegan Hurd keeganhurd@gmail.com info@virtuecapitalco.com Apr 23, 2024 at 2:34 PM EIN: 84-2520853 https;/./uyobiz.wymgoy/ Business/FilingDetai",Shows timing and/or sensitive content in an image linked to the TO: Mom message thread.,OCR and HTML direction inference require native iPhone database confirmation; actor identity not independently proven.,"Verify with native extraction; compare image content, hash, message GUID, and sender/recipient handles."
2024/04/25 12:54:20,PDF attachment,EX-201,FILE_5531.pdf - IRS CP 575 EIN notice for HELO PAYMENT SERVICES LLC.,"Proves the April 25 sequence included an actual sensitive IRS/EIN business PDF, not just screenshots.",HTML direction inference requires native iPhone database confirmation; actor identity not independently proven.,Confirm PDF attachment metadata in native iPhone database and compare hash to all provider records.
2024/04/25 12:54:44,Screenshot/Image OCR,EX-073,"Screenshot 2024-04-25 at 12.54.32ΓÇ»PM.jpeg - 12:54 HELO Payment Service... # IRS DEPARTMENT OF THE TREASURY INTERNAL REVENUE SERVICE 45999-0023 CINCINNATI OH HELO PAYMENT SERVICES LLC THOMAS KEEGAN HURD MBR 3501 S ATLANTIC AVE UNIT 304 DAYTONA BEACH SHORES, FL 3211",Shows timing and/or sensitive content in an image linked to the TO: Mom message thread.,OCR and HTML direction inference require native iPhone database confirmation; actor identity not independently proven.,"Verify with native extraction; compare image content, hash, message GUID, and sender/recipient handles."
2024/04/25 12:54:44,Screenshot/Image OCR,EX-175,"Screenshot 2024-04-25 at 12.54.32ΓÇ»PM.jpeg - 12:54 HELO Payment Service... # IRS DEPARTMENT OF THE TREASURY INTERNAL REVENUE SERVICE 45999-0023 CINCINNATI OH HELO PAYMENT SERVICES LLC THOMAS KEEGAN HURD MBR 3501 S ATLANTIC AVE UNIT 304 DAYTONA BEACH SHORES, FL 3211",Shows timing and/or sensitive content in an image linked to the TO: Mom message thread.,OCR and HTML direction inference require native iPhone database confirmation; actor identity not independently proven.,"Verify with native extraction; compare image content, hash, message GUID, and sender/recipient handles."
2024/04/25 12:56:24,Screenshot/Image OCR,EX-074,Screenshot 2024-04-25 at 12.56.09ΓÇ»PM.jpeg - 12:56 Apr 23 me to info v Sent from my iPhone,Shows timing and/or sensitive content in an image linked to the TO: Mom message thread.,OCR and HTML direction inference require native iPhone database confirmation; actor identity not independently proven.,"Verify with native extraction; compare image content, hash, message GUID, and sender/recipient handles."
2024/04/25 12:56:24,Screenshot/Image OCR,EX-176,Screenshot 2024-04-25 at 12.56.09ΓÇ»PM.jpeg - 12:56 Apr 23 me to info v Sent from my iPhone,Shows timing and/or sensitive content in an image linked to the TO: Mom message thread.,OCR and HTML direction inference require native iPhone database confirmation; actor identity not independently proven.,"Verify with native extraction; compare image content, hash, message GUID, and sender/recipient handles."
2024/04/25 12:56:47,Screenshot/Image OCR,EX-075,"Screenshot 2024-04-25 at 12.56.37ΓÇ»PM.jpeg - 12:56 From To Date Virtue Capital Apr 23 to me Virtue Capital info@virtuecapitalco.com Keegan Hurd keeganhurd@gmail.com Apr 23, 2024 at 2:56 PM Standard encryption (TLS) Learn more Please send me over a picture copy of y",Shows timing and/or sensitive content in an image linked to the TO: Mom message thread.,OCR and HTML direction inference require native iPhone database confirmation; actor identity not independently proven.,"Verify with native extraction; compare image content, hash, message GUID, and sender/recipient handles."
2024/04/25 12:56:47,Screenshot/Image OCR,EX-177,"Screenshot 2024-04-25 at 12.56.37ΓÇ»PM.jpeg - 12:56 From To Date Virtue Capital Apr 23 to me Virtue Capital info@virtuecapitalco.com Keegan Hurd keeganhurd@gmail.com Apr 23, 2024 at 2:56 PM Standard encryption (TLS) Learn more Please send me over a picture copy of y",Shows timing and/or sensitive content in an image linked to the TO: Mom message thread.,OCR and HTML direction inference require native iPhone database confirmation; actor identity not independently proven.,"Verify with native extraction; compare image content, hash, message GUID, and sender/recipient handles."
2024/04/25 13:04:36,Screenshot/Image OCR,EX-005,"Screenshot 2024-04-25 at 1.04.21ΓÇ»PM.jpeg - 1:04 Religious Exemption Form Form - DH 681 Inbox Apr 24 me to Info.HillsWeb v I will walk in to apply, but please send me the form so I can fill out in advance. I have 7 children to register and I don't have time to han",Shows timing and/or sensitive content in an image linked to the TO: Mom message thread.,OCR and HTML direction inference require native iPhone database confirmation; actor identity not independently proven.,"Verify with native extraction; compare image content, hash, message GUID, and sender/recipient handles."
2024/04/25 13:04:36,Screenshot/Image OCR,EX-104,"Screenshot 2024-04-25 at 1.04.21ΓÇ»PM.jpeg - 1:04 Religious Exemption Form Form - DH 681 Inbox Apr 24 me to Info.HillsWeb v I will walk in to apply, but please send me the form so I can fill out in advance. I have 7 children to register and I don't have time to han",Shows timing and/or sensitive content in an image linked to the TO: Mom message thread.,OCR and HTML direction inference require native iPhone database confirmation; actor identity not independently proven.,"Verify with native extraction; compare image content, hash, message GUID, and sender/recipient handles."
2024/04/25 13:05:10,Screenshot/Image OCR,EX-006,"Screenshot 2024-04-25 at 1.04.58ΓÇ»PM.jpeg - .11 1:04 and then immediately delete it. Thank you in advance for your cooperation. Serrano, Richard R Apr 24 Good afternoon Keegan, RELIGIOUS EXEMPTIONS (DH Form 681) - Individuals requesting Religious Exemptions for ch",Shows timing and/or sensitive content in an image linked to the TO: Mom message thread.,OCR and HTML direction inference require native iPhone database confirmation; actor identity not independently proven.,"Verify with native extraction; compare image content, hash, message GUID, and sender/recipient handles."
2024/04/25 13:05:10,Screenshot/Image OCR,EX-105,"Screenshot 2024-04-25 at 1.04.58ΓÇ»PM.jpeg - .11 1:04 and then immediately delete it. Thank you in advance for your cooperation. Serrano, Richard R Apr 24 Good afternoon Keegan, RELIGIOUS EXEMPTIONS (DH Form 681) - Individuals requesting Religious Exemptions for ch",Shows timing and/or sensitive content in an image linked to the TO: Mom message thread.,OCR and HTML direction inference require native iPhone database confirmation; actor identity not independently proven.,"Verify with native extraction; compare image content, hash, message GUID, and sender/recipient handles."
2024/04/25 13:06:20,Screenshot/Image OCR,EX-007,Screenshot 2024-04-25 at 1.06.02ΓÇ»PM.jpeg - 1:06 Your Wix Payments Account Payout Is on the Way for https:// www.technerds.me/ Inbox Wix.com 7:27 AM WiX to me From Reply To To Date Wix.com Wix.com wix-team@notifications.wix.com team@notifications.wix.com keeganhur,Shows timing and/or sensitive content in an image linked to the TO: Mom message thread.,OCR and HTML direction inference require native iPhone database confirmation; actor identity not independently proven.,"Verify with native extraction; compare image content, hash, message GUID, and sender/recipient handles."
2024/04/25 13:06:20,Screenshot/Image OCR,EX-106,Screenshot 2024-04-25 at 1.06.02ΓÇ»PM.jpeg - 1:06 Your Wix Payments Account Payout Is on the Way for https:// www.technerds.me/ Inbox Wix.com 7:27 AM WiX to me From Reply To To Date Wix.com Wix.com wix-team@notifications.wix.com team@notifications.wix.com keeganhur,Shows timing and/or sensitive content in an image linked to the TO: Mom message thread.,OCR and HTML direction inference require native iPhone database confirmation; actor identity not independently proven.,"Verify with native extraction; compare image content, hash, message GUID, and sender/recipient handles."
2024/04/25 13:06:39,Screenshot/Image OCR,EX-107,Screenshot 2024-04-25 at 1.06.27ΓÇ»PM.jpeg - .11 1:06 Standard encryption (TLS) Learn more Display images Can't see this email? Click here. Your Payout Is on the Way Your money is estimated to arrive in your bank account on 04/26/2024. Great news—your 19.11 USD pay,Shows timing and/or sensitive content in an image linked to the TO: Mom message thread.,OCR and HTML direction inference require native iPhone database confirmation; actor identity not independently proven.,"Verify with native extraction; compare image content, hash, message GUID, and sender/recipient handles."
2024/04/25 13:10:13,Screenshot/Image OCR,EX-008,"Screenshot 2024-04-25 at 1.09.50ΓÇ»PM.jpeg - 1:09 Deposit Notification Inbox From To Date Navy Federal Cr... 5:20 AM to me Navy Federal Credit Union notice@messages.navyfederal.org keeganhurd@gmail.com Apr 25, 2024 at 5:20 AM Standard encryption (TLS) Learn more Im",Shows timing and/or sensitive content in an image linked to the TO: Mom message thread.,OCR and HTML direction inference require native iPhone database confirmation; actor identity not independently proven.,"Verify with native extraction; compare image content, hash, message GUID, and sender/recipient handles."
2024/04/25 13:10:13,Screenshot/Image OCR,EX-108,"Screenshot 2024-04-25 at 1.09.50ΓÇ»PM.jpeg - 1:09 Deposit Notification Inbox From To Date Navy Federal Cr... 5:20 AM to me Navy Federal Credit Union notice@messages.navyfederal.org keeganhurd@gmail.com Apr 25, 2024 at 5:20 AM Standard encryption (TLS) Learn more Im",Shows timing and/or sensitive content in an image linked to the TO: Mom message thread.,OCR and HTML direction inference require native iPhone database confirmation; actor identity not independently proven.,"Verify with native extraction; compare image content, hash, message GUID, and sender/recipient handles."
2024/04/25 13:10:46,Screenshot/Image OCR,EX-009,"Screenshot 2024-04-25 at 1.10.25ΓÇ»PM.jpeg - .11 1:10 To Date keeganhurd@gmail.com Apr 25, 2024 at 5:20 AM Standard encryption (TLS) Learn more Images from this sender are always displayed. Don't display from now on. @ NAVY FEDERAL CREDIT UNION Navy Federal Securit",Shows timing and/or sensitive content in an image linked to the TO: Mom message thread.,OCR and HTML direction inference require native iPhone database confirmation; actor identity not independently proven.,"Verify with native extraction; compare image content, hash, message GUID, and sender/recipient handles."
2024/04/25 13:10:46,Screenshot/Image OCR,EX-109,"Screenshot 2024-04-25 at 1.10.25ΓÇ»PM.jpeg - .11 1:10 To Date keeganhurd@gmail.com Apr 25, 2024 at 5:20 AM Standard encryption (TLS) Learn more Images from this sender are always displayed. Don't display from now on. @ NAVY FEDERAL CREDIT UNION Navy Federal Securit",Shows timing and/or sensitive content in an image linked to the TO: Mom message thread.,OCR and HTML direction inference require native iPhone database confirmation; actor identity not independently proven.,"Verify with native extraction; compare image content, hash, message GUID, and sender/recipient handles."
2024/04/25 13:11:53,Screenshot/Image OCR,EX-010,"Screenshot 2024-04-25 at 1.11.40ΓÇ»PM.jpeg - 1:11 You got a new lead on Kula Yoga! Inbox Amanda Smith Apr 24 WiX to me, kulayogastudiopo, t... v Display images Amanda Smith submitted a contact form via Wix Chat on Kula_YQga Email: Name: smith.ak@live.com Amanda Smi",Shows timing and/or sensitive content in an image linked to the TO: Mom message thread.,OCR and HTML direction inference require native iPhone database confirmation; actor identity not independently proven.,"Verify with native extraction; compare image content, hash, message GUID, and sender/recipient handles."
2024/04/25 13:11:53,Screenshot/Image OCR,EX-110,"Screenshot 2024-04-25 at 1.11.40ΓÇ»PM.jpeg - 1:11 You got a new lead on Kula Yoga! Inbox Amanda Smith Apr 24 WiX to me, kulayogastudiopo, t... v Display images Amanda Smith submitted a contact form via Wix Chat on Kula_YQga Email: Name: smith.ak@live.com Amanda Smi",Shows timing and/or sensitive content in an image linked to the TO: Mom message thread.,OCR and HTML direction inference require native iPhone database confirmation; actor identity not independently proven.,"Verify with native extraction; compare image content, hash, message GUID, and sender/recipient handles."
2024/04/25 13:13:21,Screenshot/Image OCR,EX-011,"Screenshot 2024-04-25 at 1.13.10ΓÇ»PM.jpeg - .11 1:13 Visitor 5288 sent you a new message Inbox Visitor 5288 (N... Apr 24 WiX to me, kulayogastudiopo, t... From Reply To To Date Visitor 5288 (No Reply) d58f5250-007b-493f-929c-41a2894168d 4@crm.wix.com Visitor 5288 ",Shows timing and/or sensitive content in an image linked to the TO: Mom message thread.,OCR and HTML direction inference require native iPhone database confirmation; actor identity not independently proven.,"Verify with native extraction; compare image content, hash, message GUID, and sender/recipient handles."
2024/04/25 13:13:21,Screenshot/Image OCR,EX-111,"Screenshot 2024-04-25 at 1.13.10ΓÇ»PM.jpeg - .11 1:13 Visitor 5288 sent you a new message Inbox Visitor 5288 (N... Apr 24 WiX to me, kulayogastudiopo, t... From Reply To To Date Visitor 5288 (No Reply) d58f5250-007b-493f-929c-41a2894168d 4@crm.wix.com Visitor 5288 ",Shows timing and/or sensitive content in an image linked to the TO: Mom message thread.,OCR and HTML direction inference require native iPhone database confirmation; actor identity not independently proven.,"Verify with native extraction; compare image content, hash, message GUID, and sender/recipient handles."
2024/04/25 13:15:31,Screenshot/Image OCR,EX-012,"Screenshot 2024-04-25 at 1.15.21ΓÇ»PM.jpeg - .11 1:15 Electronic Contract Fo x DocuSign Envelope IO: ABB8F54F-6ECO-486E-B003-4A63EECFBBC1 COMMERCIAL FINANCING DISCLOSURE I)isclosure Date: 04/24/2024 Recilient Name: HELD PAYMENT SERMCES LLC 6274 PALM MSTA ST, Port O",Shows timing and/or sensitive content in an image linked to the TO: Mom message thread.,OCR and HTML direction inference require native iPhone database confirmation; actor identity not independently proven.,"Verify with native extraction; compare image content, hash, message GUID, and sender/recipient handles."
2024/04/25 13:15:31,Screenshot/Image OCR,EX-112,"Screenshot 2024-04-25 at 1.15.21ΓÇ»PM.jpeg - .11 1:15 Electronic Contract Fo x DocuSign Envelope IO: ABB8F54F-6ECO-486E-B003-4A63EECFBBC1 COMMERCIAL FINANCING DISCLOSURE I)isclosure Date: 04/24/2024 Recilient Name: HELD PAYMENT SERMCES LLC 6274 PALM MSTA ST, Port O",Shows timing and/or sensitive content in an image linked to the TO: Mom message thread.,OCR and HTML direction inference require native iPhone database confirmation; actor identity not independently proven.,"Verify with native extraction; compare image content, hash, message GUID, and sender/recipient handles."
2024/04/25 13:22:07,Screenshot/Image OCR,EX-013,"Screenshot 2024-04-25 at 1.21.58ΓÇ»PM.jpeg - Second Owner Title: DocuSign Envelope D: ABB8F54F-6ECO-486E-B003-4A63EECFBBC1 Date: AGREEMENT FOR DIRECT DEPOSITS (ACH CREDITS) AND DIRECT COLLECTIONS (ACH DEBITS) Appendix ""A"" Alternate Bank Account: (Name of account ex",Shows timing and/or sensitive content in an image linked to the TO: Mom message thread.,OCR and HTML direction inference require native iPhone database confirmation; actor identity not independently proven.,"Verify with native extraction; compare image content, hash, message GUID, and sender/recipient handles."
2024/04/25 13:22:07,Screenshot/Image OCR,EX-113,"Screenshot 2024-04-25 at 1.21.58ΓÇ»PM.jpeg - Second Owner Title: DocuSign Envelope D: ABB8F54F-6ECO-486E-B003-4A63EECFBBC1 Date: AGREEMENT FOR DIRECT DEPOSITS (ACH CREDITS) AND DIRECT COLLECTIONS (ACH DEBITS) Appendix ""A"" Alternate Bank Account: (Name of account ex",Shows timing and/or sensitive content in an image linked to the TO: Mom message thread.,OCR and HTML direction inference require native iPhone database confirmation; actor identity not independently proven.,"Verify with native extraction; compare image content, hash, message GUID, and sender/recipient handles."
2024/04/25 13:22:32,Screenshot/Image OCR,EX-014,"Screenshot 2024-04-25 at 1.22.22ΓÇ»PM.jpeg - 15 of 16 DocuSign Envelope D: ABB8F54F-6ECO-486E-B0034A63EECFBBC1 Addendum to Revenue Based Financing Agreement This fee is paid by the Seller to EBF Holdings, LLC d/b/a Everest Business Funding to cover the costs of und",Shows timing and/or sensitive content in an image linked to the TO: Mom message thread.,OCR and HTML direction inference require native iPhone database confirmation; actor identity not independently proven.,"Verify with native extraction; compare image content, hash, message GUID, and sender/recipient handles."
2024/04/25 13:22:32,Screenshot/Image OCR,EX-114,"Screenshot 2024-04-25 at 1.22.22ΓÇ»PM.jpeg - 15 of 16 DocuSign Envelope D: ABB8F54F-6ECO-486E-B0034A63EECFBBC1 Addendum to Revenue Based Financing Agreement This fee is paid by the Seller to EBF Holdings, LLC d/b/a Everest Business Funding to cover the costs of und",Shows timing and/or sensitive content in an image linked to the TO: Mom message thread.,OCR and HTML direction inference require native iPhone database confirmation; actor identity not independently proven.,"Verify with native extraction; compare image content, hash, message GUID, and sender/recipient handles."
2024/04/25 13:22:50,Screenshot/Image OCR,EX-015,"Screenshot 2024-04-25 at 1.22.38ΓÇ»PM.jpeg - Up to $7,500 $7,501 to $10,000 $10,001 to $25,000 over $25,000 The three fees mentioned above will be deducted from the proceeds of your advance. The fee being paid is t $ 99.00 $150.00 $275.00 $395.00 16 of 16 associate",Shows timing and/or sensitive content in an image linked to the TO: Mom message thread.,OCR and HTML direction inference require native iPhone database confirmation; actor identity not independently proven.,"Verify with native extraction; compare image content, hash, message GUID, and sender/recipient handles."
2024/04/25 13:22:50,Screenshot/Image OCR,EX-115,"Screenshot 2024-04-25 at 1.22.38ΓÇ»PM.jpeg - Up to $7,500 $7,501 to $10,000 $10,001 to $25,000 over $25,000 The three fees mentioned above will be deducted from the proceeds of your advance. The fee being paid is t $ 99.00 $150.00 $275.00 $395.00 16 of 16 associate",Shows timing and/or sensitive content in an image linked to the TO: Mom message thread.,OCR and HTML direction inference require native iPhone database confirmation; actor identity not independently proven.,"Verify with native extraction; compare image content, hash, message GUID, and sender/recipient handles."
2024/04/25 13:27:09,Screenshot/Image OCR,EX-016,"Screenshot 2024-04-25 at 1.27.00ΓÇ»PM.jpeg - 1:27 x 6274 Palm Vista HOA c... CYPRESS HEAD MASTER HOMEOWNERS' ASSOCIATION, INC. P.O. Box 291747 PORT ORANGE, FL 32129 Tel (386)767-5575 Fax (386)255-5234 www.cypressheadhoa.org April 19, 2024 Jonathan Wagner (786) 125 ",Shows timing and/or sensitive content in an image linked to the TO: Mom message thread.,OCR and HTML direction inference require native iPhone database confirmation; actor identity not independently proven.,"Verify with native extraction; compare image content, hash, message GUID, and sender/recipient handles."
2024/04/25 13:27:09,Screenshot/Image OCR,EX-116,"Screenshot 2024-04-25 at 1.27.00ΓÇ»PM.jpeg - 1:27 x 6274 Palm Vista HOA c... CYPRESS HEAD MASTER HOMEOWNERS' ASSOCIATION, INC. P.O. Box 291747 PORT ORANGE, FL 32129 Tel (386)767-5575 Fax (386)255-5234 www.cypressheadhoa.org April 19, 2024 Jonathan Wagner (786) 125 ",Shows timing and/or sensitive content in an image linked to the TO: Mom message thread.,OCR and HTML direction inference require native iPhone database confirmation; actor identity not independently proven.,"Verify with native extraction; compare image content, hash, message GUID, and sender/recipient handles."
2024/04/25 13:28:54,Screenshot/Image OCR,EX-017,"Screenshot 2024-04-25 at 1.28.40ΓÇ»PM.jpeg - .11 1:28 Contracts Inbox Joe Intini Apr 24 to KEEGANHURD@GMAIL.... v Hello Thomas Both Hunter and I have been trying to reach you on text and phone. Please email myself, or Hunter, the contract so we can advance Thomas. ",Shows timing and/or sensitive content in an image linked to the TO: Mom message thread.,OCR and HTML direction inference require native iPhone database confirmation; actor identity not independently proven.,"Verify with native extraction; compare image content, hash, message GUID, and sender/recipient handles."
2024/04/25 13:28:54,Screenshot/Image OCR,EX-117,"Screenshot 2024-04-25 at 1.28.40ΓÇ»PM.jpeg - .11 1:28 Contracts Inbox Joe Intini Apr 24 to KEEGANHURD@GMAIL.... v Hello Thomas Both Hunter and I have been trying to reach you on text and phone. Please email myself, or Hunter, the contract so we can advance Thomas. ",Shows timing and/or sensitive content in an image linked to the TO: Mom message thread.,OCR and HTML direction inference require native iPhone database confirmation; actor identity not independently proven.,"Verify with native extraction; compare image content, hash, message GUID, and sender/recipient handles."
2024/04/25 13:32:26,Screenshot/Image OCR,EX-018,"Screenshot 2024-04-25 at 1.32.13ΓÇ»PM.jpeg - 1:32 From To Date Navy Federal Cr... Apr 24 to me Navy Federal Credit Union notice@messages.navyfederal.org keeganhurd@gmail.com Apr 24, 2024 at 5:18AM Standard encryption (TLS) Learn more Images from this sender are alw",Shows timing and/or sensitive content in an image linked to the TO: Mom message thread.,OCR and HTML direction inference require native iPhone database confirmation; actor identity not independently proven.,"Verify with native extraction; compare image content, hash, message GUID, and sender/recipient handles."
2024/04/25 13:32:26,Screenshot/Image OCR,EX-118,"Screenshot 2024-04-25 at 1.32.13ΓÇ»PM.jpeg - 1:32 From To Date Navy Federal Cr... Apr 24 to me Navy Federal Credit Union notice@messages.navyfederal.org keeganhurd@gmail.com Apr 24, 2024 at 5:18AM Standard encryption (TLS) Learn more Images from this sender are alw",Shows timing and/or sensitive content in an image linked to the TO: Mom message thread.,OCR and HTML direction inference require native iPhone database confirmation; actor identity not independently proven.,"Verify with native extraction; compare image content, hash, message GUID, and sender/recipient handles."
2024/04/25 13:34:08,Screenshot/Image OCR,EX-019,"Screenshot 2024-04-25 at 1.33.56ΓÇ»PM.jpeg - 1:33 Your $20.00 transfer from Visa 0686 is complete Inbox Venmo Apr 23 Display images Your $20.00 transfer from Visa 0686 is now available in your Venmo account. INITIATED ON Tuesday, April 23, 2024 AMOUNT $20.00 FROM V",Shows timing and/or sensitive content in an image linked to the TO: Mom message thread.,OCR and HTML direction inference require native iPhone database confirmation; actor identity not independently proven.,"Verify with native extraction; compare image content, hash, message GUID, and sender/recipient handles."
2024/04/25 13:34:08,Screenshot/Image OCR,EX-119,"Screenshot 2024-04-25 at 1.33.56ΓÇ»PM.jpeg - 1:33 Your $20.00 transfer from Visa 0686 is complete Inbox Venmo Apr 23 Display images Your $20.00 transfer from Visa 0686 is now available in your Venmo account. INITIATED ON Tuesday, April 23, 2024 AMOUNT $20.00 FROM V",Shows timing and/or sensitive content in an image linked to the TO: Mom message thread.,OCR and HTML direction inference require native iPhone database confirmation; actor identity not independently proven.,"Verify with native extraction; compare image content, hash, message GUID, and sender/recipient handles."
2024/04/25 13:34:48,Screenshot/Image OCR,EX-020,"Screenshot 2024-04-25 at 1.34.38ΓÇ»PM.jpeg - 1:34 ii MARKET o NO REPLY Ezra Hurd was absent from 6... Pabbly Apr 23 Discover 5+ New & Updated Integ... Hello Folks! We hope you're off to a fant... Experian Alerts Apr 23 Thomas, your FICO@ Score has been... Please op",Shows timing and/or sensitive content in an image linked to the TO: Mom message thread.,OCR and HTML direction inference require native iPhone database confirmation; actor identity not independently proven.,"Verify with native extraction; compare image content, hash, message GUID, and sender/recipient handles."
2024/04/25 13:34:48,Screenshot/Image OCR,EX-120,"Screenshot 2024-04-25 at 1.34.38ΓÇ»PM.jpeg - 1:34 ii MARKET o NO REPLY Ezra Hurd was absent from 6... Pabbly Apr 23 Discover 5+ New & Updated Integ... Hello Folks! We hope you're off to a fant... Experian Alerts Apr 23 Thomas, your FICO@ Score has been... Please op",Shows timing and/or sensitive content in an image linked to the TO: Mom message thread.,OCR and HTML direction inference require native iPhone database confirmation; actor identity not independently proven.,"Verify with native extraction; compare image content, hash, message GUID, and sender/recipient handles."
2024/04/25 13:35:24,Screenshot/Image OCR,EX-021,Screenshot 2024-04-25 at 1.35.14ΓÇ»PM.jpeg - 1:35 Deposit Notification Inbox Navy Federal Cr... Apr 23 NAVY FEDERAL CREDIT UNION Navy Federal Security Zone: Email for HELO I Access Whoo Hoo! Your Funds Are Available Great news! The funds you recently deposited are ,Shows timing and/or sensitive content in an image linked to the TO: Mom message thread.,OCR and HTML direction inference require native iPhone database confirmation; actor identity not independently proven.,"Verify with native extraction; compare image content, hash, message GUID, and sender/recipient handles."
2024/04/25 13:35:24,Screenshot/Image OCR,EX-121,Screenshot 2024-04-25 at 1.35.14ΓÇ»PM.jpeg - 1:35 Deposit Notification Inbox Navy Federal Cr... Apr 23 NAVY FEDERAL CREDIT UNION Navy Federal Security Zone: Email for HELO I Access Whoo Hoo! Your Funds Are Available Great news! The funds you recently deposited are ,Shows timing and/or sensitive content in an image linked to the TO: Mom message thread.,OCR and HTML direction inference require native iPhone database confirmation; actor identity not independently proven.,"Verify with native extraction; compare image content, hash, message GUID, and sender/recipient handles."
2024/04/25 13:36:05,Screenshot/Image OCR,EX-022,"Screenshot 2024-04-25 at 1.35.47ΓÇ»PM.jpeg - .11 1:35 Withdrawal Notification Inbox Navy Federal Cr... Display images Apr 23 Navy Federal Security Zone: Email for HELO PAYMENT SERVICES LLC I Access xxxxxxxxxxxxl 1 Account Activity $5,000.00 was withdrawn from your ",Shows timing and/or sensitive content in an image linked to the TO: Mom message thread.,OCR and HTML direction inference require native iPhone database confirmation; actor identity not independently proven.,"Verify with native extraction; compare image content, hash, message GUID, and sender/recipient handles."
2024/04/25 13:36:05,Screenshot/Image OCR,EX-122,"Screenshot 2024-04-25 at 1.35.47ΓÇ»PM.jpeg - .11 1:35 Withdrawal Notification Inbox Navy Federal Cr... Display images Apr 23 Navy Federal Security Zone: Email for HELO PAYMENT SERVICES LLC I Access xxxxxxxxxxxxl 1 Account Activity $5,000.00 was withdrawn from your ",Shows timing and/or sensitive content in an image linked to the TO: Mom message thread.,OCR and HTML direction inference require native iPhone database confirmation; actor identity not independently proven.,"Verify with native extraction; compare image content, hash, message GUID, and sender/recipient handles."
2024/04/25 13:37:09,Screenshot/Image OCR,EX-023,"Screenshot 2024-04-25 at 1.36.59ΓÇ»PM.jpeg - 1:36 You paid Ariana Posey $200.00 Inbox Venmo Apr 22 Display images venmo You paid Ariana Posey Food Transfer Date and Amount: - $200.00 Apr 22, 2024 PDT n Like Paid via Venmo balance. Comment Payment D: 405205226912615",Shows timing and/or sensitive content in an image linked to the TO: Mom message thread.,OCR and HTML direction inference require native iPhone database confirmation; actor identity not independently proven.,"Verify with native extraction; compare image content, hash, message GUID, and sender/recipient handles."
2024/04/25 13:37:09,Screenshot/Image OCR,EX-123,"Screenshot 2024-04-25 at 1.36.59ΓÇ»PM.jpeg - 1:36 You paid Ariana Posey $200.00 Inbox Venmo Apr 22 Display images venmo You paid Ariana Posey Food Transfer Date and Amount: - $200.00 Apr 22, 2024 PDT n Like Paid via Venmo balance. Comment Payment D: 405205226912615",Shows timing and/or sensitive content in an image linked to the TO: Mom message thread.,OCR and HTML direction inference require native iPhone database confirmation; actor identity not independently proven.,"Verify with native extraction; compare image content, hash, message GUID, and sender/recipient handles."
2024/04/25 13:38:40,Screenshot/Image OCR,EX-024,"Screenshot 2024-04-25 at 1.38.30ΓÇ»PM.jpeg - 1:38 Your $50.00 transfer from Visa 0686 is complete Inbox Venmo 12:44 PM Display images Your $50.00 transfer from Visa 0686 is now available in your Venmo account. INITIATED ON Thursday, April 25, 2024 AMOUNT $50.00 FRO",Shows timing and/or sensitive content in an image linked to the TO: Mom message thread.,OCR and HTML direction inference require native iPhone database confirmation; actor identity not independently proven.,"Verify with native extraction; compare image content, hash, message GUID, and sender/recipient handles."
2024/04/25 13:38:40,Screenshot/Image OCR,EX-124,"Screenshot 2024-04-25 at 1.38.30ΓÇ»PM.jpeg - 1:38 Your $50.00 transfer from Visa 0686 is complete Inbox Venmo 12:44 PM Display images Your $50.00 transfer from Visa 0686 is now available in your Venmo account. INITIATED ON Thursday, April 25, 2024 AMOUNT $50.00 FRO",Shows timing and/or sensitive content in an image linked to the TO: Mom message thread.,OCR and HTML direction inference require native iPhone database confirmation; actor identity not independently proven.,"Verify with native extraction; compare image content, hash, message GUID, and sender/recipient handles."
2024/04/25 13:42:17,Screenshot/Image OCR,EX-025,Screenshot 2024-04-25 at 1.42.06ΓÇ»PM.jpeg - NAVY FEDERAL Credit Union CORPS AVY AIR FORCE FORCE COAST Guano VETERANS Routing Number: 256074974 a Sign Out HELO PAYMENT SERVICES LLC Member since 2020 Accounts Move Money Cards BACK TO ALL ACCOUNTS Statements My Makin,Shows timing and/or sensitive content in an image linked to the TO: Mom message thread.,OCR and HTML direction inference require native iPhone database confirmation; actor identity not independently proven.,"Verify with native extraction; compare image content, hash, message GUID, and sender/recipient handles."
2024/04/25 13:42:17,Screenshot/Image OCR,EX-125,Screenshot 2024-04-25 at 1.42.06ΓÇ»PM.jpeg - NAVY FEDERAL Credit Union CORPS AVY AIR FORCE FORCE COAST Guano VETERANS Routing Number: 256074974 a Sign Out HELO PAYMENT SERVICES LLC Member since 2020 Accounts Move Money Cards BACK TO ALL ACCOUNTS Statements My Makin,Shows timing and/or sensitive content in an image linked to the TO: Mom message thread.,OCR and HTML direction inference require native iPhone database confirmation; actor identity not independently proven.,"Verify with native extraction; compare image content, hash, message GUID, and sender/recipient handles."
2024/04/25 13:42:36,Screenshot/Image OCR,EX-026,Screenshot 2024-04-25 at 1.42.25ΓÇ»PM.jpeg - 1:42 screencapture-digitalo... ectronic Payment Exchange Depo Deposits Electronic Payment Exchange Deposit Deposits Transfer from Stripe Transfers Electronic Payment Exchange Deposit Deposits Wix.com Deposit Deposits Apr,Shows timing and/or sensitive content in an image linked to the TO: Mom message thread.,OCR and HTML direction inference require native iPhone database confirmation; actor identity not independently proven.,"Verify with native extraction; compare image content, hash, message GUID, and sender/recipient handles."
2024/04/25 13:42:36,Screenshot/Image OCR,EX-126,Screenshot 2024-04-25 at 1.42.25ΓÇ»PM.jpeg - 1:42 screencapture-digitalo... ectronic Payment Exchange Depo Deposits Electronic Payment Exchange Deposit Deposits Transfer from Stripe Transfers Electronic Payment Exchange Deposit Deposits Wix.com Deposit Deposits Apr,Shows timing and/or sensitive content in an image linked to the TO: Mom message thread.,OCR and HTML direction inference require native iPhone database confirmation; actor identity not independently proven.,"Verify with native extraction; compare image content, hash, message GUID, and sender/recipient handles."
2024/04/25 13:42:55,Screenshot/Image OCR,EX-027,"Screenshot 2024-04-25 at 1.42.44ΓÇ»PM.jpeg - April 9, April 8, GO April 5, April 4, April 3, April 2, Deposits April 1, • 2024 Electronic Payment Exchange WiX WiX Electronic Payment Exchange Deposit Deposits Transfer from Stripe Transfers • 2024 Debit-b XX 0686 Ven",Shows timing and/or sensitive content in an image linked to the TO: Mom message thread.,OCR and HTML direction inference require native iPhone database confirmation; actor identity not independently proven.,"Verify with native extraction; compare image content, hash, message GUID, and sender/recipient handles."
2024/04/25 13:42:55,Screenshot/Image OCR,EX-127,"Screenshot 2024-04-25 at 1.42.44ΓÇ»PM.jpeg - April 9, April 8, GO April 5, April 4, April 3, April 2, Deposits April 1, • 2024 Electronic Payment Exchange WiX WiX Electronic Payment Exchange Deposit Deposits Transfer from Stripe Transfers • 2024 Debit-b XX 0686 Ven",Shows timing and/or sensitive content in an image linked to the TO: Mom message thread.,OCR and HTML direction inference require native iPhone database confirmation; actor identity not independently proven.,"Verify with native extraction; compare image content, hash, message GUID, and sender/recipient handles."
2024/04/25 13:43:15,Screenshot/Image OCR,EX-028,"Screenshot 2024-04-25 at 1.43.04ΓÇ»PM.jpeg - April 3, April 2, Deposits April 1, • 2024 Electronic Payment Exchange WiX WiX Online Services ACH Debit - Srh Business SOI Utilities Electronic Payment Exchange Deposit Deposits • 2024 Debit-b XX 0686 cash XX1940 CA Tra",Shows timing and/or sensitive content in an image linked to the TO: Mom message thread.,OCR and HTML direction inference require native iPhone database confirmation; actor identity not independently proven.,"Verify with native extraction; compare image content, hash, message GUID, and sender/recipient handles."
2024/04/25 13:43:15,Screenshot/Image OCR,EX-128,"Screenshot 2024-04-25 at 1.43.04ΓÇ»PM.jpeg - April 3, April 2, Deposits April 1, • 2024 Electronic Payment Exchange WiX WiX Online Services ACH Debit - Srh Business SOI Utilities Electronic Payment Exchange Deposit Deposits • 2024 Debit-b XX 0686 cash XX1940 CA Tra",Shows timing and/or sensitive content in an image linked to the TO: Mom message thread.,OCR and HTML direction inference require native iPhone database confirmation; actor identity not independently proven.,"Verify with native extraction; compare image content, hash, message GUID, and sender/recipient handles."
2024/04/25 13:43:53,Screenshot/Image OCR,EX-029,"Screenshot 2024-04-25 at 1.43.40ΓÇ»PM.jpeg - 1:43 may be, covered by the Electronic Communications Privacy Act, 18 U.S.C. 2510- 2521, and is also confidential and proprietary in nature. If you are not the intended recipient, please be advised that you are legally p",Shows timing and/or sensitive content in an image linked to the TO: Mom message thread.,OCR and HTML direction inference require native iPhone database confirmation; actor identity not independently proven.,"Verify with native extraction; compare image content, hash, message GUID, and sender/recipient handles."
2024/04/25 13:43:53,Screenshot/Image OCR,EX-129,"Screenshot 2024-04-25 at 1.43.40ΓÇ»PM.jpeg - 1:43 may be, covered by the Electronic Communications Privacy Act, 18 U.S.C. 2510- 2521, and is also confidential and proprietary in nature. If you are not the intended recipient, please be advised that you are legally p",Shows timing and/or sensitive content in an image linked to the TO: Mom message thread.,OCR and HTML direction inference require native iPhone database confirmation; actor identity not independently proven.,"Verify with native extraction; compare image content, hash, message GUID, and sender/recipient handles."
2024/04/25 13:49:02,Screenshot/Image OCR,EX-030,Screenshot 2024-04-25 at 1.48.49ΓÇ»PM.jpeg - 1:48 NAVY FEDE 2024-02-29 STMSSC... Page 1 ot s Credit Union po X)oc • VA • 22119-m *BWNLLSV *OOOOOOQ4R2QUQIA6tOOOFME90F HELO PAYMENT SERVICES LLC 6274 PALM VISTA ST PORT ORANGE FL 32128-6952 Statement of Account Stateme,Shows timing and/or sensitive content in an image linked to the TO: Mom message thread.,OCR and HTML direction inference require native iPhone database confirmation; actor identity not independently proven.,"Verify with native extraction; compare image content, hash, message GUID, and sender/recipient handles."
2024/04/25 13:49:02,Screenshot/Image OCR,EX-130,Screenshot 2024-04-25 at 1.48.49ΓÇ»PM.jpeg - 1:48 NAVY FEDE 2024-02-29 STMSSC... Page 1 ot s Credit Union po X)oc • VA • 22119-m *BWNLLSV *OOOOOOQ4R2QUQIA6tOOOFME90F HELO PAYMENT SERVICES LLC 6274 PALM VISTA ST PORT ORANGE FL 32128-6952 Statement of Account Stateme,Shows timing and/or sensitive content in an image linked to the TO: Mom message thread.,OCR and HTML direction inference require native iPhone database confirmation; actor identity not independently proven.,"Verify with native extraction; compare image content, hash, message GUID, and sender/recipient handles."
2024/04/25 13:49:20,Screenshot/Image OCR,EX-031,Screenshot 2024-04-25 at 1.49.10ΓÇ»PM.jpeg - NFCU PO BOX 3100 MERRIFIELD VA 22119-3100 9057103475617312b293å5sooooooooooooooooooooooooooooooe 02-12 02-12 02-12 TOTAL 2 NAVY FEDE Credit Union PO • VA • 221 Statement Of Account For HELO PAYMENT SERVICES LLC Business ,Shows timing and/or sensitive content in an image linked to the TO: Mom message thread.,OCR and HTML direction inference require native iPhone database confirmation; actor identity not independently proven.,"Verify with native extraction; compare image content, hash, message GUID, and sender/recipient handles."
2024/04/25 13:49:20,Screenshot/Image OCR,EX-131,Screenshot 2024-04-25 at 1.49.10ΓÇ»PM.jpeg - NFCU PO BOX 3100 MERRIFIELD VA 22119-3100 9057103475617312b293å5sooooooooooooooooooooooooooooooe 02-12 02-12 02-12 TOTAL 2 NAVY FEDE Credit Union PO • VA • 221 Statement Of Account For HELO PAYMENT SERVICES LLC Business ,Shows timing and/or sensitive content in an image linked to the TO: Mom message thread.,OCR and HTML direction inference require native iPhone database confirmation; actor identity not independently proven.,"Verify with native extraction; compare image content, hash, message GUID, and sender/recipient handles."
2024/04/25 13:49:37,Screenshot/Image OCR,EX-032,Screenshot 2024-04-25 at 1.49.27ΓÇ»PM.jpeg - NAVY FEDE Credit Union PO • VA • 22119-xm Statement Of Account For HELO PAYMENT SERVICES LLC Business Checking - 7103475617 02-12 02-12 02-12 02-14 02-16 02-16 02-01 02-01 02-05 02-05 02-06 3 3 of 5 Statement Period 02/0,Shows timing and/or sensitive content in an image linked to the TO: Mom message thread.,OCR and HTML direction inference require native iPhone database confirmation; actor identity not independently proven.,"Verify with native extraction; compare image content, hash, message GUID, and sender/recipient handles."
2024/04/25 13:49:37,Screenshot/Image OCR,EX-132,Screenshot 2024-04-25 at 1.49.27ΓÇ»PM.jpeg - NAVY FEDE Credit Union PO • VA • 22119-xm Statement Of Account For HELO PAYMENT SERVICES LLC Business Checking - 7103475617 02-12 02-12 02-12 02-14 02-16 02-16 02-01 02-01 02-05 02-05 02-06 3 3 of 5 Statement Period 02/0,Shows timing and/or sensitive content in an image linked to the TO: Mom message thread.,OCR and HTML direction inference require native iPhone database confirmation; actor identity not independently proven.,"Verify with native extraction; compare image content, hash, message GUID, and sender/recipient handles."
2024/04/25 13:49:51,Screenshot/Image OCR,EX-033,Screenshot 2024-04-25 at 1.49.43ΓÇ»PM.jpeg - Date 02-26 02-26 02-26 02-26 02-26 02-26 02-27 02-27 02-27 02-28 02-28 02-28 02-28 02-28 02-28 02-29 02-29 02-29 02-29 02-29 NAVY FEDE Credit Union Po • VA • 22119-»m Statement of Account For HELO PAYMENT SERVICES LLC Bu,Shows timing and/or sensitive content in an image linked to the TO: Mom message thread.,OCR and HTML direction inference require native iPhone database confirmation; actor identity not independently proven.,"Verify with native extraction; compare image content, hash, message GUID, and sender/recipient handles."
2024/04/25 13:49:51,Screenshot/Image OCR,EX-133,Screenshot 2024-04-25 at 1.49.43ΓÇ»PM.jpeg - Date 02-26 02-26 02-26 02-26 02-26 02-26 02-27 02-27 02-27 02-28 02-28 02-28 02-28 02-28 02-28 02-29 02-29 02-29 02-29 02-29 NAVY FEDE Credit Union Po • VA • 22119-»m Statement of Account For HELO PAYMENT SERVICES LLC Bu,Shows timing and/or sensitive content in an image linked to the TO: Mom message thread.,OCR and HTML direction inference require native iPhone database confirmation; actor identity not independently proven.,"Verify with native extraction; compare image content, hash, message GUID, and sender/recipient handles."
2024/04/25 13:50:08,Screenshot/Image OCR,EX-034,Screenshot 2024-04-25 at 1.49.58ΓÇ»PM.jpeg - 02-26 02-26 02-27 02-27 02-27 02-28 02-28 02-28 02-28 02-28 02-28 02-29 02-29 02-29 02-29 02-29 02-01 02-01 02-05 02-05 02-06 02-06 02-13 02-22 02-28 02-01 02-os 02-07 02-08 02-08 POS Debit. Business Debit Card 7106 02-2,Shows timing and/or sensitive content in an image linked to the TO: Mom message thread.,OCR and HTML direction inference require native iPhone database confirmation; actor identity not independently proven.,"Verify with native extraction; compare image content, hash, message GUID, and sender/recipient handles."
2024/04/25 13:50:08,Screenshot/Image OCR,EX-134,Screenshot 2024-04-25 at 1.49.58ΓÇ»PM.jpeg - 02-26 02-26 02-27 02-27 02-27 02-28 02-28 02-28 02-28 02-28 02-28 02-29 02-29 02-29 02-29 02-29 02-01 02-01 02-05 02-05 02-06 02-06 02-13 02-22 02-28 02-01 02-os 02-07 02-08 02-08 POS Debit. Business Debit Card 7106 02-2,Shows timing and/or sensitive content in an image linked to the TO: Mom message thread.,OCR and HTML direction inference require native iPhone database confirmation; actor identity not independently proven.,"Verify with native extraction; compare image content, hash, message GUID, and sender/recipient handles."
2024/04/25 13:50:34,Screenshot/Image OCR,EX-035,Screenshot 2024-04-25 at 1.50.23ΓÇ»PM.jpeg - 1:50 2024-01-31 STMSSCM... NAVY FEDE Page 1 ot 6 Credit Union po X)oc • VA • 22119-m *BWNLLSV *OOOOOOQ4R2QUQIA6tOOOJMA90F HELO PAYMENT SERVICES LLC 6274 PALM VISTA ST PORT ORANGE FL 32128-6952 Statement of Account Statem,Shows timing and/or sensitive content in an image linked to the TO: Mom message thread.,OCR and HTML direction inference require native iPhone database confirmation; actor identity not independently proven.,"Verify with native extraction; compare image content, hash, message GUID, and sender/recipient handles."
2024/04/25 13:50:34,Screenshot/Image OCR,EX-135,Screenshot 2024-04-25 at 1.50.23ΓÇ»PM.jpeg - 1:50 2024-01-31 STMSSCM... NAVY FEDE Page 1 ot 6 Credit Union po X)oc • VA • 22119-m *BWNLLSV *OOOOOOQ4R2QUQIA6tOOOJMA90F HELO PAYMENT SERVICES LLC 6274 PALM VISTA ST PORT ORANGE FL 32128-6952 Statement of Account Statem,Shows timing and/or sensitive content in an image linked to the TO: Mom message thread.,OCR and HTML direction inference require native iPhone database confirmation; actor identity not independently proven.,"Verify with native extraction; compare image content, hash, message GUID, and sender/recipient handles."
2024/04/25 13:50:58,Screenshot/Image OCR,EX-036,"Screenshot 2024-04-25 at 1.50.40ΓÇ»PM.jpeg - 1:50 2024-01-31 STMSSCM... NAVY FEDE Credit Union PO xxn • VA • 221 Statement Of Account For HELO PAYMENT SERVICES LLC Business Checking - 7103475617 page20t6 Statement Period 01/01124-01/31,24 Access No. 14221511 (Conti",Shows timing and/or sensitive content in an image linked to the TO: Mom message thread.,OCR and HTML direction inference require native iPhone database confirmation; actor identity not independently proven.,"Verify with native extraction; compare image content, hash, message GUID, and sender/recipient handles."
2024/04/25 13:50:58,Screenshot/Image OCR,EX-136,"Screenshot 2024-04-25 at 1.50.40ΓÇ»PM.jpeg - 1:50 2024-01-31 STMSSCM... NAVY FEDE Credit Union PO xxn • VA • 221 Statement Of Account For HELO PAYMENT SERVICES LLC Business Checking - 7103475617 page20t6 Statement Period 01/01124-01/31,24 Access No. 14221511 (Conti",Shows timing and/or sensitive content in an image linked to the TO: Mom message thread.,OCR and HTML direction inference require native iPhone database confirmation; actor identity not independently proven.,"Verify with native extraction; compare image content, hash, message GUID, and sender/recipient handles."
2024/04/25 13:51:17,Screenshot/Image OCR,EX-037,"Screenshot 2024-04-25 at 1.51.06ΓÇ»PM.jpeg - SIGNATURE OF NAVY FEDERAL MEMBER EFFECTIVE DATE (MO. DAY, NAVY FEDE Credit Union PO • VA • 22119-m Statement Of Account 01-10 01-10 ot-to 01-11 01-11 01-12 01-16 01-16 01-17 01-18 01-18 01-19 01-22 01-22 01-22 01-24 01-2",Shows timing and/or sensitive content in an image linked to the TO: Mom message thread.,OCR and HTML direction inference require native iPhone database confirmation; actor identity not independently proven.,"Verify with native extraction; compare image content, hash, message GUID, and sender/recipient handles."
2024/04/25 13:51:17,Screenshot/Image OCR,EX-137,"Screenshot 2024-04-25 at 1.51.06ΓÇ»PM.jpeg - SIGNATURE OF NAVY FEDERAL MEMBER EFFECTIVE DATE (MO. DAY, NAVY FEDE Credit Union PO • VA • 22119-m Statement Of Account 01-10 01-10 ot-to 01-11 01-11 01-12 01-16 01-16 01-17 01-18 01-18 01-19 01-22 01-22 01-22 01-24 01-2",Shows timing and/or sensitive content in an image linked to the TO: Mom message thread.,OCR and HTML direction inference require native iPhone database confirmation; actor identity not independently proven.,"Verify with native extraction; compare image content, hash, message GUID, and sender/recipient handles."
2024/04/25 13:51:40,Screenshot/Image OCR,EX-038,Screenshot 2024-04-25 at 1.51.30ΓÇ»PM.jpeg - NAVY FEDE Credit Union Po • VA • 22119-»m Statement of Account For HELO PAYMENT SERVICES LLC Business Checking - 7103475617 01-17 01-17 01-18 01-18 01-19 01-22 01-22 01-22 01-24 01-24 01-24 01-25 01-26 01-29 01-29 01.03 ,Shows timing and/or sensitive content in an image linked to the TO: Mom message thread.,OCR and HTML direction inference require native iPhone database confirmation; actor identity not independently proven.,"Verify with native extraction; compare image content, hash, message GUID, and sender/recipient handles."
2024/04/25 13:51:40,Screenshot/Image OCR,EX-138,Screenshot 2024-04-25 at 1.51.30ΓÇ»PM.jpeg - NAVY FEDE Credit Union Po • VA • 22119-»m Statement of Account For HELO PAYMENT SERVICES LLC Business Checking - 7103475617 01-17 01-17 01-18 01-18 01-19 01-22 01-22 01-22 01-24 01-24 01-24 01-25 01-26 01-29 01-29 01.03 ,Shows timing and/or sensitive content in an image linked to the TO: Mom message thread.,OCR and HTML direction inference require native iPhone database confirmation; actor identity not independently proven.,"Verify with native extraction; compare image content, hash, message GUID, and sender/recipient handles."
2024/04/25 13:51:59,Screenshot/Image OCR,EX-039,Screenshot 2024-04-25 at 1.51.46ΓÇ»PM.jpeg - For HELO PAYMENT SERVICES LLC Items Paid 01-03 01-05 NAVY FEDE Credit Union po • VA • 221 Statement of Account 01-08 01-09 01-12 01-10 01-29 01-10 01-29 01-11 01-02 01 12 01-02 01-12 01-02 01-12 01-02 01 16 01-02 01-16 0,Shows timing and/or sensitive content in an image linked to the TO: Mom message thread.,OCR and HTML direction inference require native iPhone database confirmation; actor identity not independently proven.,"Verify with native extraction; compare image content, hash, message GUID, and sender/recipient handles."
2024/04/25 13:51:59,Screenshot/Image OCR,EX-139,Screenshot 2024-04-25 at 1.51.46ΓÇ»PM.jpeg - For HELO PAYMENT SERVICES LLC Items Paid 01-03 01-05 NAVY FEDE Credit Union po • VA • 221 Statement of Account 01-08 01-09 01-12 01-10 01-29 01-10 01-29 01-11 01-02 01 12 01-02 01-12 01-02 01-12 01-02 01 16 01-02 01-16 0,Shows timing and/or sensitive content in an image linked to the TO: Mom message thread.,OCR and HTML direction inference require native iPhone database confirmation; actor identity not independently proven.,"Verify with native extraction; compare image content, hash, message GUID, and sender/recipient handles."
2024/04/25 13:52:16,Screenshot/Image OCR,EX-040,Screenshot 2024-04-25 at 1.52.07ΓÇ»PM.jpeg - 01-02 01-12 01-02 01 16 01-02 01-16 01-02 01-17 01 02 01-17 01-02 01-18 01-02 01-19 01-03 01-19 01-03 01-22 01 03 01 22 6 of 6 01-03 01-24 01-05 01-24 01-05 ot 25 01-08 01-29 01 08 01 30 ot-30 01-09 Savings Mbr Business ,Shows timing and/or sensitive content in an image linked to the TO: Mom message thread.,OCR and HTML direction inference require native iPhone database confirmation; actor identity not independently proven.,"Verify with native extraction; compare image content, hash, message GUID, and sender/recipient handles."
2024/04/25 13:52:16,Screenshot/Image OCR,EX-140,Screenshot 2024-04-25 at 1.52.07ΓÇ»PM.jpeg - 01-02 01-12 01-02 01 16 01-02 01-16 01-02 01-17 01 02 01-17 01-02 01-18 01-02 01-19 01-03 01-19 01-03 01-22 01 03 01 22 6 of 6 01-03 01-24 01-05 01-24 01-05 ot 25 01-08 01-29 01 08 01 30 ot-30 01-09 Savings Mbr Business ,Shows timing and/or sensitive content in an image linked to the TO: Mom message thread.,OCR and HTML direction inference require native iPhone database confirmation; actor identity not independently proven.,"Verify with native extraction; compare image content, hash, message GUID, and sender/recipient handles."
2024/04/25 13:52:45,Screenshot/Image OCR,EX-041,Screenshot 2024-04-25 at 1.52.33ΓÇ»PM.jpeg - 1:52 NAVY FEDE 2024-03-31 STMSSC... Page 1 ot s Credit Union po X)oc • VA • 22119-m *BWNLLSV *OOOOOOQ4R2QUQIA6tOOOMQA90F HELO PAYMENT SERVICES LLC 6274 PALM VISTA ST PORT ORANGE FL 32128-6952 Statement of Account Stateme,Shows timing and/or sensitive content in an image linked to the TO: Mom message thread.,OCR and HTML direction inference require native iPhone database confirmation; actor identity not independently proven.,"Verify with native extraction; compare image content, hash, message GUID, and sender/recipient handles."
2024/04/25 13:52:45,Screenshot/Image OCR,EX-141,Screenshot 2024-04-25 at 1.52.33ΓÇ»PM.jpeg - 1:52 NAVY FEDE 2024-03-31 STMSSC... Page 1 ot s Credit Union po X)oc • VA • 22119-m *BWNLLSV *OOOOOOQ4R2QUQIA6tOOOMQA90F HELO PAYMENT SERVICES LLC 6274 PALM VISTA ST PORT ORANGE FL 32128-6952 Statement of Account Stateme,Shows timing and/or sensitive content in an image linked to the TO: Mom message thread.,OCR and HTML direction inference require native iPhone database confirmation; actor identity not independently proven.,"Verify with native extraction; compare image content, hash, message GUID, and sender/recipient handles."
2024/04/25 13:53:10,Screenshot/Image OCR,EX-042,"Screenshot 2024-04-25 at 1.52.52ΓÇ»PM.jpeg - 1:52 NAVY FEDE 2024-03-31 STMSSC... Credit Union PO BOA X)OO • VA • 22119-m Statement Of Account For HELO PAYMENT SERVICES LLC Business Checking - 7103475617 page 2 015 Statement Period 03/01124 - 03/31,24 Access No. 142",Shows timing and/or sensitive content in an image linked to the TO: Mom message thread.,OCR and HTML direction inference require native iPhone database confirmation; actor identity not independently proven.,"Verify with native extraction; compare image content, hash, message GUID, and sender/recipient handles."
2024/04/25 13:53:10,Screenshot/Image OCR,EX-142,"Screenshot 2024-04-25 at 1.52.52ΓÇ»PM.jpeg - 1:52 NAVY FEDE 2024-03-31 STMSSC... Credit Union PO BOA X)OO • VA • 22119-m Statement Of Account For HELO PAYMENT SERVICES LLC Business Checking - 7103475617 page 2 015 Statement Period 03/01124 - 03/31,24 Access No. 142",Shows timing and/or sensitive content in an image linked to the TO: Mom message thread.,OCR and HTML direction inference require native iPhone database confirmation; actor identity not independently proven.,"Verify with native extraction; compare image content, hash, message GUID, and sender/recipient handles."
2024/04/25 13:53:32,Screenshot/Image OCR,EX-043,Screenshot 2024-04-25 at 1.53.21ΓÇ»PM.jpeg - NAVY FEDE Credit Union PO • VA • 22119-m Statement Of Account For HELO PAYMENT SERVICES LLC Business Checking - 7103475617 3 page Statement Period 03/0124 - Access No. 14221511 (Continued from previous page) Date 03-07 0,Shows timing and/or sensitive content in an image linked to the TO: Mom message thread.,OCR and HTML direction inference require native iPhone database confirmation; actor identity not independently proven.,"Verify with native extraction; compare image content, hash, message GUID, and sender/recipient handles."
2024/04/25 13:53:32,Screenshot/Image OCR,EX-143,Screenshot 2024-04-25 at 1.53.21ΓÇ»PM.jpeg - NAVY FEDE Credit Union PO • VA • 22119-m Statement Of Account For HELO PAYMENT SERVICES LLC Business Checking - 7103475617 3 page Statement Period 03/0124 - Access No. 14221511 (Continued from previous page) Date 03-07 0,Shows timing and/or sensitive content in an image linked to the TO: Mom message thread.,OCR and HTML direction inference require native iPhone database confirmation; actor identity not independently proven.,"Verify with native extraction; compare image content, hash, message GUID, and sender/recipient handles."
2024/04/25 13:53:49,Screenshot/Image OCR,EX-044,Screenshot 2024-04-25 at 1.53.38ΓÇ»PM.jpeg - Date 03-22 03-25 03-25 03-25 03-25 03-25 03-25 03-25 03-25 03-26 03-27 03-27 03-27 03-27 03-27 03-28 03-28 03-28 03-28 03-29 03-29 03-29 03-29 03-29 03-3 i NAVY FEDE Credit Union Po • VA • 22119-m Statement of Account Fo,Shows timing and/or sensitive content in an image linked to the TO: Mom message thread.,OCR and HTML direction inference require native iPhone database confirmation; actor identity not independently proven.,"Verify with native extraction; compare image content, hash, message GUID, and sender/recipient handles."
2024/04/25 13:53:49,Screenshot/Image OCR,EX-144,Screenshot 2024-04-25 at 1.53.38ΓÇ»PM.jpeg - Date 03-22 03-25 03-25 03-25 03-25 03-25 03-25 03-25 03-25 03-26 03-27 03-27 03-27 03-27 03-27 03-28 03-28 03-28 03-28 03-29 03-29 03-29 03-29 03-29 03-3 i NAVY FEDE Credit Union Po • VA • 22119-m Statement of Account Fo,Shows timing and/or sensitive content in an image linked to the TO: Mom message thread.,OCR and HTML direction inference require native iPhone database confirmation; actor identity not independently proven.,"Verify with native extraction; compare image content, hash, message GUID, and sender/recipient handles."
2024/04/25 13:54:06,Screenshot/Image OCR,EX-045,Screenshot 2024-04-25 at 1.53.57ΓÇ»PM.jpeg - Business rd 0686 03-24-24 Hp •instant Ink 855-785-2777 03-25 03-25 03-25 03-25 03-26 03-27 03-27 03-27 03-27 03-27 03-28 03-28 03-28 03-28 03-29 03-29 03-29 03-29 03-29 03-31 03-01 03-01 03-04 03-04 03-04 03-05 03-05 03-,Shows timing and/or sensitive content in an image linked to the TO: Mom message thread.,OCR and HTML direction inference require native iPhone database confirmation; actor identity not independently proven.,"Verify with native extraction; compare image content, hash, message GUID, and sender/recipient handles."
2024/04/25 13:54:06,Screenshot/Image OCR,EX-145,Screenshot 2024-04-25 at 1.53.57ΓÇ»PM.jpeg - Business rd 0686 03-24-24 Hp •instant Ink 855-785-2777 03-25 03-25 03-25 03-25 03-26 03-27 03-27 03-27 03-27 03-27 03-28 03-28 03-28 03-28 03-29 03-29 03-29 03-29 03-29 03-31 03-01 03-01 03-04 03-04 03-04 03-05 03-05 03-,Shows timing and/or sensitive content in an image linked to the TO: Mom message thread.,OCR and HTML direction inference require native iPhone database confirmation; actor identity not independently proven.,"Verify with native extraction; compare image content, hash, message GUID, and sender/recipient handles."
2024/04/25 13:54:40,Screenshot/Image OCR,EX-046,"Screenshot 2024-04-25 at 1.54.31ΓÇ»PM.jpeg - 1:54 Mpnth to date Inbox zev stern Apr 17 to Keegan 04 From To Date zev@zspgroupllc.com zev stern Keegan Hurd Keeganhurd@gmail.com Apr 17, 2024 at 9:24AM Standard encryption (TLS) Learn more Display images Please send a ",Shows timing and/or sensitive content in an image linked to the TO: Mom message thread.,OCR and HTML direction inference require native iPhone database confirmation; actor identity not independently proven.,"Verify with native extraction; compare image content, hash, message GUID, and sender/recipient handles."
2024/04/25 13:54:40,Screenshot/Image OCR,EX-146,"Screenshot 2024-04-25 at 1.54.31ΓÇ»PM.jpeg - 1:54 Mpnth to date Inbox zev stern Apr 17 to Keegan 04 From To Date zev@zspgroupllc.com zev stern Keegan Hurd Keeganhurd@gmail.com Apr 17, 2024 at 9:24AM Standard encryption (TLS) Learn more Display images Please send a ",Shows timing and/or sensitive content in an image linked to the TO: Mom message thread.,OCR and HTML direction inference require native iPhone database confirmation; actor identity not independently proven.,"Verify with native extraction; compare image content, hash, message GUID, and sender/recipient handles."
2024/04/25 13:55:23,Screenshot/Image OCR,EX-047,"Screenshot 2024-04-25 at 1.55.06ΓÇ»PM.jpeg - 1:55 @TechNerdsMe, your January- March statement is ready Inbox Venmo Apr 12 Display images Statements are only available on the web. Sign in to your account from Venmo.com to get all your quarterly transaction statement",Shows timing and/or sensitive content in an image linked to the TO: Mom message thread.,OCR and HTML direction inference require native iPhone database confirmation; actor identity not independently proven.,"Verify with native extraction; compare image content, hash, message GUID, and sender/recipient handles."
2024/04/25 13:55:23,Screenshot/Image OCR,EX-147,"Screenshot 2024-04-25 at 1.55.06ΓÇ»PM.jpeg - 1:55 @TechNerdsMe, your January- March statement is ready Inbox Venmo Apr 12 Display images Statements are only available on the web. Sign in to your account from Venmo.com to get all your quarterly transaction statement",Shows timing and/or sensitive content in an image linked to the TO: Mom message thread.,OCR and HTML direction inference require native iPhone database confirmation; actor identity not independently proven.,"Verify with native extraction; compare image content, hash, message GUID, and sender/recipient handles."
2024/04/25 13:55:57,Screenshot/Image OCR,EX-048,"Screenshot 2024-04-25 at 1.55.45ΓÇ»PM.jpeg - 04 1:55 You paid Jonathan Braese $350.00 Inbox Venmo Apr 8 Display images venmo You paid Jonathan Braese Transfer Date and Amount: - $350.00 Apr 08, 2024 PDT Like Comment Completed via your Venmo balance. Payment D: 4041",Shows timing and/or sensitive content in an image linked to the TO: Mom message thread.,OCR and HTML direction inference require native iPhone database confirmation; actor identity not independently proven.,"Verify with native extraction; compare image content, hash, message GUID, and sender/recipient handles."
2024/04/25 13:55:57,Screenshot/Image OCR,EX-148,"Screenshot 2024-04-25 at 1.55.45ΓÇ»PM.jpeg - 04 1:55 You paid Jonathan Braese $350.00 Inbox Venmo Apr 8 Display images venmo You paid Jonathan Braese Transfer Date and Amount: - $350.00 Apr 08, 2024 PDT Like Comment Completed via your Venmo balance. Payment D: 4041",Shows timing and/or sensitive content in an image linked to the TO: Mom message thread.,OCR and HTML direction inference require native iPhone database confirmation; actor identity not independently proven.,"Verify with native extraction; compare image content, hash, message GUID, and sender/recipient handles."
2024/04/25 13:56:52,Screenshot/Image OCR,EX-049,Screenshot 2024-04-25 at 1.56.42ΓÇ»PM.jpeg - 1:56 P&L Historic Dayt... 7-2 PSO,Shows timing and/or sensitive content in an image linked to the TO: Mom message thread.,OCR and HTML direction inference require native iPhone database confirmation; actor identity not independently proven.,"Verify with native extraction; compare image content, hash, message GUID, and sender/recipient handles."
2024/04/25 13:56:52,Screenshot/Image OCR,EX-149,Screenshot 2024-04-25 at 1.56.42ΓÇ»PM.jpeg - 1:56 P&L Historic Dayt... 7-2 PSO,Shows timing and/or sensitive content in an image linked to the TO: Mom message thread.,OCR and HTML direction inference require native iPhone database confirmation; actor identity not independently proven.,"Verify with native extraction; compare image content, hash, message GUID, and sender/recipient handles."
2024/04/25 13:58:26,Screenshot/Image OCR,EX-050,"Screenshot 2024-04-25 at 1.58.15ΓÇ»PM.jpeg - 1:58 < Drive Formal Notice of Non-Consent for Vaccinations on Hurd Children To Whom It May Concern, l, Thomas Keegan Hurd, father and legal guardian of Thomas Elijah Hurd DOB 3/22/2009, Elliana Hurd DOB 12/11/2014, Nala ",Shows timing and/or sensitive content in an image linked to the TO: Mom message thread.,OCR and HTML direction inference require native iPhone database confirmation; actor identity not independently proven.,"Verify with native extraction; compare image content, hash, message GUID, and sender/recipient handles."
2024/04/25 13:58:26,Screenshot/Image OCR,EX-150,"Screenshot 2024-04-25 at 1.58.15ΓÇ»PM.jpeg - 1:58 < Drive Formal Notice of Non-Consent for Vaccinations on Hurd Children To Whom It May Concern, l, Thomas Keegan Hurd, father and legal guardian of Thomas Elijah Hurd DOB 3/22/2009, Elliana Hurd DOB 12/11/2014, Nala ",Shows timing and/or sensitive content in an image linked to the TO: Mom message thread.,OCR and HTML direction inference require native iPhone database confirmation; actor identity not independently proven.,"Verify with native extraction; compare image content, hash, message GUID, and sender/recipient handles."
2024/04/25 13:58:43,Screenshot/Image OCR,EX-051,"Screenshot 2024-04-25 at 1.58.34ΓÇ»PM.jpeg - 1:58 < Drive potential future disease is a decision rooted in fear and thus contrary to my faith. In order to faithfully walk out my beliefs, I have chosen not to vaccinate my children. Pursuant to Florida Statute 1014.0",Shows timing and/or sensitive content in an image linked to the TO: Mom message thread.,OCR and HTML direction inference require native iPhone database confirmation; actor identity not independently proven.,"Verify with native extraction; compare image content, hash, message GUID, and sender/recipient handles."
2024/04/25 13:58:43,Screenshot/Image OCR,EX-151,"Screenshot 2024-04-25 at 1.58.34ΓÇ»PM.jpeg - 1:58 < Drive potential future disease is a decision rooted in fear and thus contrary to my faith. In order to faithfully walk out my beliefs, I have chosen not to vaccinate my children. Pursuant to Florida Statute 1014.0",Shows timing and/or sensitive content in an image linked to the TO: Mom message thread.,OCR and HTML direction inference require native iPhone database confirmation; actor identity not independently proven.,"Verify with native extraction; compare image content, hash, message GUID, and sender/recipient handles."
2024/04/25 13:58:59,Screenshot/Image OCR,EX-052,"Screenshot 2024-04-25 at 1.58.49ΓÇ»PM.jpeg - 1:58 < Drive Thomas Keegan Hurd 6274 Palm Vista Street Port Orange, Florida, 32128 Affidavit STATE OF FLORIDA COUNTY OF VOLUSIA Sworn to (or affirmed) and subscribed before me this 25th day of April, 2024 by Thomas Keega",Shows timing and/or sensitive content in an image linked to the TO: Mom message thread.,OCR and HTML direction inference require native iPhone database confirmation; actor identity not independently proven.,"Verify with native extraction; compare image content, hash, message GUID, and sender/recipient handles."
2024/04/25 13:58:59,Screenshot/Image OCR,EX-152,"Screenshot 2024-04-25 at 1.58.49ΓÇ»PM.jpeg - 1:58 < Drive Thomas Keegan Hurd 6274 Palm Vista Street Port Orange, Florida, 32128 Affidavit STATE OF FLORIDA COUNTY OF VOLUSIA Sworn to (or affirmed) and subscribed before me this 25th day of April, 2024 by Thomas Keega",Shows timing and/or sensitive content in an image linked to the TO: Mom message thread.,OCR and HTML direction inference require native iPhone database confirmation; actor identity not independently proven.,"Verify with native extraction; compare image content, hash, message GUID, and sender/recipient handles."
2024/04/25 14:03:02,Screenshot/Image OCR,EX-076,"Screenshot 2024-04-25 at 2.02.53ΓÇ»PM.jpeg - 2:02 < Drive TEMPORARY CUSTODY TRANSFER AGREEMENT This Temporary Custody Transfer Agreement (""Agreement"") is made effective on this 26th day of March, 2024, by and between Gerard Kruger and Catherine Kruger, residing at ",Shows timing and/or sensitive content in an image linked to the TO: Mom message thread.,OCR and HTML direction inference require native iPhone database confirmation; actor identity not independently proven.,"Verify with native extraction; compare image content, hash, message GUID, and sender/recipient handles."
2024/04/25 14:03:02,Screenshot/Image OCR,EX-178,"Screenshot 2024-04-25 at 2.02.53ΓÇ»PM.jpeg - 2:02 < Drive TEMPORARY CUSTODY TRANSFER AGREEMENT This Temporary Custody Transfer Agreement (""Agreement"") is made effective on this 26th day of March, 2024, by and between Gerard Kruger and Catherine Kruger, residing at ",Shows timing and/or sensitive content in an image linked to the TO: Mom message thread.,OCR and HTML direction inference require native iPhone database confirmation; actor identity not independently proven.,"Verify with native extraction; compare image content, hash, message GUID, and sender/recipient handles."
2024/04/25 14:03:19,Screenshot/Image OCR,EX-077,"Screenshot 2024-04-25 at 2.03.08ΓÇ»PM.jpeg - 2:03 < Drive NOW, THEREFORE, in consideration of the premises and mutual covenants contained herein, it is hereby agreed as follows: Transfer of Temporary Custody: The Grantors hereby transfer and assign to the Grantee t",Shows timing and/or sensitive content in an image linked to the TO: Mom message thread.,OCR and HTML direction inference require native iPhone database confirmation; actor identity not independently proven.,"Verify with native extraction; compare image content, hash, message GUID, and sender/recipient handles."
2024/04/25 14:03:19,Screenshot/Image OCR,EX-179,"Screenshot 2024-04-25 at 2.03.08ΓÇ»PM.jpeg - 2:03 < Drive NOW, THEREFORE, in consideration of the premises and mutual covenants contained herein, it is hereby agreed as follows: Transfer of Temporary Custody: The Grantors hereby transfer and assign to the Grantee t",Shows timing and/or sensitive content in an image linked to the TO: Mom message thread.,OCR and HTML direction inference require native iPhone database confirmation; actor identity not independently proven.,"Verify with native extraction; compare image content, hash, message GUID, and sender/recipient handles."
2024/04/25 14:03:40,Screenshot/Image OCR,EX-078,"Screenshot 2024-04-25 at 2.03.28ΓÇ»PM.jpeg - 2:03 < Drive Contact: The Grantors shall have the right to maintain contact with the Child during the term of this Agreement, subject to the Child's well-being and schedule. Governing Law: This Agreement shall be governe",Shows timing and/or sensitive content in an image linked to the TO: Mom message thread.,OCR and HTML direction inference require native iPhone database confirmation; actor identity not independently proven.,"Verify with native extraction; compare image content, hash, message GUID, and sender/recipient handles."
2024/04/25 14:03:40,Screenshot/Image OCR,EX-180,"Screenshot 2024-04-25 at 2.03.28ΓÇ»PM.jpeg - 2:03 < Drive Contact: The Grantors shall have the right to maintain contact with the Child during the term of this Agreement, subject to the Child's well-being and schedule. Governing Law: This Agreement shall be governe",Shows timing and/or sensitive content in an image linked to the TO: Mom message thread.,OCR and HTML direction inference require native iPhone database confirmation; actor identity not independently proven.,"Verify with native extraction; compare image content, hash, message GUID, and sender/recipient handles."
2024/04/25 14:08:06,Screenshot/Image OCR,EX-079,"Screenshot 2024-04-25 at 2.07.57ΓÇ»PM.jpeg - 2:07 e CYD < Drive In The County Court Of The Seventh Judicial Circuit In And For Volusia County, Florida Thomas Keegan Hurd, Plaintiff, vs. GEGELMAN, INC., dba Rainbow Vacuum Sales & Service, Key Principal: Todd Gegelma",Shows timing and/or sensitive content in an image linked to the TO: Mom message thread.,OCR and HTML direction inference require native iPhone database confirmation; actor identity not independently proven.,"Verify with native extraction; compare image content, hash, message GUID, and sender/recipient handles."
2024/04/25 14:08:06,Screenshot/Image OCR,EX-181,"Screenshot 2024-04-25 at 2.07.57ΓÇ»PM.jpeg - 2:07 e CYD < Drive In The County Court Of The Seventh Judicial Circuit In And For Volusia County, Florida Thomas Keegan Hurd, Plaintiff, vs. GEGELMAN, INC., dba Rainbow Vacuum Sales & Service, Key Principal: Todd Gegelma",Shows timing and/or sensitive content in an image linked to the TO: Mom message thread.,OCR and HTML direction inference require native iPhone database confirmation; actor identity not independently proven.,"Verify with native extraction; compare image content, hash, message GUID, and sender/recipient handles."
2024/04/25 14:08:35,Screenshot/Image OCR,EX-081,"Screenshot 2024-04-25 at 2.08.26ΓÇ»PM.jpeg - 2:08 < Drive moving of goalposts. Legal Argument: The Defendant's actions constitute a breach of the sales agreement and engage in misleading practices, warranting recovery of the rebate and additional damages. The exclu",Shows timing and/or sensitive content in an image linked to the TO: Mom message thread.,OCR and HTML direction inference require native iPhone database confirmation; actor identity not independently proven.,"Verify with native extraction; compare image content, hash, message GUID, and sender/recipient handles."
2024/04/25 14:08:35,Screenshot/Image OCR,EX-183,"Screenshot 2024-04-25 at 2.08.26ΓÇ»PM.jpeg - 2:08 < Drive moving of goalposts. Legal Argument: The Defendant's actions constitute a breach of the sales agreement and engage in misleading practices, warranting recovery of the rebate and additional damages. The exclu",Shows timing and/or sensitive content in an image linked to the TO: Mom message thread.,OCR and HTML direction inference require native iPhone database confirmation; actor identity not independently proven.,"Verify with native extraction; compare image content, hash, message GUID, and sender/recipient handles."
2024/04/25 14:09:09,Screenshot/Image OCR,EX-083,"Screenshot 2024-04-25 at 2.09.01ΓÇ»PM.jpeg - 2:09 < Drive potential misrepresentation, and legal Cessation of future monthly payments of $128.36 to the Defendant, Rainbow System & Services Gegelman. Additionally, the Plaintiff seeks $275 in damages per ""unqualified",Shows timing and/or sensitive content in an image linked to the TO: Mom message thread.,OCR and HTML direction inference require native iPhone database confirmation; actor identity not independently proven.,"Verify with native extraction; compare image content, hash, message GUID, and sender/recipient handles."
2024/04/25 14:09:09,Screenshot/Image OCR,EX-185,"Screenshot 2024-04-25 at 2.09.01ΓÇ»PM.jpeg - 2:09 < Drive potential misrepresentation, and legal Cessation of future monthly payments of $128.36 to the Defendant, Rainbow System & Services Gegelman. Additionally, the Plaintiff seeks $275 in damages per ""unqualified",Shows timing and/or sensitive content in an image linked to the TO: Mom message thread.,OCR and HTML direction inference require native iPhone database confirmation; actor identity not independently proven.,"Verify with native extraction; compare image content, hash, message GUID, and sender/recipient handles."
2024/04/25 14:09:22,Screenshot/Image OCR,EX-084,"Screenshot 2024-04-25 at 2.09.15ΓÇ»PM.jpeg - 2:09 < Drive Conclusion and Relief Sought: The Plaintiff requests the court to order the Defendant to fulfill the rebate program's terms, compensate for additional damages, and cover any legal fees incurred by this actio",Shows timing and/or sensitive content in an image linked to the TO: Mom message thread.,OCR and HTML direction inference require native iPhone database confirmation; actor identity not independently proven.,"Verify with native extraction; compare image content, hash, message GUID, and sender/recipient handles."
2024/04/25 14:09:22,Screenshot/Image OCR,EX-186,"Screenshot 2024-04-25 at 2.09.15ΓÇ»PM.jpeg - 2:09 < Drive Conclusion and Relief Sought: The Plaintiff requests the court to order the Defendant to fulfill the rebate program's terms, compensate for additional damages, and cover any legal fees incurred by this actio",Shows timing and/or sensitive content in an image linked to the TO: Mom message thread.,OCR and HTML direction inference require native iPhone database confirmation; actor identity not independently proven.,"Verify with native extraction; compare image content, hash, message GUID, and sender/recipient handles."
2024/04/25 14:10:30,Screenshot/Image OCR,EX-085,Screenshot 2024-04-25 at 2.10.19ΓÇ»PM.jpeg - 300king Date 04/12/2024 04/12/2024 31.93 Debit 04/12/2024 04/12/2024 04/11/2024 04/11/2024 04/11/2024 04/11/2024 5000 Debit 04/11/2024 04/11/2024 04/11/2024 04/10/2024 04/10/2024 04/10/2024 04/09/2024 04/08/2024 9.99 Deb,Shows timing and/or sensitive content in an image linked to the TO: Mom message thread.,OCR and HTML direction inference require native iPhone database confirmation; actor identity not independently proven.,"Verify with native extraction; compare image content, hash, message GUID, and sender/recipient handles."
2024/04/25 14:10:30,Screenshot/Image OCR,EX-187,Screenshot 2024-04-25 at 2.10.19ΓÇ»PM.jpeg - 300king Date 04/12/2024 04/12/2024 31.93 Debit 04/12/2024 04/12/2024 04/11/2024 04/11/2024 04/11/2024 04/11/2024 5000 Debit 04/11/2024 04/11/2024 04/11/2024 04/10/2024 04/10/2024 04/10/2024 04/09/2024 04/08/2024 9.99 Deb,Shows timing and/or sensitive content in an image linked to the TO: Mom message thread.,OCR and HTML direction inference require native iPhone database confirmation; actor identity not independently proven.,"Verify with native extraction; compare image content, hash, message GUID, and sender/recipient handles."
2024/04/25 14:10:46,Screenshot/Image OCR,EX-086,Screenshot 2024-04-25 at 2.10.37ΓÇ»PM.jpeg - Reference G Instructed Curre Currency Exchat Instructed Amou Description Microsoft Michaels Category Online Services Hobbies Electronic Payment Exchange Depo Deposits Electronic Payment Exchange Depo Deposits Payment to ,Shows timing and/or sensitive content in an image linked to the TO: Mom message thread.,OCR and HTML direction inference require native iPhone database confirmation; actor identity not independently proven.,"Verify with native extraction; compare image content, hash, message GUID, and sender/recipient handles."
2024/04/25 14:10:46,Screenshot/Image OCR,EX-188,Screenshot 2024-04-25 at 2.10.37ΓÇ»PM.jpeg - Reference G Instructed Curre Currency Exchat Instructed Amou Description Microsoft Michaels Category Online Services Hobbies Electronic Payment Exchange Depo Deposits Electronic Payment Exchange Depo Deposits Payment to ,Shows timing and/or sensitive content in an image linked to the TO: Mom message thread.,OCR and HTML direction inference require native iPhone database confirmation; actor identity not independently proven.,"Verify with native extraction; compare image content, hash, message GUID, and sender/recipient handles."
2024/04/25 14:11:27,Screenshot/Image OCR,EX-080,"Screenshot 2024-04-25 at 2.08.11ΓÇ»PM.jpeg - 2:08 < Drive payments of $128.36, under the belief that it would significantly benefit his household's health. Issue Statement: The Defendant has failed to honor the referral rebate program despite the Plaintiff fulfilli",Shows timing and/or sensitive content in an image linked to the TO: Mom message thread.,OCR and HTML direction inference require native iPhone database confirmation; actor identity not independently proven.,"Verify with native extraction; compare image content, hash, message GUID, and sender/recipient handles."
2024/04/25 14:11:27,Screenshot/Image OCR,EX-182,"Screenshot 2024-04-25 at 2.08.11ΓÇ»PM.jpeg - 2:08 < Drive payments of $128.36, under the belief that it would significantly benefit his household's health. Issue Statement: The Defendant has failed to honor the referral rebate program despite the Plaintiff fulfilli",Shows timing and/or sensitive content in an image linked to the TO: Mom message thread.,OCR and HTML direction inference require native iPhone database confirmation; actor identity not independently proven.,"Verify with native extraction; compare image content, hash, message GUID, and sender/recipient handles."
2024/04/25 14:11:32,Screenshot/Image OCR,EX-082,"Screenshot 2024-04-25 at 2.08.44ΓÇ»PM.jpeg - 2:08 < Drive engages In n al an po entiä[ly discriminatory practices. Misrepresentation and Unjust Enrichment: By accepting referrals from the Plaintiff, conducting demonstrations, and securing sales, the Defendant has u",Shows timing and/or sensitive content in an image linked to the TO: Mom message thread.,OCR and HTML direction inference require native iPhone database confirmation; actor identity not independently proven.,"Verify with native extraction; compare image content, hash, message GUID, and sender/recipient handles."
2024/04/25 14:11:32,Screenshot/Image OCR,EX-184,"Screenshot 2024-04-25 at 2.08.44ΓÇ»PM.jpeg - 2:08 < Drive engages In n al an po entiä[ly discriminatory practices. Misrepresentation and Unjust Enrichment: By accepting referrals from the Plaintiff, conducting demonstrations, and securing sales, the Defendant has u",Shows timing and/or sensitive content in an image linked to the TO: Mom message thread.,OCR and HTML direction inference require native iPhone database confirmation; actor identity not independently proven.,"Verify with native extraction; compare image content, hash, message GUID, and sender/recipient handles."
2024/04/25 22:43:40,Screenshot/Image OCR,EX-053,Screenshot 2024-04-25 at 10.43.28ΓÇ»PM.jpeg - .11 10:43 Thomas Hurd Request from $DlYWiz $400.00 for DMV for Avalanche Waiting for you to accept this request Open Cash App to approve or decline this request AmOUnt $400.00,Shows timing and/or sensitive content in an image linked to the TO: Mom message thread.,OCR and HTML direction inference require native iPhone database confirmation; actor identity not independently proven.,"Verify with native extraction; compare image content, hash, message GUID, and sender/recipient handles."
2024/04/25 22:43:40,Screenshot/Image OCR,EX-153,Screenshot 2024-04-25 at 10.43.28ΓÇ»PM.jpeg - .11 10:43 Thomas Hurd Request from $DlYWiz $400.00 for DMV for Avalanche Waiting for you to accept this request Open Cash App to approve or decline this request AmOUnt $400.00,Shows timing and/or sensitive content in an image linked to the TO: Mom message thread.,OCR and HTML direction inference require native iPhone database confirmation; actor identity not independently proven.,"Verify with native extraction; compare image content, hash, message GUID, and sender/recipient handles."
2024/04/25 22:44:25,Screenshot/Image OCR,EX-054,Screenshot 2024-04-25 at 10.44.16ΓÇ»PM.jpeg - 10:44 Navy Federal C... 1:20 PM Navy Federal Security Zone: Email for HELO PAYMENT SERVICES LLC Access 1 Good News! You Ive successfully linked your Navy Federal account(s) to the requested third-party service. If you di,Shows timing and/or sensitive content in an image linked to the TO: Mom message thread.,OCR and HTML direction inference require native iPhone database confirmation; actor identity not independently proven.,"Verify with native extraction; compare image content, hash, message GUID, and sender/recipient handles."
2024/04/25 22:44:25,Screenshot/Image OCR,EX-154,Screenshot 2024-04-25 at 10.44.16ΓÇ»PM.jpeg - 10:44 Navy Federal C... 1:20 PM Navy Federal Security Zone: Email for HELO PAYMENT SERVICES LLC Access 1 Good News! You Ive successfully linked your Navy Federal account(s) to the requested third-party service. If you di,Shows timing and/or sensitive content in an image linked to the TO: Mom message thread.,OCR and HTML direction inference require native iPhone database confirmation; actor identity not independently proven.,"Verify with native extraction; compare image content, hash, message GUID, and sender/recipient handles."
2024/04/25 22:45:04,Screenshot/Image OCR,EX-055,Screenshot 2024-04-25 at 10.44.52ΓÇ»PM.jpeg - .11 10:44 Cash App 1:13PM Display images Ariana Posey Payment to $ArianaHurd7 $300.00 for car payment Completed,Shows timing and/or sensitive content in an image linked to the TO: Mom message thread.,OCR and HTML direction inference require native iPhone database confirmation; actor identity not independently proven.,"Verify with native extraction; compare image content, hash, message GUID, and sender/recipient handles."
2024/04/25 22:45:04,Screenshot/Image OCR,EX-155,Screenshot 2024-04-25 at 10.44.52ΓÇ»PM.jpeg - .11 10:44 Cash App 1:13PM Display images Ariana Posey Payment to $ArianaHurd7 $300.00 for car payment Completed,Shows timing and/or sensitive content in an image linked to the TO: Mom message thread.,OCR and HTML direction inference require native iPhone database confirmation; actor identity not independently proven.,"Verify with native extraction; compare image content, hash, message GUID, and sender/recipient handles."
2024/04/25 22:47:20,Screenshot/Image OCR,EX-056,Screenshot 2024-04-25 at 10.47.08ΓÇ»PM.jpeg - M Gmail D D D D D D D D D D D D [lmap]/Drafts Call log Dr Bowers Google Adwords Help Google Voice Groupon hello@amoupon.com hello@bodywraps.net hello@helowater.org hello@lovesbeauty.org hello@loveshealth.com Hyperbaric 8,Shows timing and/or sensitive content in an image linked to the TO: Mom message thread.,OCR and HTML direction inference require native iPhone database confirmation; actor identity not independently proven.,"Verify with native extraction; compare image content, hash, message GUID, and sender/recipient handles."
2024/04/25 22:47:20,Screenshot/Image OCR,EX-156,Screenshot 2024-04-25 at 10.47.08ΓÇ»PM.jpeg - M Gmail D D D D D D D D D D D D [lmap]/Drafts Call log Dr Bowers Google Adwords Help Google Voice Groupon hello@amoupon.com hello@bodywraps.net hello@helowater.org hello@lovesbeauty.org hello@loveshealth.com Hyperbaric 8,Shows timing and/or sensitive content in an image linked to the TO: Mom message thread.,OCR and HTML direction inference require native iPhone database confirmation; actor identity not independently proven.,"Verify with native extraction; compare image content, hash, message GUID, and sender/recipient handles."
2024/04/25 22:49:20,Screenshot/Image OCR,EX-057,"Screenshot 2024-04-25 at 10.49.04ΓÇ»PM.jpeg - .11 e)) 10:49 < 2021 Taxes Name venmo_statement (1) Modified Jan 17, 2022 venmo_statement (l).csv Modified Jan 17, 2022 venmo_statement (2) Modified Jan 17, 2022 venmo_statement (2) Modified Jan 17, 2022 venmo_statement ",Shows timing and/or sensitive content in an image linked to the TO: Mom message thread.,OCR and HTML direction inference require native iPhone database confirmation; actor identity not independently proven.,"Verify with native extraction; compare image content, hash, message GUID, and sender/recipient handles."
2024/04/25 22:49:20,Screenshot/Image OCR,EX-157,"Screenshot 2024-04-25 at 10.49.04ΓÇ»PM.jpeg - .11 e)) 10:49 < 2021 Taxes Name venmo_statement (1) Modified Jan 17, 2022 venmo_statement (l).csv Modified Jan 17, 2022 venmo_statement (2) Modified Jan 17, 2022 venmo_statement (2) Modified Jan 17, 2022 venmo_statement ",Shows timing and/or sensitive content in an image linked to the TO: Mom message thread.,OCR and HTML direction inference require native iPhone database confirmation; actor identity not independently proven.,"Verify with native extraction; compare image content, hash, message GUID, and sender/recipient handles."
2024/04/25 22:51:18,Screenshot/Image OCR,EX-058,Screenshot 2024-04-25 at 10.51.08ΓÇ»PM.jpeg - From Keegan Hurd Keegan Hurd Keegan Hurd Keegan Hurd Keegan Hurd Keegan Hurd Keegan Hurd 3r d Keegan Hurd Keegan Hurd Keegan Hurd Keegan Hurd 1! Keegan Hurd me Keegan Hurd Keegan Hurd Keegan Hurd Keegan Hurd Keegan Hurd ,Shows timing and/or sensitive content in an image linked to the TO: Mom message thread.,OCR and HTML direction inference require native iPhone database confirmation; actor identity not independently proven.,"Verify with native extraction; compare image content, hash, message GUID, and sender/recipient handles."
2024/04/25 22:51:18,Screenshot/Image OCR,EX-158,Screenshot 2024-04-25 at 10.51.08ΓÇ»PM.jpeg - From Keegan Hurd Keegan Hurd Keegan Hurd Keegan Hurd Keegan Hurd Keegan Hurd Keegan Hurd 3r d Keegan Hurd Keegan Hurd Keegan Hurd Keegan Hurd 1! Keegan Hurd me Keegan Hurd Keegan Hurd Keegan Hurd Keegan Hurd Keegan Hurd ,Shows timing and/or sensitive content in an image linked to the TO: Mom message thread.,OCR and HTML direction inference require native iPhone database confirmation; actor identity not independently proven.,"Verify with native extraction; compare image content, hash, message GUID, and sender/recipient handles."
2024/04/25 22:54:19,Screenshot/Image OCR,EX-059,"Screenshot 2024-04-25 at 10.54.08ΓÇ»PM.jpeg - Untitled spreadsheet 1st/Last + $5k Staging 2 3 4 5 6 7 8 9 IO 11 12 13 14 15 16 10:54 x Jan Feb Mar Apr May Jun Jul Aug Sep Oct Nov Dec $199 $285 $443 $263 $209 $285 $365 $217 $134 $154 $149 $181 $6,161 $7,992 $13,728 $",Shows timing and/or sensitive content in an image linked to the TO: Mom message thread.,OCR and HTML direction inference require native iPhone database confirmation; actor identity not independently proven.,"Verify with native extraction; compare image content, hash, message GUID, and sender/recipient handles."
2024/04/25 22:54:19,Screenshot/Image OCR,EX-159,"Screenshot 2024-04-25 at 10.54.08ΓÇ»PM.jpeg - Untitled spreadsheet 1st/Last + $5k Staging 2 3 4 5 6 7 8 9 IO 11 12 13 14 15 16 10:54 x Jan Feb Mar Apr May Jun Jul Aug Sep Oct Nov Dec $199 $285 $443 $263 $209 $285 $365 $217 $134 $154 $149 $181 $6,161 $7,992 $13,728 $",Shows timing and/or sensitive content in an image linked to the TO: Mom message thread.,OCR and HTML direction inference require native iPhone database confirmation; actor identity not independently proven.,"Verify with native extraction; compare image content, hash, message GUID, and sender/recipient handles."
2024/04/25 22:54:52,Screenshot/Image OCR,EX-060,"Screenshot 2024-04-25 at 10.54.37ΓÇ»PM.jpeg - 10:54 Search in Drive My Drive Name 12-26-75 Modified Jun 12, 2017 2021 Taxes Modified Jan 17, 2022 Abhishek Gupta Modified Feb 4, 2020 AirBnb Modified Sep 13, 2022 Allstar Nutrition Modified Jan 5, 2021 Computers Amazin",Shows timing and/or sensitive content in an image linked to the TO: Mom message thread.,OCR and HTML direction inference require native iPhone database confirmation; actor identity not independently proven.,"Verify with native extraction; compare image content, hash, message GUID, and sender/recipient handles."
2024/04/25 22:54:52,Screenshot/Image OCR,EX-160,"Screenshot 2024-04-25 at 10.54.37ΓÇ»PM.jpeg - 10:54 Search in Drive My Drive Name 12-26-75 Modified Jun 12, 2017 2021 Taxes Modified Jan 17, 2022 Abhishek Gupta Modified Feb 4, 2020 AirBnb Modified Sep 13, 2022 Allstar Nutrition Modified Jan 5, 2021 Computers Amazin",Shows timing and/or sensitive content in an image linked to the TO: Mom message thread.,OCR and HTML direction inference require native iPhone database confirmation; actor identity not independently proven.,"Verify with native extraction; compare image content, hash, message GUID, and sender/recipient handles."
2024/04/25 23:05:49,Screenshot/Image OCR,EX-061,"Screenshot 2024-04-25 at 11.05.37ΓÇ»PM.jpeg - 11:05 < Drive Search in Docs Work offline Now you can create, open, and edit recent files on C) this device while offline. You can change this later in Docs settings. Last opened by me V Lis* n nn tel We'. t. a big, day ",Shows timing and/or sensitive content in an image linked to the TO: Mom message thread.,OCR and HTML direction inference require native iPhone database confirmation; actor identity not independently proven.,"Verify with native extraction; compare image content, hash, message GUID, and sender/recipient handles."
2024/04/25 23:05:49,Screenshot/Image OCR,EX-161,"Screenshot 2024-04-25 at 11.05.37ΓÇ»PM.jpeg - 11:05 < Drive Search in Docs Work offline Now you can create, open, and edit recent files on C) this device while offline. You can change this later in Docs settings. Last opened by me V Lis* n nn tel We'. t. a big, day ",Shows timing and/or sensitive content in an image linked to the TO: Mom message thread.,OCR and HTML direction inference require native iPhone database confirmation; actor identity not independently proven.,"Verify with native extraction; compare image content, hash, message GUID, and sender/recipient handles."
2024/04/26 06:10:08,Screenshot/Image OCR,EX-087,Screenshot 2024-04-26 at 6.09.57ΓÇ»AM.jpeg - 6:09 Navy Federal C... 3:03 AM @ NAVY FEDERAL CREDIT UNION Navy Federal Security Zone: Email for HELO I Access Whoo Hoo! Your Funds Are Available Great news! The funds you recently deposited are available now in your acc,Shows timing and/or sensitive content in an image linked to the TO: Mom message thread.,OCR and HTML direction inference require native iPhone database confirmation; actor identity not independently proven.,"Verify with native extraction; compare image content, hash, message GUID, and sender/recipient handles."
2024/04/26 06:10:08,Screenshot/Image OCR,EX-189,Screenshot 2024-04-26 at 6.09.57ΓÇ»AM.jpeg - 6:09 Navy Federal C... 3:03 AM @ NAVY FEDERAL CREDIT UNION Navy Federal Security Zone: Email for HELO I Access Whoo Hoo! Your Funds Are Available Great news! The funds you recently deposited are available now in your acc,Shows timing and/or sensitive content in an image linked to the TO: Mom message thread.,OCR and HTML direction inference require native iPhone database confirmation; actor identity not independently proven.,"Verify with native extraction; compare image content, hash, message GUID, and sender/recipient handles."
2024/04/26 06:11:24,Screenshot/Image OCR,EX-088,Screenshot 2024-04-26 at 6.11.07ΓÇ»AM.jpeg - 6:11 Jonathan Braese requests you back on the 3rd! Pleeeaze! Inbox Venmo Apr 25 Display images venmo venmo Jonathan Braese requests $22.00 I'm good for it. I'll pay you back on the 3rd! Pleeeaze! Complete Charge Venmo is,Shows timing and/or sensitive content in an image linked to the TO: Mom message thread.,OCR and HTML direction inference require native iPhone database confirmation; actor identity not independently proven.,"Verify with native extraction; compare image content, hash, message GUID, and sender/recipient handles."
2024/04/26 06:11:24,Screenshot/Image OCR,EX-190,Screenshot 2024-04-26 at 6.11.07ΓÇ»AM.jpeg - 6:11 Jonathan Braese requests you back on the 3rd! Pleeeaze! Inbox Venmo Apr 25 Display images venmo venmo Jonathan Braese requests $22.00 I'm good for it. I'll pay you back on the 3rd! Pleeeaze! Complete Charge Venmo is,Shows timing and/or sensitive content in an image linked to the TO: Mom message thread.,OCR and HTML direction inference require native iPhone database confirmation; actor identity not independently proven.,"Verify with native extraction; compare image content, hash, message GUID, and sender/recipient handles."
2024/04/26 06:11:58,Screenshot/Image OCR,EX-089,Screenshot 2024-04-26 at 6.11.46ΓÇ»AM.jpeg - 6:11 Jonathan Braese requests $22.00 - Micro+xfer - I have work tomorrow I can send 40!!! help a brother out!!! Inbox Venmo Apr 25 Display images venmo venmo Jonathan Braese requests $22.00 Micro+xfer - I have work tomor,Shows timing and/or sensitive content in an image linked to the TO: Mom message thread.,OCR and HTML direction inference require native iPhone database confirmation; actor identity not independently proven.,"Verify with native extraction; compare image content, hash, message GUID, and sender/recipient handles."
2024/04/26 06:11:58,Screenshot/Image OCR,EX-191,Screenshot 2024-04-26 at 6.11.46ΓÇ»AM.jpeg - 6:11 Jonathan Braese requests $22.00 - Micro+xfer - I have work tomorrow I can send 40!!! help a brother out!!! Inbox Venmo Apr 25 Display images venmo venmo Jonathan Braese requests $22.00 Micro+xfer - I have work tomor,Shows timing and/or sensitive content in an image linked to the TO: Mom message thread.,OCR and HTML direction inference require native iPhone database confirmation; actor identity not independently proven.,"Verify with native extraction; compare image content, hash, message GUID, and sender/recipient handles."
2024/04/26 06:13:39,Screenshot/Image OCR,EX-090,"Screenshot 2024-04-26 at 6.13.25ΓÇ»AM.jpeg - 6:13 Venmo Apr 8 Display images venmo You paid Jonathan Braese Transfer Date and Amount: - $350.00 Apr 08, 2024 PDT n Like Comment Completed via your Venmo balance. Payment D: 4041947006855657709 Invite Friends! For any ",Shows timing and/or sensitive content in an image linked to the TO: Mom message thread.,OCR and HTML direction inference require native iPhone database confirmation; actor identity not independently proven.,"Verify with native extraction; compare image content, hash, message GUID, and sender/recipient handles."
2024/04/26 06:13:39,Screenshot/Image OCR,EX-192,"Screenshot 2024-04-26 at 6.13.25ΓÇ»AM.jpeg - 6:13 Venmo Apr 8 Display images venmo You paid Jonathan Braese Transfer Date and Amount: - $350.00 Apr 08, 2024 PDT n Like Comment Completed via your Venmo balance. Payment D: 4041947006855657709 Invite Friends! For any ",Shows timing and/or sensitive content in an image linked to the TO: Mom message thread.,OCR and HTML direction inference require native iPhone database confirmation; actor identity not independently proven.,"Verify with native extraction; compare image content, hash, message GUID, and sender/recipient handles."
2024/04/26 06:14:25,Screenshot/Image OCR,EX-091,"Screenshot 2024-04-26 at 6.14.13ΓÇ»AM.jpeg - 6:14 You paid Jonathan Braese $21.00 Inbox Venmo Apr 2 Display images venmo You paid Jonathan Braese not Transfer Date and Amount: - $21.00 Apr 02, 2024 PDT Like Comment Completed via your Venmo balance. Payment D: 40375",Shows timing and/or sensitive content in an image linked to the TO: Mom message thread.,OCR and HTML direction inference require native iPhone database confirmation; actor identity not independently proven.,"Verify with native extraction; compare image content, hash, message GUID, and sender/recipient handles."
2024/04/26 06:14:25,Screenshot/Image OCR,EX-193,"Screenshot 2024-04-26 at 6.14.13ΓÇ»AM.jpeg - 6:14 You paid Jonathan Braese $21.00 Inbox Venmo Apr 2 Display images venmo You paid Jonathan Braese not Transfer Date and Amount: - $21.00 Apr 02, 2024 PDT Like Comment Completed via your Venmo balance. Payment D: 40375",Shows timing and/or sensitive content in an image linked to the TO: Mom message thread.,OCR and HTML direction inference require native iPhone database confirmation; actor identity not independently proven.,"Verify with native extraction; compare image content, hash, message GUID, and sender/recipient handles."
2024/04/26 06:15:38,Screenshot/Image OCR,EX-092,"Screenshot 2024-04-26 at 6.15.30ΓÇ»AM.jpeg - 6:15 You completed Jonathan Braesels $22.00 charge request Inbox Venmo Apr 20 Display images venmo Jonathan Braese charged You Micro plus transfer Transfer Date and Amount: - $22.00 Apr 20, 2024 PDT n Like Comment Paid v",Shows timing and/or sensitive content in an image linked to the TO: Mom message thread.,OCR and HTML direction inference require native iPhone database confirmation; actor identity not independently proven.,"Verify with native extraction; compare image content, hash, message GUID, and sender/recipient handles."
2024/04/26 06:15:38,Screenshot/Image OCR,EX-194,"Screenshot 2024-04-26 at 6.15.30ΓÇ»AM.jpeg - 6:15 You completed Jonathan Braesels $22.00 charge request Inbox Venmo Apr 20 Display images venmo Jonathan Braese charged You Micro plus transfer Transfer Date and Amount: - $22.00 Apr 20, 2024 PDT n Like Comment Paid v",Shows timing and/or sensitive content in an image linked to the TO: Mom message thread.,OCR and HTML direction inference require native iPhone database confirmation; actor identity not independently proven.,"Verify with native extraction; compare image content, hash, message GUID, and sender/recipient handles."
2024/04/26 06:17:50,Screenshot/Image OCR,EX-093,Screenshot 2024-04-26 at 6.17.32ΓÇ»AM.jpeg - 6:17 Label Jonathan From Attachment Top results Venmo x Apr 25 Jonathan Braese requests $22.00 -... Jonathan Braese requests $22.00... Inbox The Convention of States Team Apr 24 Here's your invitation... Jonathan's wide-,Shows timing and/or sensitive content in an image linked to the TO: Mom message thread.,OCR and HTML direction inference require native iPhone database confirmation; actor identity not independently proven.,"Verify with native extraction; compare image content, hash, message GUID, and sender/recipient handles."
2024/04/26 06:17:50,Screenshot/Image OCR,EX-195,Screenshot 2024-04-26 at 6.17.32ΓÇ»AM.jpeg - 6:17 Label Jonathan From Attachment Top results Venmo x Apr 25 Jonathan Braese requests $22.00 -... Jonathan Braese requests $22.00... Inbox The Convention of States Team Apr 24 Here's your invitation... Jonathan's wide-,Shows timing and/or sensitive content in an image linked to the TO: Mom message thread.,OCR and HTML direction inference require native iPhone database confirmation; actor identity not independently proven.,"Verify with native extraction; compare image content, hash, message GUID, and sender/recipient handles."
2024/04/26 06:18:09,Screenshot/Image OCR,EX-094,"Screenshot 2024-04-26 at 6.17.59ΓÇ»AM.jpeg - 6:17 Label Jonathan From x Attachment Reminder: Jonathan Braese requests... venmo""/> Jonathan Braese reque... Inbox Venmo Jonathan Braese requests $22.00 -... Apr 25 venmo""/> Jonathan Braese reque... Inbox The Convention",Shows timing and/or sensitive content in an image linked to the TO: Mom message thread.,OCR and HTML direction inference require native iPhone database confirmation; actor identity not independently proven.,"Verify with native extraction; compare image content, hash, message GUID, and sender/recipient handles."
2024/04/26 06:18:09,Screenshot/Image OCR,EX-196,"Screenshot 2024-04-26 at 6.17.59ΓÇ»AM.jpeg - 6:17 Label Jonathan From x Attachment Reminder: Jonathan Braese requests... venmo""/> Jonathan Braese reque... Inbox Venmo Jonathan Braese requests $22.00 -... Apr 25 venmo""/> Jonathan Braese reque... Inbox The Convention",Shows timing and/or sensitive content in an image linked to the TO: Mom message thread.,OCR and HTML direction inference require native iPhone database confirmation; actor identity not independently proven.,"Verify with native extraction; compare image content, hash, message GUID, and sender/recipient handles."
2024/04/26 06:18:27,Screenshot/Image OCR,EX-095,"Screenshot 2024-04-26 at 6.18.18ΓÇ»AM.jpeg - 6:18 Label Jonathan From Venmo .11 Attachment x Apr 20 Jonathan Braese requests $22.00 -... venmo""/> Jonathan Braese reque... Inbox Venmo Apr 20 Jonathan Braese wants to be friends... Jonathan Braese wants to be frien...",Shows timing and/or sensitive content in an image linked to the TO: Mom message thread.,OCR and HTML direction inference require native iPhone database confirmation; actor identity not independently proven.,"Verify with native extraction; compare image content, hash, message GUID, and sender/recipient handles."
2024/04/26 06:18:27,Screenshot/Image OCR,EX-197,"Screenshot 2024-04-26 at 6.18.18ΓÇ»AM.jpeg - 6:18 Label Jonathan From Venmo .11 Attachment x Apr 20 Jonathan Braese requests $22.00 -... venmo""/> Jonathan Braese reque... Inbox Venmo Apr 20 Jonathan Braese wants to be friends... Jonathan Braese wants to be frien...",Shows timing and/or sensitive content in an image linked to the TO: Mom message thread.,OCR and HTML direction inference require native iPhone database confirmation; actor identity not independently proven.,"Verify with native extraction; compare image content, hash, message GUID, and sender/recipient handles."
2024/04/26 06:18:51,Screenshot/Image OCR,EX-096,"Screenshot 2024-04-26 at 6.18.40ΓÇ»AM.jpeg - 6:18 Label 40 Jonathan From 1440 Daily Digest .11 •:D) x Attachment Apr 9 Student Debt, Huskies Win, and Volc... > Actor Jonathan Majors avoids jai... Inbox Venmo You paid Jonathan Braese $350.00 You paid Jonathan Braese",Shows timing and/or sensitive content in an image linked to the TO: Mom message thread.,OCR and HTML direction inference require native iPhone database confirmation; actor identity not independently proven.,"Verify with native extraction; compare image content, hash, message GUID, and sender/recipient handles."
2024/04/26 06:18:51,Screenshot/Image OCR,EX-198,"Screenshot 2024-04-26 at 6.18.40ΓÇ»AM.jpeg - 6:18 Label 40 Jonathan From 1440 Daily Digest .11 •:D) x Attachment Apr 9 Student Debt, Huskies Win, and Volc... > Actor Jonathan Majors avoids jai... Inbox Venmo You paid Jonathan Braese $350.00 You paid Jonathan Braese",Shows timing and/or sensitive content in an image linked to the TO: Mom message thread.,OCR and HTML direction inference require native iPhone database confirmation; actor identity not independently proven.,"Verify with native extraction; compare image content, hash, message GUID, and sender/recipient handles."
2024/04/26 06:24:37,Screenshot/Image OCR,EX-097,"Screenshot 2024-04-26 at 6.24.27ΓÇ»AM.jpeg - 6:24 Label OJI Ariana From x Attachment Check. Ariana's Email. Sincerely,... Inbox Received 4 days ago. Reply? Cash App Apr 25 You sent $300 to Ariana Posey for ca... You sent $300 to Ariana Posey To... Inbox Yahoo Apr 2",Shows timing and/or sensitive content in an image linked to the TO: Mom message thread.,OCR and HTML direction inference require native iPhone database confirmation; actor identity not independently proven.,"Verify with native extraction; compare image content, hash, message GUID, and sender/recipient handles."
2024/04/26 06:24:37,Screenshot/Image OCR,EX-199,"Screenshot 2024-04-26 at 6.24.27ΓÇ»AM.jpeg - 6:24 Label OJI Ariana From x Attachment Check. Ariana's Email. Sincerely,... Inbox Received 4 days ago. Reply? Cash App Apr 25 You sent $300 to Ariana Posey for ca... You sent $300 to Ariana Posey To... Inbox Yahoo Apr 2",Shows timing and/or sensitive content in an image linked to the TO: Mom message thread.,OCR and HTML direction inference require native iPhone database confirmation; actor identity not independently proven.,"Verify with native extraction; compare image content, hash, message GUID, and sender/recipient handles."
2024/04/26 06:25:33,Screenshot/Image OCR,EX-098,Screenshot 2024-04-26 at 6.25.25ΓÇ»AM.jpeg - 6:25 Ariana Posey Payment to $ArianaHurd7 $300.00 for car payment ArnOUnt Source Identifier To From Completed $300.00 Cash #5V496WP Ariana Posey Keegan Report Problem,Shows timing and/or sensitive content in an image linked to the TO: Mom message thread.,OCR and HTML direction inference require native iPhone database confirmation; actor identity not independently proven.,"Verify with native extraction; compare image content, hash, message GUID, and sender/recipient handles."
2024/04/26 06:25:33,Screenshot/Image OCR,EX-200,Screenshot 2024-04-26 at 6.25.25ΓÇ»AM.jpeg - 6:25 Ariana Posey Payment to $ArianaHurd7 $300.00 for car payment ArnOUnt Source Identifier To From Completed $300.00 Cash #5V496WP Ariana Posey Keegan Report Problem,Shows timing and/or sensitive content in an image linked to the TO: Mom message thread.,OCR and HTML direction inference require native iPhone database confirmation; actor identity not independently proven.,"Verify with native extraction; compare image content, hash, message GUID, and sender/recipient handles."
POPD interview date not confirmed in local packet,Provided POPD excerpt,EX-202,"POPD reported statement excerpt - Robin stated she vaguely recalls going through her oldest son's, Elijah, phone as with all of her kids' phones. It is a rule in her home that she has all passwords on her kids' phones and she does random parental sweeps ",Reported statement aligns with evidence of screenshot/PDF transmission but must be verified against official POPD/Axon source.,Not independently verified from a local POPD report/audio file in this packet.,Obtain official POPD supplement and Axon Capture audio/video.
